TORCHFORT::WANDB: model: rlwm, step: 1, reward_sum: 1523.85
TORCHFORT::WANDB: model: rlwm, step: 1, reward_sum: 1523.85
TORCHFORT::WANDB: model: rlwm, step: 1, reward_sum: 1523.85
TORCHFORT::WANDB: model: rlwm, step: 1, reward_sum: 1523.85
TORCHFORT::WANDB: model: rlwm, step: 1, reward_sum: 1523.85
TORCHFORT::WANDB: model: rlwm, step: 1, reward_sum: 1523.85
TORCHFORT::WANDB: model: rlwm, step: 1, reward_sum: 1523.85
TORCHFORT::WANDB: model: rlwm, step: 1, reward_sum: 1523.85
TORCHFORT::WANDB: model: rlwm, step: 2, reward_sum: 1570.22
TORCHFORT::WANDB: model: rlwm, step: 2, reward_sum: 1570.22
TORCHFORT::WANDB: model: rlwm, step: 2, reward_sum: 1570.22
TORCHFORT::WANDB: model: rlwm, step: 2, reward_sum: 1570.22
TORCHFORT::WANDB: model: rlwm, step: 2, reward_sum: 1570.22
TORCHFORT::WANDB: model: rlwm, step: 2, reward_sum: 1570.22
TORCHFORT::WANDB: model: rlwm, step: 2, reward_sum: 1570.22
TORCHFORT::WANDB: model: rlwm, step: 2, reward_sum: 1570.22
TORCHFORT::WANDB: model: rlwm, step: 1, reward_sum: 1523.85
TORCHFORT::WANDB: model: rlwm, step: 1, reward_sum: 1523.85
TORCHFORT::WANDB: model: rlwm, step: 1, reward_sum: 1523.85
TORCHFORT::WANDB: model: rlwm, step: 1, reward_sum: 1523.85
TORCHFORT::WANDB: model: rlwm, step: 1, reward_sum: 1523.85
TORCHFORT::WANDB: model: rlwm, step: 1, reward_sum: 1523.85
TORCHFORT::WANDB: model: rlwm, step: 1, reward_sum: 1523.85
TORCHFORT::WANDB: model: rlwm, step: 1, reward_sum: 1523.85
TORCHFORT::WANDB: model: rlwm, step: 2, reward_sum: 1570.22
TORCHFORT::WANDB: model: rlwm, step: 2, reward_sum: 1570.22
TORCHFORT::WANDB: model: rlwm, step: 2, reward_sum: 1570.22
TORCHFORT::WANDB: model: rlwm, step: 2, reward_sum: 1570.22
TORCHFORT::WANDB: model: rlwm, step: 2, reward_sum: 1570.22
TORCHFORT::WANDB: model: rlwm, step: 2, reward_sum: 1570.22
TORCHFORT::WANDB: model: rlwm, step: 2, reward_sum: 1570.22
TORCHFORT::WANDB: model: rlwm, step: 2, reward_sum: 1570.22
TORCHFORT::WANDB: model: rlwm, step: 3, reward_sum: 1492.51
TORCHFORT::WANDB: model: rlwm, step: 3, reward_sum: 1492.51
TORCHFORT::WANDB: model: rlwm, step: 3, reward_sum: 1492.51
TORCHFORT::WANDB: model: rlwm, step: 3, reward_sum: 1492.51
TORCHFORT::WANDB: model: rlwm, step: 3, reward_sum: 1492.51
TORCHFORT::WANDB: model: rlwm, step: 3, reward_sum: 1492.51
TORCHFORT::WANDB: model: rlwm, step: 3, reward_sum: 1492.51
TORCHFORT::WANDB: model: rlwm, step: 3, reward_sum: 1492.51
TORCHFORT::WANDB: model: rlwm, step: 4, reward_sum: 1726.08
TORCHFORT::WANDB: model: rlwm, step: 4, reward_sum: 1726.08
TORCHFORT::WANDB: model: rlwm, step: 4, reward_sum: 1726.08
TORCHFORT::WANDB: model: rlwm, step: 4, reward_sum: 1726.08
TORCHFORT::WANDB: model: rlwm, step: 4, reward_sum: 1726.08
TORCHFORT::WANDB: model: rlwm, step: 4, reward_sum: 1726.08
TORCHFORT::WANDB: model: rlwm, step: 4, reward_sum: 1726.08
TORCHFORT::WANDB: model: rlwm, step: 4, reward_sum: 1726.08
TORCHFORT::WANDB: model: rlwm, step: 5, reward_sum: 1566.12
TORCHFORT::WANDB: model: rlwm, step: 5, reward_sum: 1566.12
TORCHFORT::WANDB: model: rlwm, step: 5, reward_sum: 1566.12
TORCHFORT::WANDB: model: rlwm, step: 5, reward_sum: 1566.12
TORCHFORT::WANDB: model: rlwm, step: 5, reward_sum: 1566.12
TORCHFORT::WANDB: model: rlwm, step: 5, reward_sum: 1566.12
TORCHFORT::WANDB: model: rlwm, step: 5, reward_sum: 1566.12
TORCHFORT::WANDB: model: rlwm, step: 5, reward_sum: 1566.12
TORCHFORT::WANDB: model: rlwm, step: 6, reward_sum: 1628.9
TORCHFORT::WANDB: model: rlwm, step: 6, reward_sum: 1628.9
TORCHFORT::WANDB: model: rlwm, step: 6, reward_sum: 1628.9
TORCHFORT::WANDB: model: rlwm, step: 6, reward_sum: 1628.9
TORCHFORT::WANDB: model: rlwm, step: 6, reward_sum: 1628.9
TORCHFORT::WANDB: model: rlwm, step: 6, reward_sum: 1628.9
TORCHFORT::WANDB: model: rlwm, step: 6, reward_sum: 1628.9
TORCHFORT::WANDB: model: rlwm, step: 6, reward_sum: 1628.9
TORCHFORT::WANDB: model: rlwm, step: 7, reward_sum: 1613.72
TORCHFORT::WANDB: model: rlwm, step: 7, reward_sum: 1613.72
TORCHFORT::WANDB: model: rlwm, step: 7, reward_sum: 1613.72
TORCHFORT::WANDB: model: rlwm, step: 7, reward_sum: 1613.72
TORCHFORT::WANDB: model: rlwm, step: 7, reward_sum: 1613.72
TORCHFORT::WANDB: model: rlwm, step: 7, reward_sum: 1613.72
TORCHFORT::WANDB: model: rlwm, step: 7, reward_sum: 1613.72
TORCHFORT::WANDB: model: rlwm, step: 7, reward_sum: 1613.72
TORCHFORT::WANDB: model: rlwm, step: 8, reward_sum: 1530.77
TORCHFORT::WANDB: model: rlwm, step: 8, reward_sum: 1530.77
TORCHFORT::WANDB: model: rlwm, step: 8, reward_sum: 1530.77
TORCHFORT::WANDB: model: rlwm, step: 8, reward_sum: 1530.77
TORCHFORT::WANDB: model: rlwm, step: 8, reward_sum: 1530.77
TORCHFORT::WANDB: model: rlwm, step: 8, reward_sum: 1530.77
TORCHFORT::WANDB: model: rlwm, step: 8, reward_sum: 1530.77
TORCHFORT::WANDB: model: rlwm, step: 8, reward_sum: 1530.77
TORCHFORT::WANDB: model: rlwm, step: 9, reward_sum: 1420.29
TORCHFORT::WANDB: model: rlwm, step: 9, reward_sum: 1420.29
TORCHFORT::WANDB: model: rlwm, step: 9, reward_sum: 1420.29
TORCHFORT::WANDB: model: rlwm, step: 9, reward_sum: 1420.29
TORCHFORT::WANDB: model: rlwm, step: 9, reward_sum: 1420.29
TORCHFORT::WANDB: model: rlwm, step: 9, reward_sum: 1420.29
TORCHFORT::WANDB: model: rlwm, step: 9, reward_sum: 1420.29
TORCHFORT::WANDB: model: rlwm, step: 9, reward_sum: 1420.29
TORCHFORT::WANDB: model: rlwm, step: 10, reward_sum: 1445.55
TORCHFORT::WANDB: model: rlwm, step: 10, reward_sum: 1445.55
TORCHFORT::WANDB: model: rlwm, step: 10, reward_sum: 1445.55
TORCHFORT::WANDB: model: rlwm, step: 10, reward_sum: 1445.55
TORCHFORT::WANDB: model: rlwm, step: 10, reward_sum: 1445.55
TORCHFORT::WANDB: model: rlwm, step: 10, reward_sum: 1445.55
TORCHFORT::WANDB: model: rlwm, step: 10, reward_sum: 1445.55
TORCHFORT::WANDB: model: rlwm, step: 10, reward_sum: 1445.55
TORCHFORT::WANDB: model: critic_0, step: 1, train_loss: 0.239641
TORCHFORT::WANDB: model: critic_0, step: 1, train_lr: 0.001
TORCHFORT::WANDB: model: actor, step: 1, train_loss: -1.07883
TORCHFORT::WANDB: model: actor, step: 1, train_lr: 0.001
TORCHFORT::WANDB: model: alpha, step: 1, train_loss: -2.44709
TORCHFORT::WANDB: model: alpha, step: 1, train_lr: 0.0001
TORCHFORT::WANDB: model: critic_0, step: 2, train_loss: 0.224296
TORCHFORT::WANDB: model: critic_0, step: 2, train_lr: 0.001
TORCHFORT::WANDB: model: actor, step: 2, train_loss: -1.07332
TORCHFORT::WANDB: model: actor, step: 2, train_lr: 0.001
TORCHFORT::WANDB: model: alpha, step: 2, train_loss: -2.54847
TORCHFORT::WANDB: model: alpha, step: 2, train_lr: 0.0001
TORCHFORT::WANDB: model: critic_0, step: 3, train_loss: 0.240098
TORCHFORT::WANDB: model: critic_0, step: 3, train_lr: 0.001
TORCHFORT::WANDB: model: actor, step: 3, train_loss: -1.1106
TORCHFORT::WANDB: model: actor, step: 3, train_lr: 0.001
TORCHFORT::WANDB: model: alpha, step: 3, train_loss: -2.62472
TORCHFORT::WANDB: model: alpha, step: 3, train_lr: 0.0001
TORCHFORT::WANDB: model: critic_0, step: 4, train_loss: 0.229603
TORCHFORT::WANDB: model: critic_0, step: 4, train_lr: 0.001
TORCHFORT::WANDB: model: actor, step: 4, train_loss: -1.16153
TORCHFORT::WANDB: model: actor, step: 4, train_lr: 0.001
TORCHFORT::WANDB: model: alpha, step: 4, train_loss: -2.66714
TORCHFORT::WANDB: model: alpha, step: 4, train_lr: 0.0001
TORCHFORT::WANDB: model: critic_0, step: 5, train_loss: 0.234259
TORCHFORT::WANDB: model: critic_0, step: 5, train_lr: 0.001
TORCHFORT::WANDB: model: actor, step: 5, train_loss: -1.21144
TORCHFORT::WANDB: model: actor, step: 5, train_lr: 0.001
TORCHFORT::WANDB: model: alpha, step: 5, train_loss: -2.67819
TORCHFORT::WANDB: model: alpha, step: 5, train_lr: 0.0001
TORCHFORT::WANDB: model: critic_0, step: 6, train_loss: 0.227969
TORCHFORT::WANDB: model: critic_0, step: 6, train_lr: 0.001
TORCHFORT::WANDB: model: actor, step: 6, train_loss: -1.21604
TORCHFORT::WANDB: model: actor, step: 6, train_lr: 0.001
TORCHFORT::WANDB: model: alpha, step: 6, train_loss: -2.69025
TORCHFORT::WANDB: model: alpha, step: 6, train_lr: 0.0001
TORCHFORT::WANDB: model: critic_0, step: 7, train_loss: 0.215602
TORCHFORT::WANDB: model: critic_0, step: 7, train_lr: 0.001
TORCHFORT::WANDB: model: actor, step: 7, train_loss: -1.20151
TORCHFORT::WANDB: model: actor, step: 7, train_lr: 0.001
TORCHFORT::WANDB: model: alpha, step: 7, train_loss: -2.68724
TORCHFORT::WANDB: model: alpha, step: 7, train_lr: 0.0001
TORCHFORT::WANDB: model: critic_0, step: 8, train_loss: 0.227044
TORCHFORT::WANDB: model: critic_0, step: 8, train_lr: 0.001
TORCHFORT::WANDB: model: actor, step: 8, train_loss: -1.1892
TORCHFORT::WANDB: model: actor, step: 8, train_lr: 0.001
TORCHFORT::WANDB: model: alpha, step: 8, train_loss: -2.67957
TORCHFORT::WANDB: model: alpha, step: 8, train_lr: 0.0001
TORCHFORT::WANDB: model: critic_0, step: 9, train_loss: 0.232513
TORCHFORT::WANDB: model: critic_0, step: 9, train_lr: 0.001
TORCHFORT::WANDB: model: actor, step: 9, train_loss: -1.15701
TORCHFORT::WANDB: model: actor, step: 9, train_lr: 0.001
TORCHFORT::WANDB: model: alpha, step: 9, train_loss: -2.6737
TORCHFORT::WANDB: model: alpha, step: 9, train_lr: 0.0001
TORCHFORT::WANDB: model: critic_0, step: 10, train_loss: 0.224709
TORCHFORT::WANDB: model: critic_0, step: 10, train_lr: 0.001
TORCHFORT::WANDB: model: actor, step: 10, train_loss: -1.12494
TORCHFORT::WANDB: model: actor, step: 10, train_lr: 0.001
TORCHFORT::WANDB: model: alpha, step: 10, train_loss: -2.66186
TORCHFORT::WANDB: model: alpha, step: 10, train_lr: 0.0001
TORCHFORT::WANDB: model: critic_0, step: 11, train_loss: 0.223328
TORCHFORT::WANDB: model: critic_0, step: 11, train_lr: 0.001
TORCHFORT::WANDB: model: actor, step: 11, train_loss: -1.12144
TORCHFORT::WANDB: model: actor, step: 11, train_lr: 0.001
TORCHFORT::WANDB: model: alpha, step: 11, train_loss: -2.66217
TORCHFORT::WANDB: model: alpha, step: 11, train_lr: 0.0001
TORCHFORT::WANDB: model: critic_0, step: 12, train_loss: 0.238733
TORCHFORT::WANDB: model: critic_0, step: 12, train_lr: 0.001
TORCHFORT::WANDB: model: actor, step: 12, train_loss: -1.11344
TORCHFORT::WANDB: model: actor, step: 12, train_lr: 0.001
TORCHFORT::WANDB: model: alpha, step: 12, train_loss: -2.66883
TORCHFORT::WANDB: model: alpha, step: 12, train_lr: 0.0001
TORCHFORT::WANDB: model: critic_0, step: 13, train_loss: 0.225695
TORCHFORT::WANDB: model: critic_0, step: 13, train_lr: 0.001
TORCHFORT::WANDB: model: actor, step: 13, train_loss: -1.13726
TORCHFORT::WANDB: model: actor, step: 13, train_lr: 0.001
TORCHFORT::WANDB: model: alpha, step: 13, train_loss: -2.66731
TORCHFORT::WANDB: model: alpha, step: 13, train_lr: 0.0001
TORCHFORT::WANDB: model: critic_0, step: 14, train_loss: 0.210676
TORCHFORT::WANDB: model: critic_0, step: 14, train_lr: 0.001
TORCHFORT::WANDB: model: actor, step: 14, train_loss: -1.14774
TORCHFORT::WANDB: model: actor, step: 14, train_lr: 0.001
TORCHFORT::WANDB: model: alpha, step: 14, train_loss: -2.67502
TORCHFORT::WANDB: model: alpha, step: 14, train_lr: 0.0001
TORCHFORT::WANDB: model: critic_0, step: 15, train_loss: 0.210463
TORCHFORT::WANDB: model: critic_0, step: 15, train_lr: 0.001
TORCHFORT::WANDB: model: actor, step: 15, train_loss: -1.18055
TORCHFORT::WANDB: model: actor, step: 15, train_lr: 0.001
TORCHFORT::WANDB: model: alpha, step: 15, train_loss: -2.6803
TORCHFORT::WANDB: model: alpha, step: 15, train_lr: 0.0001
TORCHFORT::WANDB: model: critic_0, step: 16, train_loss: 0.223844
TORCHFORT::WANDB: model: critic_0, step: 16, train_lr: 0.001
TORCHFORT::WANDB: model: actor, step: 16, train_loss: -1.18534
TORCHFORT::WANDB: model: actor, step: 16, train_lr: 0.001
TORCHFORT::WANDB: model: alpha, step: 16, train_loss: -2.67449
TORCHFORT::WANDB: model: alpha, step: 16, train_lr: 0.0001
TORCHFORT::WANDB: model: critic_0, step: 17, train_loss: 0.22057
TORCHFORT::WANDB: model: critic_0, step: 17, train_lr: 0.001
TORCHFORT::WANDB: model: actor, step: 17, train_loss: -1.17364
TORCHFORT::WANDB: model: actor, step: 17, train_lr: 0.001
TORCHFORT::WANDB: model: alpha, step: 17, train_loss: -2.68171
TORCHFORT::WANDB: model: alpha, step: 17, train_lr: 0.0001
TORCHFORT::WANDB: model: critic_0, step: 18, train_loss: 0.224651
TORCHFORT::WANDB: model: critic_0, step: 18, train_lr: 0.001
TORCHFORT::WANDB: model: actor, step: 18, train_loss: -1.17098
TORCHFORT::WANDB: model: actor, step: 18, train_lr: 0.001
TORCHFORT::WANDB: model: alpha, step: 18, train_loss: -2.68004
TORCHFORT::WANDB: model: alpha, step: 18, train_lr: 0.0001
TORCHFORT::WANDB: model: critic_0, step: 19, train_loss: 0.218926
TORCHFORT::WANDB: model: critic_0, step: 19, train_lr: 0.001
TORCHFORT::WANDB: model: actor, step: 19, train_loss: -1.14934
TORCHFORT::WANDB: model: actor, step: 19, train_lr: 0.001
TORCHFORT::WANDB: model: alpha, step: 19, train_loss: -2.6791
TORCHFORT::WANDB: model: alpha, step: 19, train_lr: 0.0001
TORCHFORT::WANDB: model: critic_0, step: 20, train_loss: 0.21172
TORCHFORT::WANDB: model: critic_0, step: 20, train_lr: 0.001
TORCHFORT::WANDB: model: actor, step: 20, train_loss: -1.14339
TORCHFORT::WANDB: model: actor, step: 20, train_lr: 0.001
TORCHFORT::WANDB: model: alpha, step: 20, train_loss: -2.67826
TORCHFORT::WANDB: model: alpha, step: 20, train_lr: 0.0001
TORCHFORT::WANDB: model: rlwm, step: 11, reward_sum: 1635.18
TORCHFORT::WANDB: model: rlwm, step: 11, reward_sum: 1635.18
TORCHFORT::WANDB: model: rlwm, step: 11, reward_sum: 1635.18
TORCHFORT::WANDB: model: rlwm, step: 11, reward_sum: 1635.18
TORCHFORT::WANDB: model: rlwm, step: 11, reward_sum: 1635.18
TORCHFORT::WANDB: model: rlwm, step: 11, reward_sum: 1635.18
TORCHFORT::WANDB: model: rlwm, step: 11, reward_sum: 1635.18
TORCHFORT::WANDB: model: rlwm, step: 11, reward_sum: 1635.18
TORCHFORT::WANDB: model: critic_0, step: 21, train_loss: 0.213631
TORCHFORT::WANDB: model: critic_0, step: 21, train_lr: 0.001
TORCHFORT::WANDB: model: actor, step: 21, train_loss: -1.17214
TORCHFORT::WANDB: model: actor, step: 21, train_lr: 0.001
TORCHFORT::WANDB: model: alpha, step: 21, train_loss: -2.67846
TORCHFORT::WANDB: model: alpha, step: 21, train_lr: 0.0001
TORCHFORT::WANDB: model: critic_0, step: 22, train_loss: 0.221201
TORCHFORT::WANDB: model: critic_0, step: 22, train_lr: 0.001
TORCHFORT::WANDB: model: actor, step: 22, train_loss: -1.17345
TORCHFORT::WANDB: model: actor, step: 22, train_lr: 0.001
TORCHFORT::WANDB: model: alpha, step: 22, train_loss: -2.68116
TORCHFORT::WANDB: model: alpha, step: 22, train_lr: 0.0001
TORCHFORT::WANDB: model: critic_0, step: 23, train_loss: 0.216036
TORCHFORT::WANDB: model: critic_0, step: 23, train_lr: 0.001
TORCHFORT::WANDB: model: actor, step: 23, train_loss: -1.16798
TORCHFORT::WANDB: model: actor, step: 23, train_lr: 0.001
TORCHFORT::WANDB: model: alpha, step: 23, train_loss: -2.67289
TORCHFORT::WANDB: model: alpha, step: 23, train_lr: 0.0001
TORCHFORT::WANDB: model: critic_0, step: 24, train_loss: 0.210362
TORCHFORT::WANDB: model: critic_0, step: 24, train_lr: 0.001
TORCHFORT::WANDB: model: actor, step: 24, train_loss: -1.17983
TORCHFORT::WANDB: model: actor, step: 24, train_lr: 0.001
TORCHFORT::WANDB: model: alpha, step: 24, train_loss: -2.67226
TORCHFORT::WANDB: model: alpha, step: 24, train_lr: 0.0001
TORCHFORT::WANDB: model: critic_0, step: 25, train_loss: 0.213858
TORCHFORT::WANDB: model: critic_0, step: 25, train_lr: 0.001
TORCHFORT::WANDB: model: actor, step: 25, train_loss: -1.18215
TORCHFORT::WANDB: model: actor, step: 25, train_lr: 0.001
TORCHFORT::WANDB: model: alpha, step: 25, train_loss: -2.67343
TORCHFORT::WANDB: model: alpha, step: 25, train_lr: 0.0001
TORCHFORT::WANDB: model: critic_0, step: 26, train_loss: 0.195692
TORCHFORT::WANDB: model: critic_0, step: 26, train_lr: 0.001
TORCHFORT::WANDB: model: actor, step: 26, train_loss: -1.19645
TORCHFORT::WANDB: model: actor, step: 26, train_lr: 0.001
TORCHFORT::WANDB: model: alpha, step: 26, train_loss: -2.67511
TORCHFORT::WANDB: model: alpha, step: 26, train_lr: 0.0001
TORCHFORT::WANDB: model: critic_0, step: 27, train_loss: 0.213116
TORCHFORT::WANDB: model: critic_0, step: 27, train_lr: 0.001
TORCHFORT::WANDB: model: actor, step: 27, train_loss: -1.18639
TORCHFORT::WANDB: model: actor, step: 27, train_lr: 0.001
TORCHFORT::WANDB: model: alpha, step: 27, train_loss: -2.67387
TORCHFORT::WANDB: model: alpha, step: 27, train_lr: 0.0001
TORCHFORT::WANDB: model: critic_0, step: 28, train_loss: 0.224634
TORCHFORT::WANDB: model: critic_0, step: 28, train_lr: 0.001
TORCHFORT::WANDB: model: actor, step: 28, train_loss: -1.18556
TORCHFORT::WANDB: model: actor, step: 28, train_lr: 0.001
TORCHFORT::WANDB: model: alpha, step: 28, train_loss: -2.67906
TORCHFORT::WANDB: model: alpha, step: 28, train_lr: 0.0001
TORCHFORT::WANDB: model: critic_0, step: 29, train_loss: 0.21315
TORCHFORT::WANDB: model: critic_0, step: 29, train_lr: 0.001
TORCHFORT::WANDB: model: actor, step: 29, train_loss: -1.18306
TORCHFORT::WANDB: model: actor, step: 29, train_lr: 0.001
TORCHFORT::WANDB: model: alpha, step: 29, train_loss: -2.67739
TORCHFORT::WANDB: model: alpha, step: 29, train_lr: 0.0001
TORCHFORT::WANDB: model: critic_0, step: 30, train_loss: 0.216251
TORCHFORT::WANDB: model: critic_0, step: 30, train_lr: 0.001
TORCHFORT::WANDB: model: actor, step: 30, train_loss: -1.16337
TORCHFORT::WANDB: model: actor, step: 30, train_lr: 0.001
TORCHFORT::WANDB: model: alpha, step: 30, train_loss: -2.69151
TORCHFORT::WANDB: model: alpha, step: 30, train_lr: 0.0001
TORCHFORT::WANDB: model: critic_0, step: 31, train_loss: 0.212521
TORCHFORT::WANDB: model: critic_0, step: 31, train_lr: 0.001
TORCHFORT::WANDB: model: actor, step: 31, train_loss: -1.17097
TORCHFORT::WANDB: model: actor, step: 31, train_lr: 0.001
TORCHFORT::WANDB: model: alpha, step: 31, train_loss: -2.68854
TORCHFORT::WANDB: model: alpha, step: 31, train_lr: 0.0001
TORCHFORT::WANDB: model: critic_0, step: 32, train_loss: 0.209772
TORCHFORT::WANDB: model: critic_0, step: 32, train_lr: 0.001
TORCHFORT::WANDB: model: actor, step: 32, train_loss: -1.19881
TORCHFORT::WANDB: model: actor, step: 32, train_lr: 0.001
TORCHFORT::WANDB: model: alpha, step: 32, train_loss: -2.69211
TORCHFORT::WANDB: model: alpha, step: 32, train_lr: 0.0001
TORCHFORT::WANDB: model: critic_0, step: 33, train_loss: 0.215233
TORCHFORT::WANDB: model: critic_0, step: 33, train_lr: 0.001
TORCHFORT::WANDB: model: actor, step: 33, train_loss: -1.18389
TORCHFORT::WANDB: model: actor, step: 33, train_lr: 0.001
TORCHFORT::WANDB: model: alpha, step: 33, train_loss: -2.68883
TORCHFORT::WANDB: model: alpha, step: 33, train_lr: 0.0001
TORCHFORT::WANDB: model: critic_0, step: 34, train_loss: 0.212367
TORCHFORT::WANDB: model: critic_0, step: 34, train_lr: 0.001
TORCHFORT::WANDB: model: actor, step: 34, train_loss: -1.18085
TORCHFORT::WANDB: model: actor, step: 34, train_lr: 0.001
TORCHFORT::WANDB: model: alpha, step: 34, train_loss: -2.69224
TORCHFORT::WANDB: model: alpha, step: 34, train_lr: 0.0001
TORCHFORT::WANDB: model: critic_0, step: 35, train_loss: 0.218115
TORCHFORT::WANDB: model: critic_0, step: 35, train_lr: 0.001
TORCHFORT::WANDB: model: actor, step: 35, train_loss: -1.18672
TORCHFORT::WANDB: model: actor, step: 35, train_lr: 0.001
TORCHFORT::WANDB: model: alpha, step: 35, train_loss: -2.7002
TORCHFORT::WANDB: model: alpha, step: 35, train_lr: 0.0001
TORCHFORT::WANDB: model: critic_0, step: 36, train_loss: 0.206266
TORCHFORT::WANDB: model: critic_0, step: 36, train_lr: 0.001
TORCHFORT::WANDB: model: actor, step: 36, train_loss: -1.16254
TORCHFORT::WANDB: model: actor, step: 36, train_lr: 0.001
TORCHFORT::WANDB: model: alpha, step: 36, train_loss: -2.69135
TORCHFORT::WANDB: model: alpha, step: 36, train_lr: 0.0001
TORCHFORT::WANDB: model: critic_0, step: 37, train_loss: 0.206035
TORCHFORT::WANDB: model: critic_0, step: 37, train_lr: 0.001
TORCHFORT::WANDB: model: actor, step: 37, train_loss: -1.16745
TORCHFORT::WANDB: model: actor, step: 37, train_lr: 0.001
TORCHFORT::WANDB: model: alpha, step: 37, train_loss: -2.69165
TORCHFORT::WANDB: model: alpha, step: 37, train_lr: 0.0001
TORCHFORT::WANDB: model: critic_0, step: 38, train_loss: 0.215017
TORCHFORT::WANDB: model: critic_0, step: 38, train_lr: 0.001
TORCHFORT::WANDB: model: actor, step: 38, train_loss: -1.15848
TORCHFORT::WANDB: model: actor, step: 38, train_lr: 0.001
TORCHFORT::WANDB: model: alpha, step: 38, train_loss: -2.69833
TORCHFORT::WANDB: model: alpha, step: 38, train_lr: 0.0001
TORCHFORT::WANDB: model: critic_0, step: 39, train_loss: 0.210533
TORCHFORT::WANDB: model: critic_0, step: 39, train_lr: 0.001
TORCHFORT::WANDB: model: actor, step: 39, train_loss: -1.17139
TORCHFORT::WANDB: model: actor, step: 39, train_lr: 0.001
TORCHFORT::WANDB: model: alpha, step: 39, train_loss: -2.68803
TORCHFORT::WANDB: model: alpha, step: 39, train_lr: 0.0001
TORCHFORT::WANDB: model: critic_0, step: 1, train_loss: 0.135362
TORCHFORT::WANDB: model: critic_0, step: 1, train_lr: 0.001
TORCHFORT::WANDB: model: actor, step: 1, train_loss: -1.42444
TORCHFORT::WANDB: model: actor, step: 1, train_lr: 0.001
TORCHFORT::WANDB: model: alpha, step: 1, train_loss: -2.20677
TORCHFORT::WANDB: model: alpha, step: 1, train_lr: 0.0001
TORCHFORT::WANDB: model: critic_0, step: 2, train_loss: 0.0787235
TORCHFORT::WANDB: model: critic_0, step: 2, train_lr: 0.001
TORCHFORT::WANDB: model: actor, step: 2, train_loss: -1.48618
TORCHFORT::WANDB: model: actor, step: 2, train_lr: 0.001
TORCHFORT::WANDB: model: alpha, step: 2, train_loss: -2.4386
TORCHFORT::WANDB: model: alpha, step: 2, train_lr: 0.0001
TORCHFORT::WANDB: model: critic_0, step: 3, train_loss: 0.054269
TORCHFORT::WANDB: model: critic_0, step: 3, train_lr: 0.001
TORCHFORT::WANDB: model: actor, step: 3, train_loss: -1.57763
TORCHFORT::WANDB: model: actor, step: 3, train_lr: 0.001
TORCHFORT::WANDB: model: alpha, step: 3, train_loss: -2.54034
TORCHFORT::WANDB: model: alpha, step: 3, train_lr: 0.0001
TORCHFORT::WANDB: model: critic_0, step: 4, train_loss: 0.0500876
TORCHFORT::WANDB: model: critic_0, step: 4, train_lr: 0.001
TORCHFORT::WANDB: model: actor, step: 4, train_loss: -1.62102
TORCHFORT::WANDB: model: actor, step: 4, train_lr: 0.001
TORCHFORT::WANDB: model: alpha, step: 4, train_loss: -2.63386
TORCHFORT::WANDB: model: alpha, step: 4, train_lr: 0.0001
TORCHFORT::WANDB: model: critic_0, step: 5, train_loss: 0.0496391
TORCHFORT::WANDB: model: critic_0, step: 5, train_lr: 0.001
TORCHFORT::WANDB: model: actor, step: 5, train_loss: -1.64882
TORCHFORT::WANDB: model: actor, step: 5, train_lr: 0.001
TORCHFORT::WANDB: model: alpha, step: 5, train_loss: -2.67031
TORCHFORT::WANDB: model: alpha, step: 5, train_lr: 0.0001
TORCHFORT::WANDB: model: critic_0, step: 6, train_loss: 0.0452445
TORCHFORT::WANDB: model: critic_0, step: 6, train_lr: 0.001
TORCHFORT::WANDB: model: actor, step: 6, train_loss: -1.63086
TORCHFORT::WANDB: model: actor, step: 6, train_lr: 0.001
TORCHFORT::WANDB: model: alpha, step: 6, train_loss: -2.67826
TORCHFORT::WANDB: model: alpha, step: 6, train_lr: 0.0001
TORCHFORT::WANDB: model: critic_0, step: 7, train_loss: 0.0389505
TORCHFORT::WANDB: model: critic_0, step: 7, train_lr: 0.001
TORCHFORT::WANDB: model: actor, step: 7, train_loss: -1.63918
TORCHFORT::WANDB: model: actor, step: 7, train_lr: 0.001
TORCHFORT::WANDB: model: alpha, step: 7, train_loss: -2.66532
TORCHFORT::WANDB: model: alpha, step: 7, train_lr: 0.0001
TORCHFORT::WANDB: model: critic_0, step: 8, train_loss: 0.0344256
TORCHFORT::WANDB: model: critic_0, step: 8, train_lr: 0.001
TORCHFORT::WANDB: model: actor, step: 8, train_loss: -1.61151
TORCHFORT::WANDB: model: actor, step: 8, train_lr: 0.001
TORCHFORT::WANDB: model: alpha, step: 8, train_loss: -2.64836
TORCHFORT::WANDB: model: alpha, step: 8, train_lr: 0.0001
TORCHFORT::WANDB: model: critic_0, step: 9, train_loss: 0.0283483
TORCHFORT::WANDB: model: critic_0, step: 9, train_lr: 0.001
TORCHFORT::WANDB: model: actor, step: 9, train_loss: -1.59812
TORCHFORT::WANDB: model: actor, step: 9, train_lr: 0.001
TORCHFORT::WANDB: model: alpha, step: 9, train_loss: -2.62658
TORCHFORT::WANDB: model: alpha, step: 9, train_lr: 0.0001
TORCHFORT::WANDB: model: critic_0, step: 10, train_loss: 0.0304015
TORCHFORT::WANDB: model: critic_0, step: 10, train_lr: 0.001
TORCHFORT::WANDB: model: actor, step: 10, train_loss: -1.60735
TORCHFORT::WANDB: model: actor, step: 10, train_lr: 0.001
TORCHFORT::WANDB: model: alpha, step: 10, train_loss: -2.60518
TORCHFORT::WANDB: model: alpha, step: 10, train_lr: 0.0001
TORCHFORT::WANDB: model: critic_0, step: 11, train_loss: 0.0294344
TORCHFORT::WANDB: model: critic_0, step: 11, train_lr: 0.001
TORCHFORT::WANDB: model: actor, step: 11, train_loss: -1.60125
TORCHFORT::WANDB: model: actor, step: 11, train_lr: 0.001
TORCHFORT::WANDB: model: alpha, step: 11, train_loss: -2.58742
TORCHFORT::WANDB: model: alpha, step: 11, train_lr: 0.0001
TORCHFORT::WANDB: model: critic_0, step: 12, train_loss: 0.0322224
TORCHFORT::WANDB: model: critic_0, step: 12, train_lr: 0.001
TORCHFORT::WANDB: model: actor, step: 12, train_loss: -1.59466
TORCHFORT::WANDB: model: actor, step: 12, train_lr: 0.001
TORCHFORT::WANDB: model: alpha, step: 12, train_loss: -2.56495
TORCHFORT::WANDB: model: alpha, step: 12, train_lr: 0.0001
TORCHFORT::WANDB: model: critic_0, step: 13, train_loss: 0.0310977
TORCHFORT::WANDB: model: critic_0, step: 13, train_lr: 0.001
TORCHFORT::WANDB: model: actor, step: 13, train_loss: -1.61388
TORCHFORT::WANDB: model: actor, step: 13, train_lr: 0.001
TORCHFORT::WANDB: model: alpha, step: 13, train_loss: -2.56857
TORCHFORT::WANDB: model: alpha, step: 13, train_lr: 0.0001
TORCHFORT::WANDB: model: critic_0, step: 14, train_loss: 0.0294506
TORCHFORT::WANDB: model: critic_0, step: 14, train_lr: 0.001
TORCHFORT::WANDB: model: actor, step: 14, train_loss: -1.61455
TORCHFORT::WANDB: model: actor, step: 14, train_lr: 0.001
TORCHFORT::WANDB: model: alpha, step: 14, train_loss: -2.57365
TORCHFORT::WANDB: model: alpha, step: 14, train_lr: 0.0001
TORCHFORT::WANDB: model: critic_0, step: 15, train_loss: 0.0283297
TORCHFORT::WANDB: model: critic_0, step: 15, train_lr: 0.001
TORCHFORT::WANDB: model: actor, step: 15, train_loss: -1.57827
TORCHFORT::WANDB: model: actor, step: 15, train_lr: 0.001
TORCHFORT::WANDB: model: alpha, step: 15, train_loss: -2.58257
TORCHFORT::WANDB: model: alpha, step: 15, train_lr: 0.0001
TORCHFORT::WANDB: model: critic_0, step: 16, train_loss: 0.0268393
TORCHFORT::WANDB: model: critic_0, step: 16, train_lr: 0.001
TORCHFORT::WANDB: model: actor, step: 16, train_loss: -1.58524
TORCHFORT::WANDB: model: actor, step: 16, train_lr: 0.001
TORCHFORT::WANDB: model: alpha, step: 16, train_loss: -2.59069
TORCHFORT::WANDB: model: alpha, step: 16, train_lr: 0.0001
TORCHFORT::WANDB: model: critic_0, step: 17, train_loss: 0.0256682
TORCHFORT::WANDB: model: critic_0, step: 17, train_lr: 0.001
TORCHFORT::WANDB: model: actor, step: 17, train_loss: -1.59143
TORCHFORT::WANDB: model: actor, step: 17, train_lr: 0.001
TORCHFORT::WANDB: model: alpha, step: 17, train_loss: -2.6069
TORCHFORT::WANDB: model: alpha, step: 17, train_lr: 0.0001
TORCHFORT::WANDB: model: critic_0, step: 18, train_loss: 0.026166
TORCHFORT::WANDB: model: critic_0, step: 18, train_lr: 0.001
TORCHFORT::WANDB: model: actor, step: 18, train_loss: -1.58446
TORCHFORT::WANDB: model: actor, step: 18, train_lr: 0.001
TORCHFORT::WANDB: model: alpha, step: 18, train_loss: -2.60828
TORCHFORT::WANDB: model: alpha, step: 18, train_lr: 0.0001
TORCHFORT::WANDB: model: critic_0, step: 19, train_loss: 0.0253679
TORCHFORT::WANDB: model: critic_0, step: 19, train_lr: 0.001
TORCHFORT::WANDB: model: actor, step: 19, train_loss: -1.61751
TORCHFORT::WANDB: model: actor, step: 19, train_lr: 0.001
TORCHFORT::WANDB: model: alpha, step: 19, train_loss: -2.62317
TORCHFORT::WANDB: model: alpha, step: 19, train_lr: 0.0001
TORCHFORT::WANDB: model: critic_0, step: 20, train_loss: 0.0265146
TORCHFORT::WANDB: model: critic_0, step: 20, train_lr: 0.001
TORCHFORT::WANDB: model: actor, step: 20, train_loss: -1.6223
TORCHFORT::WANDB: model: actor, step: 20, train_lr: 0.001
TORCHFORT::WANDB: model: alpha, step: 20, train_loss: -2.61831
TORCHFORT::WANDB: model: alpha, step: 20, train_lr: 0.0001
TORCHFORT::WANDB: model: rlwm, step: 1, reward_sum: 16990.7
TORCHFORT::WANDB: model: rlwm, step: 1, reward_sum: 16990.7
TORCHFORT::WANDB: model: rlwm, step: 1, reward_sum: 16990.7
TORCHFORT::WANDB: model: rlwm, step: 1, reward_sum: 16990.7
TORCHFORT::WANDB: model: rlwm, step: 1, reward_sum: 16990.7
TORCHFORT::WANDB: model: rlwm, step: 1, reward_sum: 16990.7
TORCHFORT::WANDB: model: rlwm, step: 1, reward_sum: 16990.7
TORCHFORT::WANDB: model: rlwm, step: 1, reward_sum: 16990.7
TORCHFORT::WANDB: model: critic_0, step: 21, train_loss: 0.079294
TORCHFORT::WANDB: model: critic_0, step: 21, train_lr: 0.001
TORCHFORT::WANDB: model: actor, step: 21, train_loss: -1.76979
TORCHFORT::WANDB: model: actor, step: 21, train_lr: 0.001
TORCHFORT::WANDB: model: alpha, step: 21, train_loss: -2.6044
TORCHFORT::WANDB: model: alpha, step: 21, train_lr: 0.0001
TORCHFORT::WANDB: model: critic_0, step: 22, train_loss: 0.076947
TORCHFORT::WANDB: model: critic_0, step: 22, train_lr: 0.001
TORCHFORT::WANDB: model: actor, step: 22, train_loss: -1.71222
TORCHFORT::WANDB: model: actor, step: 22, train_lr: 0.001
TORCHFORT::WANDB: model: alpha, step: 22, train_loss: -2.59711
TORCHFORT::WANDB: model: alpha, step: 22, train_lr: 0.0001
TORCHFORT::WANDB: model: critic_0, step: 23, train_loss: 0.0697143
TORCHFORT::WANDB: model: critic_0, step: 23, train_lr: 0.001
TORCHFORT::WANDB: model: actor, step: 23, train_loss: -1.71151
TORCHFORT::WANDB: model: actor, step: 23, train_lr: 0.001
TORCHFORT::WANDB: model: alpha, step: 23, train_loss: -2.61202
TORCHFORT::WANDB: model: alpha, step: 23, train_lr: 0.0001
TORCHFORT::WANDB: model: critic_0, step: 24, train_loss: 0.0766973
TORCHFORT::WANDB: model: critic_0, step: 24, train_lr: 0.001
TORCHFORT::WANDB: model: actor, step: 24, train_loss: -1.68921
TORCHFORT::WANDB: model: actor, step: 24, train_lr: 0.001
TORCHFORT::WANDB: model: alpha, step: 24, train_loss: -2.60221
TORCHFORT::WANDB: model: alpha, step: 24, train_lr: 0.0001
TORCHFORT::WANDB: model: critic_0, step: 25, train_loss: 0.0866418
TORCHFORT::WANDB: model: critic_0, step: 25, train_lr: 0.001
TORCHFORT::WANDB: model: actor, step: 25, train_loss: -1.68791
TORCHFORT::WANDB: model: actor, step: 25, train_lr: 0.001
TORCHFORT::WANDB: model: alpha, step: 25, train_loss: -2.6142
TORCHFORT::WANDB: model: alpha, step: 25, train_lr: 0.0001
TORCHFORT::WANDB: model: critic_0, step: 26, train_loss: 0.082973
TORCHFORT::WANDB: model: critic_0, step: 26, train_lr: 0.001
TORCHFORT::WANDB: model: actor, step: 26, train_loss: -1.71144
TORCHFORT::WANDB: model: actor, step: 26, train_lr: 0.001
TORCHFORT::WANDB: model: alpha, step: 26, train_loss: -2.60624
TORCHFORT::WANDB: model: alpha, step: 26, train_lr: 0.0001
TORCHFORT::WANDB: model: critic_0, step: 27, train_loss: 0.0740346
TORCHFORT::WANDB: model: critic_0, step: 27, train_lr: 0.001
TORCHFORT::WANDB: model: actor, step: 27, train_loss: -1.72735
TORCHFORT::WANDB: model: actor, step: 27, train_lr: 0.001
TORCHFORT::WANDB: model: alpha, step: 27, train_loss: -2.61293
TORCHFORT::WANDB: model: alpha, step: 27, train_lr: 0.0001
TORCHFORT::WANDB: model: critic_0, step: 28, train_loss: 0.0650296
TORCHFORT::WANDB: model: critic_0, step: 28, train_lr: 0.001
TORCHFORT::WANDB: model: actor, step: 28, train_loss: -1.74156
TORCHFORT::WANDB: model: actor, step: 28, train_lr: 0.001
TORCHFORT::WANDB: model: alpha, step: 28, train_loss: -2.61076
TORCHFORT::WANDB: model: alpha, step: 28, train_lr: 0.0001
TORCHFORT::WANDB: model: critic_0, step: 29, train_loss: 0.0647646
TORCHFORT::WANDB: model: critic_0, step: 29, train_lr: 0.001
TORCHFORT::WANDB: model: actor, step: 29, train_loss: -1.74895
TORCHFORT::WANDB: model: actor, step: 29, train_lr: 0.001
TORCHFORT::WANDB: model: alpha, step: 29, train_loss: -2.60637
TORCHFORT::WANDB: model: alpha, step: 29, train_lr: 0.0001
TORCHFORT::WANDB: model: critic_0, step: 30, train_loss: 0.0733917
TORCHFORT::WANDB: model: critic_0, step: 30, train_lr: 0.001
TORCHFORT::WANDB: model: actor, step: 30, train_loss: -1.72928
TORCHFORT::WANDB: model: actor, step: 30, train_lr: 0.001
TORCHFORT::WANDB: model: alpha, step: 30, train_loss: -2.61966
TORCHFORT::WANDB: model: alpha, step: 30, train_lr: 0.0001
TORCHFORT::WANDB: model: critic_0, step: 31, train_loss: 0.0666501
TORCHFORT::WANDB: model: critic_0, step: 31, train_lr: 0.001
TORCHFORT::WANDB: model: actor, step: 31, train_loss: -1.7313
TORCHFORT::WANDB: model: actor, step: 31, train_lr: 0.001
TORCHFORT::WANDB: model: alpha, step: 31, train_loss: -2.61742
TORCHFORT::WANDB: model: alpha, step: 31, train_lr: 0.0001
TORCHFORT::WANDB: model: critic_0, step: 32, train_loss: 0.0699672
TORCHFORT::WANDB: model: critic_0, step: 32, train_lr: 0.001
TORCHFORT::WANDB: model: actor, step: 32, train_loss: -1.71258
TORCHFORT::WANDB: model: actor, step: 32, train_lr: 0.001
TORCHFORT::WANDB: model: alpha, step: 32, train_loss: -2.63196
TORCHFORT::WANDB: model: alpha, step: 32, train_lr: 0.0001
TORCHFORT::WANDB: model: critic_0, step: 33, train_loss: 0.0666256
TORCHFORT::WANDB: model: critic_0, step: 33, train_lr: 0.001
TORCHFORT::WANDB: model: actor, step: 33, train_loss: -1.69637
TORCHFORT::WANDB: model: actor, step: 33, train_lr: 0.001
TORCHFORT::WANDB: model: alpha, step: 33, train_loss: -2.63926
TORCHFORT::WANDB: model: alpha, step: 33, train_lr: 0.0001
TORCHFORT::WANDB: model: critic_0, step: 34, train_loss: 0.0792453
TORCHFORT::WANDB: model: critic_0, step: 34, train_lr: 0.001
TORCHFORT::WANDB: model: actor, step: 34, train_loss: -1.70433
TORCHFORT::WANDB: model: actor, step: 34, train_lr: 0.001
TORCHFORT::WANDB: model: alpha, step: 34, train_loss: -2.6415
TORCHFORT::WANDB: model: alpha, step: 34, train_lr: 0.0001
TORCHFORT::WANDB: model: critic_0, step: 35, train_loss: 0.0621299
TORCHFORT::WANDB: model: critic_0, step: 35, train_lr: 0.001
TORCHFORT::WANDB: model: actor, step: 35, train_loss: -1.7175
TORCHFORT::WANDB: model: actor, step: 35, train_lr: 0.001
TORCHFORT::WANDB: model: alpha, step: 35, train_loss: -2.64522
TORCHFORT::WANDB: model: alpha, step: 35, train_lr: 0.0001
TORCHFORT::WANDB: model: critic_0, step: 36, train_loss: 0.0783148
TORCHFORT::WANDB: model: critic_0, step: 36, train_lr: 0.001
TORCHFORT::WANDB: model: actor, step: 36, train_loss: -1.71318
TORCHFORT::WANDB: model: actor, step: 36, train_lr: 0.001
TORCHFORT::WANDB: model: alpha, step: 36, train_loss: -2.6537
TORCHFORT::WANDB: model: alpha, step: 36, train_lr: 0.0001
TORCHFORT::WANDB: model: critic_0, step: 37, train_loss: 0.0725886
TORCHFORT::WANDB: model: critic_0, step: 37, train_lr: 0.001
TORCHFORT::WANDB: model: actor, step: 37, train_loss: -1.7328
TORCHFORT::WANDB: model: actor, step: 37, train_lr: 0.001
TORCHFORT::WANDB: model: alpha, step: 37, train_loss: -2.64182
TORCHFORT::WANDB: model: alpha, step: 37, train_lr: 0.0001
TORCHFORT::WANDB: model: critic_0, step: 38, train_loss: 0.0727955
TORCHFORT::WANDB: model: critic_0, step: 38, train_lr: 0.001
TORCHFORT::WANDB: model: actor, step: 38, train_loss: -1.72328
TORCHFORT::WANDB: model: actor, step: 38, train_lr: 0.001
TORCHFORT::WANDB: model: alpha, step: 38, train_loss: -2.64191
TORCHFORT::WANDB: model: alpha, step: 38, train_lr: 0.0001
TORCHFORT::WANDB: model: critic_0, step: 39, train_loss: 0.0816614
TORCHFORT::WANDB: model: critic_0, step: 39, train_lr: 0.001
TORCHFORT::WANDB: model: actor, step: 39, train_loss: -1.72131
TORCHFORT::WANDB: model: actor, step: 39, train_lr: 0.001
TORCHFORT::WANDB: model: alpha, step: 39, train_loss: -2.64314
TORCHFORT::WANDB: model: alpha, step: 39, train_lr: 0.0001
TORCHFORT::WANDB: model: critic_0, step: 40, train_loss: 0.074318
TORCHFORT::WANDB: model: critic_0, step: 40, train_lr: 0.001
TORCHFORT::WANDB: model: actor, step: 40, train_loss: -1.70024
TORCHFORT::WANDB: model: actor, step: 40, train_lr: 0.001
TORCHFORT::WANDB: model: alpha, step: 40, train_loss: -2.65649
TORCHFORT::WANDB: model: alpha, step: 40, train_lr: 0.0001
TORCHFORT::WANDB: model: rlwm, step: 2, reward_sum: 16456.9
TORCHFORT::WANDB: model: rlwm, step: 2, reward_sum: 16456.9
TORCHFORT::WANDB: model: rlwm, step: 2, reward_sum: 16456.9
TORCHFORT::WANDB: model: rlwm, step: 2, reward_sum: 16456.9
TORCHFORT::WANDB: model: rlwm, step: 2, reward_sum: 16456.9
TORCHFORT::WANDB: model: rlwm, step: 2, reward_sum: 16456.9
TORCHFORT::WANDB: model: rlwm, step: 2, reward_sum: 16456.9
TORCHFORT::WANDB: model: rlwm, step: 2, reward_sum: 16456.9
TORCHFORT::WANDB: model: critic_0, step: 41, train_loss: 0.0542122
TORCHFORT::WANDB: model: critic_0, step: 41, train_lr: 0.001
TORCHFORT::WANDB: model: actor, step: 41, train_loss: -1.82932
TORCHFORT::WANDB: model: actor, step: 41, train_lr: 0.001
TORCHFORT::WANDB: model: alpha, step: 41, train_loss: -2.67398
TORCHFORT::WANDB: model: alpha, step: 41, train_lr: 0.0001
TORCHFORT::WANDB: model: critic_0, step: 42, train_loss: 0.0572363
TORCHFORT::WANDB: model: critic_0, step: 42, train_lr: 0.001
TORCHFORT::WANDB: model: actor, step: 42, train_loss: -1.8421
TORCHFORT::WANDB: model: actor, step: 42, train_lr: 0.001
TORCHFORT::WANDB: model: alpha, step: 42, train_loss: -2.66783
TORCHFORT::WANDB: model: alpha, step: 42, train_lr: 0.0001
TORCHFORT::WANDB: model: critic_0, step: 43, train_loss: 0.0517136
TORCHFORT::WANDB: model: critic_0, step: 43, train_lr: 0.001
TORCHFORT::WANDB: model: actor, step: 43, train_loss: -1.8308
TORCHFORT::WANDB: model: actor, step: 43, train_lr: 0.001
TORCHFORT::WANDB: model: alpha, step: 43, train_loss: -2.6668
TORCHFORT::WANDB: model: alpha, step: 43, train_lr: 0.0001
TORCHFORT::WANDB: model: critic_0, step: 44, train_loss: 0.0527442
TORCHFORT::WANDB: model: critic_0, step: 44, train_lr: 0.001
TORCHFORT::WANDB: model: actor, step: 44, train_loss: -1.86302
TORCHFORT::WANDB: model: actor, step: 44, train_lr: 0.001
TORCHFORT::WANDB: model: alpha, step: 44, train_loss: -2.66214
TORCHFORT::WANDB: model: alpha, step: 44, train_lr: 0.0001
TORCHFORT::WANDB: model: critic_0, step: 45, train_loss: 0.052281
TORCHFORT::WANDB: model: critic_0, step: 45, train_lr: 0.001
TORCHFORT::WANDB: model: actor, step: 45, train_loss: -1.86931
TORCHFORT::WANDB: model: actor, step: 45, train_lr: 0.001
TORCHFORT::WANDB: model: alpha, step: 45, train_loss: -2.66521
TORCHFORT::WANDB: model: alpha, step: 45, train_lr: 0.0001
TORCHFORT::WANDB: model: critic_0, step: 46, train_loss: 0.0567964
TORCHFORT::WANDB: model: critic_0, step: 46, train_lr: 0.001
TORCHFORT::WANDB: model: actor, step: 46, train_loss: -1.84607
TORCHFORT::WANDB: model: actor, step: 46, train_lr: 0.001
TORCHFORT::WANDB: model: alpha, step: 46, train_loss: -2.67266
TORCHFORT::WANDB: model: alpha, step: 46, train_lr: 0.0001
TORCHFORT::WANDB: model: critic_0, step: 47, train_loss: 0.0551629
TORCHFORT::WANDB: model: critic_0, step: 47, train_lr: 0.001
TORCHFORT::WANDB: model: actor, step: 47, train_loss: -1.83946
TORCHFORT::WANDB: model: actor, step: 47, train_lr: 0.001
TORCHFORT::WANDB: model: alpha, step: 47, train_loss: -2.67684
TORCHFORT::WANDB: model: alpha, step: 47, train_lr: 0.0001
TORCHFORT::WANDB: model: critic_0, step: 48, train_loss: 0.0499571
TORCHFORT::WANDB: model: critic_0, step: 48, train_lr: 0.001
TORCHFORT::WANDB: model: actor, step: 48, train_loss: -1.84196
TORCHFORT::WANDB: model: actor, step: 48, train_lr: 0.001
TORCHFORT::WANDB: model: alpha, step: 48, train_loss: -2.67654
TORCHFORT::WANDB: model: alpha, step: 48, train_lr: 0.0001
TORCHFORT::WANDB: model: critic_0, step: 49, train_loss: 0.0530535
TORCHFORT::WANDB: model: critic_0, step: 49, train_lr: 0.001
TORCHFORT::WANDB: model: actor, step: 49, train_loss: -1.82823
TORCHFORT::WANDB: model: actor, step: 49, train_lr: 0.001
TORCHFORT::WANDB: model: alpha, step: 49, train_loss: -2.68296
TORCHFORT::WANDB: model: alpha, step: 49, train_lr: 0.0001
TORCHFORT::WANDB: model: critic_0, step: 50, train_loss: 0.0545174
TORCHFORT::WANDB: model: critic_0, step: 50, train_lr: 0.001
TORCHFORT::WANDB: model: actor, step: 50, train_loss: -1.86487
TORCHFORT::WANDB: model: actor, step: 50, train_lr: 0.001
TORCHFORT::WANDB: model: alpha, step: 50, train_loss: -2.68939
TORCHFORT::WANDB: model: alpha, step: 50, train_lr: 0.0001
TORCHFORT::WANDB: model: critic_0, step: 51, train_loss: 0.0498447
TORCHFORT::WANDB: model: critic_0, step: 51, train_lr: 0.001
TORCHFORT::WANDB: model: actor, step: 51, train_loss: -1.85222
TORCHFORT::WANDB: model: actor, step: 51, train_lr: 0.001
TORCHFORT::WANDB: model: alpha, step: 51, train_loss: -2.68296
TORCHFORT::WANDB: model: alpha, step: 51, train_lr: 0.0001
TORCHFORT::WANDB: model: critic_0, step: 52, train_loss: 0.0530455
TORCHFORT::WANDB: model: critic_0, step: 52, train_lr: 0.001
TORCHFORT::WANDB: model: actor, step: 52, train_loss: -1.84842
TORCHFORT::WANDB: model: actor, step: 52, train_lr: 0.001
TORCHFORT::WANDB: model: alpha, step: 52, train_loss: -2.68024
TORCHFORT::WANDB: model: alpha, step: 52, train_lr: 0.0001
TORCHFORT::WANDB: model: critic_0, step: 53, train_loss: 0.0516175
TORCHFORT::WANDB: model: critic_0, step: 53, train_lr: 0.001
TORCHFORT::WANDB: model: actor, step: 53, train_loss: -1.85362
TORCHFORT::WANDB: model: actor, step: 53, train_lr: 0.001
TORCHFORT::WANDB: model: alpha, step: 53, train_loss: -2.68109
TORCHFORT::WANDB: model: alpha, step: 53, train_lr: 0.0001
TORCHFORT::WANDB: model: critic_0, step: 54, train_loss: 0.0552678
TORCHFORT::WANDB: model: critic_0, step: 54, train_lr: 0.001
TORCHFORT::WANDB: model: actor, step: 54, train_loss: -1.84276
TORCHFORT::WANDB: model: actor, step: 54, train_lr: 0.001
TORCHFORT::WANDB: model: alpha, step: 54, train_loss: -2.68188
TORCHFORT::WANDB: model: alpha, step: 54, train_lr: 0.0001
TORCHFORT::WANDB: model: critic_0, step: 55, train_loss: 0.0620561
TORCHFORT::WANDB: model: critic_0, step: 55, train_lr: 0.001
TORCHFORT::WANDB: model: actor, step: 55, train_loss: -1.83297
TORCHFORT::WANDB: model: actor, step: 55, train_lr: 0.001
TORCHFORT::WANDB: model: alpha, step: 55, train_loss: -2.68144
TORCHFORT::WANDB: model: alpha, step: 55, train_lr: 0.0001
TORCHFORT::WANDB: model: critic_0, step: 56, train_loss: 0.0659911
TORCHFORT::WANDB: model: critic_0, step: 56, train_lr: 0.001
TORCHFORT::WANDB: model: actor, step: 56, train_loss: -1.83444
TORCHFORT::WANDB: model: actor, step: 56, train_lr: 0.001
TORCHFORT::WANDB: model: alpha, step: 56, train_loss: -2.67665
TORCHFORT::WANDB: model: alpha, step: 56, train_lr: 0.0001
TORCHFORT::WANDB: model: critic_0, step: 57, train_loss: 0.0532068
TORCHFORT::WANDB: model: critic_0, step: 57, train_lr: 0.001
TORCHFORT::WANDB: model: actor, step: 57, train_loss: -1.85504
TORCHFORT::WANDB: model: actor, step: 57, train_lr: 0.001
TORCHFORT::WANDB: model: alpha, step: 57, train_loss: -2.67433
TORCHFORT::WANDB: model: alpha, step: 57, train_lr: 0.0001
TORCHFORT::WANDB: model: critic_0, step: 58, train_loss: 0.0569754
TORCHFORT::WANDB: model: critic_0, step: 58, train_lr: 0.001
TORCHFORT::WANDB: model: actor, step: 58, train_loss: -1.83515
TORCHFORT::WANDB: model: actor, step: 58, train_lr: 0.001
TORCHFORT::WANDB: model: alpha, step: 58, train_loss: -2.67493
TORCHFORT::WANDB: model: alpha, step: 58, train_lr: 0.0001
TORCHFORT::WANDB: model: critic_0, step: 59, train_loss: 0.0525733
TORCHFORT::WANDB: model: critic_0, step: 59, train_lr: 0.001
TORCHFORT::WANDB: model: actor, step: 59, train_loss: -1.84718
TORCHFORT::WANDB: model: actor, step: 59, train_lr: 0.001
TORCHFORT::WANDB: model: alpha, step: 59, train_loss: -2.6804
TORCHFORT::WANDB: model: alpha, step: 59, train_lr: 0.0001
TORCHFORT::WANDB: model: critic_0, step: 60, train_loss: 0.0544325
TORCHFORT::WANDB: model: critic_0, step: 60, train_lr: 0.001
TORCHFORT::WANDB: model: actor, step: 60, train_loss: -1.85619
TORCHFORT::WANDB: model: actor, step: 60, train_lr: 0.001
TORCHFORT::WANDB: model: alpha, step: 60, train_loss: -2.67022
TORCHFORT::WANDB: model: alpha, step: 60, train_lr: 0.0001
TORCHFORT::WANDB: model: rlwm, step: 3, reward_sum: 17862
TORCHFORT::WANDB: model: rlwm, step: 3, reward_sum: 17862
TORCHFORT::WANDB: model: rlwm, step: 3, reward_sum: 17862
TORCHFORT::WANDB: model: rlwm, step: 3, reward_sum: 17862
TORCHFORT::WANDB: model: rlwm, step: 3, reward_sum: 17862
TORCHFORT::WANDB: model: rlwm, step: 3, reward_sum: 17862
TORCHFORT::WANDB: model: rlwm, step: 3, reward_sum: 17862
TORCHFORT::WANDB: model: rlwm, step: 3, reward_sum: 17862
TORCHFORT::WANDB: model: critic_0, step: 61, train_loss: 0.0626592
TORCHFORT::WANDB: model: critic_0, step: 61, train_lr: 0.001
TORCHFORT::WANDB: model: actor, step: 61, train_loss: -2.15758
TORCHFORT::WANDB: model: actor, step: 61, train_lr: 0.001
TORCHFORT::WANDB: model: alpha, step: 61, train_loss: -2.68504
TORCHFORT::WANDB: model: alpha, step: 61, train_lr: 0.0001
TORCHFORT::WANDB: model: critic_0, step: 62, train_loss: 0.083967
TORCHFORT::WANDB: model: critic_0, step: 62, train_lr: 0.001
TORCHFORT::WANDB: model: actor, step: 62, train_loss: -2.13197
TORCHFORT::WANDB: model: actor, step: 62, train_lr: 0.001
TORCHFORT::WANDB: model: alpha, step: 62, train_loss: -2.68277
TORCHFORT::WANDB: model: alpha, step: 62, train_lr: 0.0001
TORCHFORT::WANDB: model: critic_0, step: 63, train_loss: 0.0672422
TORCHFORT::WANDB: model: critic_0, step: 63, train_lr: 0.001
TORCHFORT::WANDB: model: actor, step: 63, train_loss: -2.10502
TORCHFORT::WANDB: model: actor, step: 63, train_lr: 0.001
TORCHFORT::WANDB: model: alpha, step: 63, train_loss: -2.69061
TORCHFORT::WANDB: model: alpha, step: 63, train_lr: 0.0001
TORCHFORT::WANDB: model: critic_0, step: 64, train_loss: 0.0661075
TORCHFORT::WANDB: model: critic_0, step: 64, train_lr: 0.001
TORCHFORT::WANDB: model: actor, step: 64, train_loss: -2.15518
TORCHFORT::WANDB: model: actor, step: 64, train_lr: 0.001
TORCHFORT::WANDB: model: alpha, step: 64, train_loss: -2.68736
TORCHFORT::WANDB: model: alpha, step: 64, train_lr: 0.0001
TORCHFORT::WANDB: model: critic_0, step: 65, train_loss: 0.0703776
TORCHFORT::WANDB: model: critic_0, step: 65, train_lr: 0.001
TORCHFORT::WANDB: model: actor, step: 65, train_loss: -2.18476
TORCHFORT::WANDB: model: actor, step: 65, train_lr: 0.001
TORCHFORT::WANDB: model: alpha, step: 65, train_loss: -2.68724
TORCHFORT::WANDB: model: alpha, step: 65, train_lr: 0.0001
TORCHFORT::WANDB: model: critic_0, step: 66, train_loss: 0.0638648
TORCHFORT::WANDB: model: critic_0, step: 66, train_lr: 0.001
TORCHFORT::WANDB: model: actor, step: 66, train_loss: -2.17648
TORCHFORT::WANDB: model: actor, step: 66, train_lr: 0.001
TORCHFORT::WANDB: model: alpha, step: 66, train_loss: -2.6896
TORCHFORT::WANDB: model: alpha, step: 66, train_lr: 0.0001
TORCHFORT::WANDB: model: critic_0, step: 67, train_loss: 0.0815511
TORCHFORT::WANDB: model: critic_0, step: 67, train_lr: 0.001
TORCHFORT::WANDB: model: actor, step: 67, train_loss: -2.14935
TORCHFORT::WANDB: model: actor, step: 67, train_lr: 0.001
TORCHFORT::WANDB: model: alpha, step: 67, train_loss: -2.69065
TORCHFORT::WANDB: model: alpha, step: 67, train_lr: 0.0001
TORCHFORT::WANDB: model: critic_0, step: 68, train_loss: 0.0673276
TORCHFORT::WANDB: model: critic_0, step: 68, train_lr: 0.001
TORCHFORT::WANDB: model: actor, step: 68, train_loss: -2.12044
TORCHFORT::WANDB: model: actor, step: 68, train_lr: 0.001
TORCHFORT::WANDB: model: alpha, step: 68, train_loss: -2.68973
TORCHFORT::WANDB: model: alpha, step: 68, train_lr: 0.0001
TORCHFORT::WANDB: model: critic_0, step: 69, train_loss: 0.0704989
TORCHFORT::WANDB: model: critic_0, step: 69, train_lr: 0.001
TORCHFORT::WANDB: model: actor, step: 69, train_loss: -2.10897
TORCHFORT::WANDB: model: actor, step: 69, train_lr: 0.001
TORCHFORT::WANDB: model: alpha, step: 69, train_loss: -2.6896
TORCHFORT::WANDB: model: alpha, step: 69, train_lr: 0.0001
TORCHFORT::WANDB: model: critic_0, step: 70, train_loss: 0.0707356
TORCHFORT::WANDB: model: critic_0, step: 70, train_lr: 0.001
TORCHFORT::WANDB: model: actor, step: 70, train_loss: -2.16002
TORCHFORT::WANDB: model: actor, step: 70, train_lr: 0.001
TORCHFORT::WANDB: model: alpha, step: 70, train_loss: -2.69115
TORCHFORT::WANDB: model: alpha, step: 70, train_lr: 0.0001
TORCHFORT::WANDB: model: critic_0, step: 71, train_loss: 0.0792725
TORCHFORT::WANDB: model: critic_0, step: 71, train_lr: 0.001
TORCHFORT::WANDB: model: actor, step: 71, train_loss: -2.15266
TORCHFORT::WANDB: model: actor, step: 71, train_lr: 0.001
TORCHFORT::WANDB: model: alpha, step: 71, train_loss: -2.68974
TORCHFORT::WANDB: model: alpha, step: 71, train_lr: 0.0001
TORCHFORT::WANDB: model: critic_0, step: 72, train_loss: 0.0766311
TORCHFORT::WANDB: model: critic_0, step: 72, train_lr: 0.001
TORCHFORT::WANDB: model: actor, step: 72, train_loss: -2.16281
TORCHFORT::WANDB: model: actor, step: 72, train_lr: 0.001
TORCHFORT::WANDB: model: alpha, step: 72, train_loss: -2.68408
TORCHFORT::WANDB: model: alpha, step: 72, train_lr: 0.0001
TORCHFORT::WANDB: model: critic_0, step: 73, train_loss: 0.0785133
TORCHFORT::WANDB: model: critic_0, step: 73, train_lr: 0.001
TORCHFORT::WANDB: model: actor, step: 73, train_loss: -2.1493
TORCHFORT::WANDB: model: actor, step: 73, train_lr: 0.001
TORCHFORT::WANDB: model: alpha, step: 73, train_loss: -2.68875
TORCHFORT::WANDB: model: alpha, step: 73, train_lr: 0.0001
TORCHFORT::WANDB: model: critic_0, step: 74, train_loss: 0.0615356
TORCHFORT::WANDB: model: critic_0, step: 74, train_lr: 0.001
TORCHFORT::WANDB: model: actor, step: 74, train_loss: -2.14765
TORCHFORT::WANDB: model: actor, step: 74, train_lr: 0.001
TORCHFORT::WANDB: model: alpha, step: 74, train_loss: -2.69089
TORCHFORT::WANDB: model: alpha, step: 74, train_lr: 0.0001
TORCHFORT::WANDB: model: critic_0, step: 75, train_loss: 0.0702593
TORCHFORT::WANDB: model: critic_0, step: 75, train_lr: 0.001
TORCHFORT::WANDB: model: actor, step: 75, train_loss: -2.14189
TORCHFORT::WANDB: model: actor, step: 75, train_lr: 0.001
TORCHFORT::WANDB: model: alpha, step: 75, train_loss: -2.69768
TORCHFORT::WANDB: model: alpha, step: 75, train_lr: 0.0001
TORCHFORT::WANDB: model: critic_0, step: 76, train_loss: 0.0607673
TORCHFORT::WANDB: model: critic_0, step: 76, train_lr: 0.001
TORCHFORT::WANDB: model: actor, step: 76, train_loss: -2.16409
TORCHFORT::WANDB: model: actor, step: 76, train_lr: 0.001
TORCHFORT::WANDB: model: alpha, step: 76, train_loss: -2.69357
TORCHFORT::WANDB: model: alpha, step: 76, train_lr: 0.0001
TORCHFORT::WANDB: model: critic_0, step: 77, train_loss: 0.0831657
TORCHFORT::WANDB: model: critic_0, step: 77, train_lr: 0.001
TORCHFORT::WANDB: model: actor, step: 77, train_loss: -2.16971
TORCHFORT::WANDB: model: actor, step: 77, train_lr: 0.001
TORCHFORT::WANDB: model: alpha, step: 77, train_loss: -2.69552
TORCHFORT::WANDB: model: alpha, step: 77, train_lr: 0.0001
TORCHFORT::WANDB: model: critic_0, step: 78, train_loss: 0.063845
TORCHFORT::WANDB: model: critic_0, step: 78, train_lr: 0.001
TORCHFORT::WANDB: model: actor, step: 78, train_loss: -2.1665
TORCHFORT::WANDB: model: actor, step: 78, train_lr: 0.001
TORCHFORT::WANDB: model: alpha, step: 78, train_loss: -2.6987
TORCHFORT::WANDB: model: alpha, step: 78, train_lr: 0.0001
TORCHFORT::WANDB: model: critic_0, step: 79, train_loss: 0.0730617
TORCHFORT::WANDB: model: critic_0, step: 79, train_lr: 0.001
TORCHFORT::WANDB: model: actor, step: 79, train_loss: -2.14006
TORCHFORT::WANDB: model: actor, step: 79, train_lr: 0.001
TORCHFORT::WANDB: model: alpha, step: 79, train_loss: -2.69208
TORCHFORT::WANDB: model: alpha, step: 79, train_lr: 0.0001
TORCHFORT::WANDB: model: critic_0, step: 80, train_loss: 0.0664944
TORCHFORT::WANDB: model: critic_0, step: 80, train_lr: 0.001
TORCHFORT::WANDB: model: actor, step: 80, train_loss: -2.12562
TORCHFORT::WANDB: model: actor, step: 80, train_lr: 0.001
TORCHFORT::WANDB: model: alpha, step: 80, train_loss: -2.68228
TORCHFORT::WANDB: model: alpha, step: 80, train_lr: 0.0001
TORCHFORT::WANDB: model: rlwm, step: 4, reward_sum: 21202.7
TORCHFORT::WANDB: model: rlwm, step: 4, reward_sum: 21202.7
TORCHFORT::WANDB: model: rlwm, step: 4, reward_sum: 21202.7
TORCHFORT::WANDB: model: rlwm, step: 4, reward_sum: 21202.7
TORCHFORT::WANDB: model: rlwm, step: 4, reward_sum: 21202.7
TORCHFORT::WANDB: model: rlwm, step: 4, reward_sum: 21202.7
TORCHFORT::WANDB: model: rlwm, step: 4, reward_sum: 21202.7
TORCHFORT::WANDB: model: rlwm, step: 4, reward_sum: 21202.7
TORCHFORT::WANDB: model: critic_0, step: 81, train_loss: 0.106234
TORCHFORT::WANDB: model: critic_0, step: 81, train_lr: 0.001
TORCHFORT::WANDB: model: actor, step: 81, train_loss: -2.3759
TORCHFORT::WANDB: model: actor, step: 81, train_lr: 0.001
TORCHFORT::WANDB: model: alpha, step: 81, train_loss: -2.69191
TORCHFORT::WANDB: model: alpha, step: 81, train_lr: 0.0001
TORCHFORT::WANDB: model: critic_0, step: 82, train_loss: 0.0991951
TORCHFORT::WANDB: model: critic_0, step: 82, train_lr: 0.001
TORCHFORT::WANDB: model: actor, step: 82, train_loss: -2.37501
TORCHFORT::WANDB: model: actor, step: 82, train_lr: 0.001
TORCHFORT::WANDB: model: alpha, step: 82, train_loss: -2.68889
TORCHFORT::WANDB: model: alpha, step: 82, train_lr: 0.0001
TORCHFORT::WANDB: model: critic_0, step: 83, train_loss: 0.0961381
TORCHFORT::WANDB: model: critic_0, step: 83, train_lr: 0.001
TORCHFORT::WANDB: model: actor, step: 83, train_loss: -2.39284
TORCHFORT::WANDB: model: actor, step: 83, train_lr: 0.001
TORCHFORT::WANDB: model: alpha, step: 83, train_loss: -2.68939
TORCHFORT::WANDB: model: alpha, step: 83, train_lr: 0.0001
TORCHFORT::WANDB: model: critic_0, step: 84, train_loss: 0.100956
TORCHFORT::WANDB: model: critic_0, step: 84, train_lr: 0.001
TORCHFORT::WANDB: model: actor, step: 84, train_loss: -2.39872
TORCHFORT::WANDB: model: actor, step: 84, train_lr: 0.001
TORCHFORT::WANDB: model: alpha, step: 84, train_loss: -2.68538
TORCHFORT::WANDB: model: alpha, step: 84, train_lr: 0.0001
TORCHFORT::WANDB: model: critic_0, step: 85, train_loss: 0.0878411
TORCHFORT::WANDB: model: critic_0, step: 85, train_lr: 0.001
TORCHFORT::WANDB: model: actor, step: 85, train_loss: -2.3871
TORCHFORT::WANDB: model: actor, step: 85, train_lr: 0.001
TORCHFORT::WANDB: model: alpha, step: 85, train_loss: -2.68843
TORCHFORT::WANDB: model: alpha, step: 85, train_lr: 0.0001
TORCHFORT::WANDB: model: critic_0, step: 86, train_loss: 0.0911456
TORCHFORT::WANDB: model: critic_0, step: 86, train_lr: 0.001
TORCHFORT::WANDB: model: actor, step: 86, train_loss: -2.39736
TORCHFORT::WANDB: model: actor, step: 86, train_lr: 0.001
TORCHFORT::WANDB: model: alpha, step: 86, train_loss: -2.70181
TORCHFORT::WANDB: model: alpha, step: 86, train_lr: 0.0001
TORCHFORT::WANDB: model: critic_0, step: 87, train_loss: 0.0845354
TORCHFORT::WANDB: model: critic_0, step: 87, train_lr: 0.001
TORCHFORT::WANDB: model: actor, step: 87, train_loss: -2.40694
TORCHFORT::WANDB: model: actor, step: 87, train_lr: 0.001
TORCHFORT::WANDB: model: alpha, step: 87, train_loss: -2.70103
TORCHFORT::WANDB: model: alpha, step: 87, train_lr: 0.0001
TORCHFORT::WANDB: model: critic_0, step: 88, train_loss: 0.0791856
TORCHFORT::WANDB: model: critic_0, step: 88, train_lr: 0.001
TORCHFORT::WANDB: model: actor, step: 88, train_loss: -2.41013
TORCHFORT::WANDB: model: actor, step: 88, train_lr: 0.001
TORCHFORT::WANDB: model: alpha, step: 88, train_loss: -2.70302
TORCHFORT::WANDB: model: alpha, step: 88, train_lr: 0.0001
TORCHFORT::WANDB: model: critic_0, step: 89, train_loss: 0.101776
TORCHFORT::WANDB: model: critic_0, step: 89, train_lr: 0.001
TORCHFORT::WANDB: model: actor, step: 89, train_loss: -2.40365
TORCHFORT::WANDB: model: actor, step: 89, train_lr: 0.001
TORCHFORT::WANDB: model: alpha, step: 89, train_loss: -2.70008
TORCHFORT::WANDB: model: alpha, step: 89, train_lr: 0.0001
TORCHFORT::WANDB: model: critic_0, step: 90, train_loss: 0.0843781
TORCHFORT::WANDB: model: critic_0, step: 90, train_lr: 0.001
TORCHFORT::WANDB: model: actor, step: 90, train_loss: -2.35335
TORCHFORT::WANDB: model: actor, step: 90, train_lr: 0.001
TORCHFORT::WANDB: model: alpha, step: 90, train_loss: -2.70151
TORCHFORT::WANDB: model: alpha, step: 90, train_lr: 0.0001
TORCHFORT::WANDB: model: critic_0, step: 91, train_loss: 0.0981345
TORCHFORT::WANDB: model: critic_0, step: 91, train_lr: 0.001
TORCHFORT::WANDB: model: actor, step: 91, train_loss: -2.39436
TORCHFORT::WANDB: model: actor, step: 91, train_lr: 0.001
TORCHFORT::WANDB: model: alpha, step: 91, train_loss: -2.70338
TORCHFORT::WANDB: model: alpha, step: 91, train_lr: 0.0001
TORCHFORT::WANDB: model: critic_0, step: 92, train_loss: 0.0888354
TORCHFORT::WANDB: model: critic_0, step: 92, train_lr: 0.001
TORCHFORT::WANDB: model: actor, step: 92, train_loss: -2.39669
TORCHFORT::WANDB: model: actor, step: 92, train_lr: 0.001
TORCHFORT::WANDB: model: alpha, step: 92, train_loss: -2.69013
TORCHFORT::WANDB: model: alpha, step: 92, train_lr: 0.0001
TORCHFORT::WANDB: model: critic_0, step: 93, train_loss: 0.0898704
TORCHFORT::WANDB: model: critic_0, step: 93, train_lr: 0.001
TORCHFORT::WANDB: model: actor, step: 93, train_loss: -2.4034
TORCHFORT::WANDB: model: actor, step: 93, train_lr: 0.001
TORCHFORT::WANDB: model: alpha, step: 93, train_loss: -2.68851
TORCHFORT::WANDB: model: alpha, step: 93, train_lr: 0.0001
TORCHFORT::WANDB: model: critic_0, step: 94, train_loss: 0.0986479
TORCHFORT::WANDB: model: critic_0, step: 94, train_lr: 0.001
TORCHFORT::WANDB: model: actor, step: 94, train_loss: -2.38017
TORCHFORT::WANDB: model: actor, step: 94, train_lr: 0.001
TORCHFORT::WANDB: model: alpha, step: 94, train_loss: -2.68889
TORCHFORT::WANDB: model: alpha, step: 94, train_lr: 0.0001
TORCHFORT::WANDB: model: critic_0, step: 95, train_loss: 0.092701
TORCHFORT::WANDB: model: critic_0, step: 95, train_lr: 0.001
TORCHFORT::WANDB: model: actor, step: 95, train_loss: -2.3749
TORCHFORT::WANDB: model: actor, step: 95, train_lr: 0.001
TORCHFORT::WANDB: model: alpha, step: 95, train_loss: -2.69328
TORCHFORT::WANDB: model: alpha, step: 95, train_lr: 0.0001
TORCHFORT::WANDB: model: critic_0, step: 96, train_loss: 0.0847186
TORCHFORT::WANDB: model: critic_0, step: 96, train_lr: 0.001
TORCHFORT::WANDB: model: actor, step: 96, train_loss: -2.41043
TORCHFORT::WANDB: model: actor, step: 96, train_lr: 0.001
TORCHFORT::WANDB: model: alpha, step: 96, train_loss: -2.69623
TORCHFORT::WANDB: model: alpha, step: 96, train_lr: 0.0001
TORCHFORT::WANDB: model: critic_0, step: 97, train_loss: 0.0933658
TORCHFORT::WANDB: model: critic_0, step: 97, train_lr: 0.001
TORCHFORT::WANDB: model: actor, step: 97, train_loss: -2.42919
TORCHFORT::WANDB: model: actor, step: 97, train_lr: 0.001
TORCHFORT::WANDB: model: alpha, step: 97, train_loss: -2.69695
TORCHFORT::WANDB: model: alpha, step: 97, train_lr: 0.0001
TORCHFORT::WANDB: model: critic_0, step: 98, train_loss: 0.0743435
TORCHFORT::WANDB: model: critic_0, step: 98, train_lr: 0.001
TORCHFORT::WANDB: model: actor, step: 98, train_loss: -2.42106
TORCHFORT::WANDB: model: actor, step: 98, train_lr: 0.001
TORCHFORT::WANDB: model: alpha, step: 98, train_loss: -2.70144
TORCHFORT::WANDB: model: alpha, step: 98, train_lr: 0.0001
TORCHFORT::WANDB: model: critic_0, step: 99, train_loss: 0.0884711
TORCHFORT::WANDB: model: critic_0, step: 99, train_lr: 0.001
TORCHFORT::WANDB: model: actor, step: 99, train_loss: -2.40566
TORCHFORT::WANDB: model: actor, step: 99, train_lr: 0.001
TORCHFORT::WANDB: model: alpha, step: 99, train_loss: -2.69487
TORCHFORT::WANDB: model: alpha, step: 99, train_lr: 0.0001
TORCHFORT::WANDB: model: critic_0, step: 100, train_loss: 0.0866146
TORCHFORT::WANDB: model: critic_0, step: 100, train_lr: 0.001
TORCHFORT::WANDB: model: actor, step: 100, train_loss: -2.37962
TORCHFORT::WANDB: model: actor, step: 100, train_lr: 0.001
TORCHFORT::WANDB: model: alpha, step: 100, train_loss: -2.69781
TORCHFORT::WANDB: model: alpha, step: 100, train_lr: 0.0001
TORCHFORT::WANDB: model: rlwm, step: 5, reward_sum: 27340.2
TORCHFORT::WANDB: model: rlwm, step: 5, reward_sum: 27340.2
TORCHFORT::WANDB: model: rlwm, step: 5, reward_sum: 27340.2
TORCHFORT::WANDB: model: rlwm, step: 5, reward_sum: 27340.2
TORCHFORT::WANDB: model: rlwm, step: 5, reward_sum: 27340.2
TORCHFORT::WANDB: model: rlwm, step: 5, reward_sum: 27340.2
TORCHFORT::WANDB: model: rlwm, step: 5, reward_sum: 27340.2
TORCHFORT::WANDB: model: rlwm, step: 5, reward_sum: 27340.2
TORCHFORT::WANDB: model: critic_0, step: 101, train_loss: 0.146261
TORCHFORT::WANDB: model: critic_0, step: 101, train_lr: 0.001
TORCHFORT::WANDB: model: actor, step: 101, train_loss: -2.65699
TORCHFORT::WANDB: model: actor, step: 101, train_lr: 0.001
TORCHFORT::WANDB: model: alpha, step: 101, train_loss: -2.69023
TORCHFORT::WANDB: model: alpha, step: 101, train_lr: 0.0001
TORCHFORT::WANDB: model: critic_0, step: 102, train_loss: 0.155417
TORCHFORT::WANDB: model: critic_0, step: 102, train_lr: 0.001
TORCHFORT::WANDB: model: actor, step: 102, train_loss: -2.69588
TORCHFORT::WANDB: model: actor, step: 102, train_lr: 0.001
TORCHFORT::WANDB: model: alpha, step: 102, train_loss: -2.68867
TORCHFORT::WANDB: model: alpha, step: 102, train_lr: 0.0001
TORCHFORT::WANDB: model: critic_0, step: 103, train_loss: 0.1359
TORCHFORT::WANDB: model: critic_0, step: 103, train_lr: 0.001
TORCHFORT::WANDB: model: actor, step: 103, train_loss: -2.67732
TORCHFORT::WANDB: model: actor, step: 103, train_lr: 0.001
TORCHFORT::WANDB: model: alpha, step: 103, train_loss: -2.68956
TORCHFORT::WANDB: model: alpha, step: 103, train_lr: 0.0001
TORCHFORT::WANDB: model: critic_0, step: 104, train_loss: 0.131517
TORCHFORT::WANDB: model: critic_0, step: 104, train_lr: 0.001
TORCHFORT::WANDB: model: actor, step: 104, train_loss: -2.66396
TORCHFORT::WANDB: model: actor, step: 104, train_lr: 0.001
TORCHFORT::WANDB: model: alpha, step: 104, train_loss: -2.6901
TORCHFORT::WANDB: model: alpha, step: 104, train_lr: 0.0001
TORCHFORT::WANDB: model: critic_0, step: 105, train_loss: 0.145361
TORCHFORT::WANDB: model: critic_0, step: 105, train_lr: 0.001
TORCHFORT::WANDB: model: actor, step: 105, train_loss: -2.65084
TORCHFORT::WANDB: model: actor, step: 105, train_lr: 0.001
TORCHFORT::WANDB: model: alpha, step: 105, train_loss: -2.69561
TORCHFORT::WANDB: model: alpha, step: 105, train_lr: 0.0001
TORCHFORT::WANDB: model: critic_0, step: 106, train_loss: 0.148711
TORCHFORT::WANDB: model: critic_0, step: 106, train_lr: 0.001
TORCHFORT::WANDB: model: actor, step: 106, train_loss: -2.6668
TORCHFORT::WANDB: model: actor, step: 106, train_lr: 0.001
TORCHFORT::WANDB: model: alpha, step: 106, train_loss: -2.69269
TORCHFORT::WANDB: model: alpha, step: 106, train_lr: 0.0001
TORCHFORT::WANDB: model: critic_0, step: 107, train_loss: 0.1583
TORCHFORT::WANDB: model: critic_0, step: 107, train_lr: 0.001
TORCHFORT::WANDB: model: actor, step: 107, train_loss: -2.69768
TORCHFORT::WANDB: model: actor, step: 107, train_lr: 0.001
TORCHFORT::WANDB: model: alpha, step: 107, train_loss: -2.6961
TORCHFORT::WANDB: model: alpha, step: 107, train_lr: 0.0001
TORCHFORT::WANDB: model: critic_0, step: 108, train_loss: 0.160418
TORCHFORT::WANDB: model: critic_0, step: 108, train_lr: 0.001
TORCHFORT::WANDB: model: actor, step: 108, train_loss: -2.67945
TORCHFORT::WANDB: model: actor, step: 108, train_lr: 0.001
TORCHFORT::WANDB: model: alpha, step: 108, train_loss: -2.69871
TORCHFORT::WANDB: model: alpha, step: 108, train_lr: 0.0001
TORCHFORT::WANDB: model: critic_0, step: 109, train_loss: 0.143476
TORCHFORT::WANDB: model: critic_0, step: 109, train_lr: 0.001
TORCHFORT::WANDB: model: actor, step: 109, train_loss: -2.64827
TORCHFORT::WANDB: model: actor, step: 109, train_lr: 0.001
TORCHFORT::WANDB: model: alpha, step: 109, train_loss: -2.69914
TORCHFORT::WANDB: model: alpha, step: 109, train_lr: 0.0001
TORCHFORT::WANDB: model: critic_0, step: 110, train_loss: 0.148522
TORCHFORT::WANDB: model: critic_0, step: 110, train_lr: 0.001
TORCHFORT::WANDB: model: actor, step: 110, train_loss: -2.66648
TORCHFORT::WANDB: model: actor, step: 110, train_lr: 0.001
TORCHFORT::WANDB: model: alpha, step: 110, train_loss: -2.70058
TORCHFORT::WANDB: model: alpha, step: 110, train_lr: 0.0001
TORCHFORT::WANDB: model: critic_0, step: 111, train_loss: 0.15487
TORCHFORT::WANDB: model: critic_0, step: 111, train_lr: 0.001
TORCHFORT::WANDB: model: actor, step: 111, train_loss: -2.68441
TORCHFORT::WANDB: model: actor, step: 111, train_lr: 0.001
TORCHFORT::WANDB: model: alpha, step: 111, train_loss: -2.70006
TORCHFORT::WANDB: model: alpha, step: 111, train_lr: 0.0001
TORCHFORT::WANDB: model: critic_0, step: 112, train_loss: 0.148659
TORCHFORT::WANDB: model: critic_0, step: 112, train_lr: 0.001
TORCHFORT::WANDB: model: actor, step: 112, train_loss: -2.68776
TORCHFORT::WANDB: model: actor, step: 112, train_lr: 0.001
TORCHFORT::WANDB: model: alpha, step: 112, train_loss: -2.70498
TORCHFORT::WANDB: model: alpha, step: 112, train_lr: 0.0001
TORCHFORT::WANDB: model: critic_0, step: 113, train_loss: 0.151782
TORCHFORT::WANDB: model: critic_0, step: 113, train_lr: 0.001
TORCHFORT::WANDB: model: actor, step: 113, train_loss: -2.67255
TORCHFORT::WANDB: model: actor, step: 113, train_lr: 0.001
TORCHFORT::WANDB: model: alpha, step: 113, train_loss: -2.70445
TORCHFORT::WANDB: model: alpha, step: 113, train_lr: 0.0001
TORCHFORT::WANDB: model: critic_0, step: 114, train_loss: 0.155979
TORCHFORT::WANDB: model: critic_0, step: 114, train_lr: 0.001
TORCHFORT::WANDB: model: actor, step: 114, train_loss: -2.69096
TORCHFORT::WANDB: model: actor, step: 114, train_lr: 0.001
TORCHFORT::WANDB: model: alpha, step: 114, train_loss: -2.70479
TORCHFORT::WANDB: model: alpha, step: 114, train_lr: 0.0001
TORCHFORT::WANDB: model: critic_0, step: 115, train_loss: 0.135211
TORCHFORT::WANDB: model: critic_0, step: 115, train_lr: 0.001
TORCHFORT::WANDB: model: actor, step: 115, train_loss: -2.68206
TORCHFORT::WANDB: model: actor, step: 115, train_lr: 0.001
TORCHFORT::WANDB: model: alpha, step: 115, train_loss: -2.7113
TORCHFORT::WANDB: model: alpha, step: 115, train_lr: 0.0001
TORCHFORT::WANDB: model: critic_0, step: 116, train_loss: 0.143374
TORCHFORT::WANDB: model: critic_0, step: 116, train_lr: 0.001
TORCHFORT::WANDB: model: actor, step: 116, train_loss: -2.69533
TORCHFORT::WANDB: model: actor, step: 116, train_lr: 0.001
TORCHFORT::WANDB: model: alpha, step: 116, train_loss: -2.70544
TORCHFORT::WANDB: model: alpha, step: 116, train_lr: 0.0001
TORCHFORT::WANDB: model: critic_0, step: 117, train_loss: 0.155872
TORCHFORT::WANDB: model: critic_0, step: 117, train_lr: 0.001
TORCHFORT::WANDB: model: actor, step: 117, train_loss: -2.70138
TORCHFORT::WANDB: model: actor, step: 117, train_lr: 0.001
TORCHFORT::WANDB: model: alpha, step: 117, train_loss: -2.70858
TORCHFORT::WANDB: model: alpha, step: 117, train_lr: 0.0001
TORCHFORT::WANDB: model: critic_0, step: 118, train_loss: 0.142914
TORCHFORT::WANDB: model: critic_0, step: 118, train_lr: 0.001
TORCHFORT::WANDB: model: actor, step: 118, train_loss: -2.69329
TORCHFORT::WANDB: model: actor, step: 118, train_lr: 0.001
TORCHFORT::WANDB: model: alpha, step: 118, train_loss: -2.70572
TORCHFORT::WANDB: model: alpha, step: 118, train_lr: 0.0001
TORCHFORT::WANDB: model: critic_0, step: 119, train_loss: 0.156495
TORCHFORT::WANDB: model: critic_0, step: 119, train_lr: 0.001
TORCHFORT::WANDB: model: actor, step: 119, train_loss: -2.69367
TORCHFORT::WANDB: model: actor, step: 119, train_lr: 0.001
TORCHFORT::WANDB: model: alpha, step: 119, train_loss: -2.70836
TORCHFORT::WANDB: model: alpha, step: 119, train_lr: 0.0001
TORCHFORT::WANDB: model: critic_0, step: 120, train_loss: 0.162032
TORCHFORT::WANDB: model: critic_0, step: 120, train_lr: 0.001
TORCHFORT::WANDB: model: actor, step: 120, train_loss: -2.69667
TORCHFORT::WANDB: model: actor, step: 120, train_lr: 0.001
TORCHFORT::WANDB: model: alpha, step: 120, train_loss: -2.71211
TORCHFORT::WANDB: model: alpha, step: 120, train_lr: 0.0001
TORCHFORT::WANDB: model: rlwm, step: 6, reward_sum: 50280.7
TORCHFORT::WANDB: model: rlwm, step: 6, reward_sum: 50280.7
TORCHFORT::WANDB: model: rlwm, step: 6, reward_sum: 50280.7
TORCHFORT::WANDB: model: rlwm, step: 6, reward_sum: 50280.7
TORCHFORT::WANDB: model: rlwm, step: 6, reward_sum: 50280.7
TORCHFORT::WANDB: model: rlwm, step: 6, reward_sum: 50280.7
TORCHFORT::WANDB: model: rlwm, step: 6, reward_sum: 50280.7
TORCHFORT::WANDB: model: rlwm, step: 6, reward_sum: 50280.7
TORCHFORT::WANDB: model: critic_0, step: 121, train_loss: 0.325251
TORCHFORT::WANDB: model: critic_0, step: 121, train_lr: 0.001
TORCHFORT::WANDB: model: actor, step: 121, train_loss: -2.85602
TORCHFORT::WANDB: model: actor, step: 121, train_lr: 0.001
TORCHFORT::WANDB: model: alpha, step: 121, train_loss: -2.71455
TORCHFORT::WANDB: model: alpha, step: 121, train_lr: 0.0001
TORCHFORT::WANDB: model: critic_0, step: 122, train_loss: 0.343354
TORCHFORT::WANDB: model: critic_0, step: 122, train_lr: 0.001
TORCHFORT::WANDB: model: actor, step: 122, train_loss: -2.8634
TORCHFORT::WANDB: model: actor, step: 122, train_lr: 0.001
TORCHFORT::WANDB: model: alpha, step: 122, train_loss: -2.71108
TORCHFORT::WANDB: model: alpha, step: 122, train_lr: 0.0001
TORCHFORT::WANDB: model: critic_0, step: 123, train_loss: 0.368293
TORCHFORT::WANDB: model: critic_0, step: 123, train_lr: 0.001
TORCHFORT::WANDB: model: actor, step: 123, train_loss: -2.89926
TORCHFORT::WANDB: model: actor, step: 123, train_lr: 0.001
TORCHFORT::WANDB: model: alpha, step: 123, train_loss: -2.70673
TORCHFORT::WANDB: model: alpha, step: 123, train_lr: 0.0001
TORCHFORT::WANDB: model: critic_0, step: 124, train_loss: 0.344651
TORCHFORT::WANDB: model: critic_0, step: 124, train_lr: 0.001
TORCHFORT::WANDB: model: actor, step: 124, train_loss: -2.91101
TORCHFORT::WANDB: model: actor, step: 124, train_lr: 0.001
TORCHFORT::WANDB: model: alpha, step: 124, train_loss: -2.7118
TORCHFORT::WANDB: model: alpha, step: 124, train_lr: 0.0001
TORCHFORT::WANDB: model: critic_0, step: 125, train_loss: 0.38535
TORCHFORT::WANDB: model: critic_0, step: 125, train_lr: 0.001
TORCHFORT::WANDB: model: actor, step: 125, train_loss: -2.87763
TORCHFORT::WANDB: model: actor, step: 125, train_lr: 0.001
TORCHFORT::WANDB: model: alpha, step: 125, train_loss: -2.71176
TORCHFORT::WANDB: model: alpha, step: 125, train_lr: 0.0001
TORCHFORT::WANDB: model: critic_0, step: 126, train_loss: 0.31962
TORCHFORT::WANDB: model: critic_0, step: 126, train_lr: 0.001
TORCHFORT::WANDB: model: actor, step: 126, train_loss: -2.85992
TORCHFORT::WANDB: model: actor, step: 126, train_lr: 0.001
TORCHFORT::WANDB: model: alpha, step: 126, train_loss: -2.71599
TORCHFORT::WANDB: model: alpha, step: 126, train_lr: 0.0001
TORCHFORT::WANDB: model: critic_0, step: 127, train_loss: 0.305073
TORCHFORT::WANDB: model: critic_0, step: 127, train_lr: 0.001
TORCHFORT::WANDB: model: actor, step: 127, train_loss: -2.89719
TORCHFORT::WANDB: model: actor, step: 127, train_lr: 0.001
TORCHFORT::WANDB: model: alpha, step: 127, train_loss: -2.71785
TORCHFORT::WANDB: model: alpha, step: 127, train_lr: 0.0001
TORCHFORT::WANDB: model: critic_0, step: 128, train_loss: 0.306584
TORCHFORT::WANDB: model: critic_0, step: 128, train_lr: 0.001
TORCHFORT::WANDB: model: actor, step: 128, train_loss: -2.92712
TORCHFORT::WANDB: model: actor, step: 128, train_lr: 0.001
TORCHFORT::WANDB: model: alpha, step: 128, train_loss: -2.71836
TORCHFORT::WANDB: model: alpha, step: 128, train_lr: 0.0001
TORCHFORT::WANDB: model: critic_0, step: 129, train_loss: 0.3129
TORCHFORT::WANDB: model: critic_0, step: 129, train_lr: 0.001
TORCHFORT::WANDB: model: actor, step: 129, train_loss: -2.8909
TORCHFORT::WANDB: model: actor, step: 129, train_lr: 0.001
TORCHFORT::WANDB: model: alpha, step: 129, train_loss: -2.71769
TORCHFORT::WANDB: model: alpha, step: 129, train_lr: 0.0001
TORCHFORT::WANDB: model: critic_0, step: 130, train_loss: 0.326153
TORCHFORT::WANDB: model: critic_0, step: 130, train_lr: 0.001
TORCHFORT::WANDB: model: actor, step: 130, train_loss: -2.89143
TORCHFORT::WANDB: model: actor, step: 130, train_lr: 0.001
TORCHFORT::WANDB: model: alpha, step: 130, train_loss: -2.71315
TORCHFORT::WANDB: model: alpha, step: 130, train_lr: 0.0001
TORCHFORT::WANDB: model: critic_0, step: 131, train_loss: 0.345218
TORCHFORT::WANDB: model: critic_0, step: 131, train_lr: 0.001
TORCHFORT::WANDB: model: actor, step: 131, train_loss: -2.89259
TORCHFORT::WANDB: model: actor, step: 131, train_lr: 0.001
TORCHFORT::WANDB: model: alpha, step: 131, train_loss: -2.72046
TORCHFORT::WANDB: model: alpha, step: 131, train_lr: 0.0001
TORCHFORT::WANDB: model: critic_0, step: 132, train_loss: 0.312042
TORCHFORT::WANDB: model: critic_0, step: 132, train_lr: 0.001
TORCHFORT::WANDB: model: actor, step: 132, train_loss: -2.90999
TORCHFORT::WANDB: model: actor, step: 132, train_lr: 0.001
TORCHFORT::WANDB: model: alpha, step: 132, train_loss: -2.72009
TORCHFORT::WANDB: model: alpha, step: 132, train_lr: 0.0001
TORCHFORT::WANDB: model: critic_0, step: 133, train_loss: 0.342642
TORCHFORT::WANDB: model: critic_0, step: 133, train_lr: 0.001
TORCHFORT::WANDB: model: actor, step: 133, train_loss: -2.92619
TORCHFORT::WANDB: model: actor, step: 133, train_lr: 0.001
TORCHFORT::WANDB: model: alpha, step: 133, train_loss: -2.72014
TORCHFORT::WANDB: model: alpha, step: 133, train_lr: 0.0001
TORCHFORT::WANDB: model: critic_0, step: 134, train_loss: 0.33028
TORCHFORT::WANDB: model: critic_0, step: 134, train_lr: 0.001
TORCHFORT::WANDB: model: actor, step: 134, train_loss: -2.85392
TORCHFORT::WANDB: model: actor, step: 134, train_lr: 0.001
TORCHFORT::WANDB: model: alpha, step: 134, train_loss: -2.71539
TORCHFORT::WANDB: model: alpha, step: 134, train_lr: 0.0001
TORCHFORT::WANDB: model: critic_0, step: 135, train_loss: 0.304714
TORCHFORT::WANDB: model: critic_0, step: 135, train_lr: 0.001
TORCHFORT::WANDB: model: actor, step: 135, train_loss: -2.85052
TORCHFORT::WANDB: model: actor, step: 135, train_lr: 0.001
TORCHFORT::WANDB: model: alpha, step: 135, train_loss: -2.7175
TORCHFORT::WANDB: model: alpha, step: 135, train_lr: 0.0001
TORCHFORT::WANDB: model: critic_0, step: 136, train_loss: 0.341925
TORCHFORT::WANDB: model: critic_0, step: 136, train_lr: 0.001
TORCHFORT::WANDB: model: actor, step: 136, train_loss: -2.86108
TORCHFORT::WANDB: model: actor, step: 136, train_lr: 0.001
TORCHFORT::WANDB: model: alpha, step: 136, train_loss: -2.71412
TORCHFORT::WANDB: model: alpha, step: 136, train_lr: 0.0001
TORCHFORT::WANDB: model: critic_0, step: 137, train_loss: 0.301881
TORCHFORT::WANDB: model: critic_0, step: 137, train_lr: 0.001
TORCHFORT::WANDB: model: actor, step: 137, train_loss: -2.88668
TORCHFORT::WANDB: model: actor, step: 137, train_lr: 0.001
TORCHFORT::WANDB: model: alpha, step: 137, train_loss: -2.71561
TORCHFORT::WANDB: model: alpha, step: 137, train_lr: 0.0001
TORCHFORT::WANDB: model: critic_0, step: 138, train_loss: 0.326005
TORCHFORT::WANDB: model: critic_0, step: 138, train_lr: 0.001
TORCHFORT::WANDB: model: actor, step: 138, train_loss: -2.90704
TORCHFORT::WANDB: model: actor, step: 138, train_lr: 0.001
TORCHFORT::WANDB: model: alpha, step: 138, train_loss: -2.71993
TORCHFORT::WANDB: model: alpha, step: 138, train_lr: 0.0001
TORCHFORT::WANDB: model: critic_0, step: 139, train_loss: 0.294213
TORCHFORT::WANDB: model: critic_0, step: 139, train_lr: 0.001
TORCHFORT::WANDB: model: actor, step: 139, train_loss: -2.87798
TORCHFORT::WANDB: model: actor, step: 139, train_lr: 0.001
TORCHFORT::WANDB: model: alpha, step: 139, train_loss: -2.72209
TORCHFORT::WANDB: model: alpha, step: 139, train_lr: 0.0001
TORCHFORT::WANDB: model: critic_0, step: 140, train_loss: 0.336857
TORCHFORT::WANDB: model: critic_0, step: 140, train_lr: 0.001
TORCHFORT::WANDB: model: actor, step: 140, train_loss: -2.89901
TORCHFORT::WANDB: model: actor, step: 140, train_lr: 0.001
TORCHFORT::WANDB: model: alpha, step: 140, train_loss: -2.72526
TORCHFORT::WANDB: model: alpha, step: 140, train_lr: 0.0001
TORCHFORT::WANDB: model: rlwm, step: 7, reward_sum: 53343.4
TORCHFORT::WANDB: model: rlwm, step: 7, reward_sum: 53343.4
TORCHFORT::WANDB: model: rlwm, step: 7, reward_sum: 53343.4
TORCHFORT::WANDB: model: rlwm, step: 7, reward_sum: 53343.4
TORCHFORT::WANDB: model: rlwm, step: 7, reward_sum: 53343.4
TORCHFORT::WANDB: model: rlwm, step: 7, reward_sum: 53343.4
TORCHFORT::WANDB: model: rlwm, step: 7, reward_sum: 53343.4
TORCHFORT::WANDB: model: rlwm, step: 7, reward_sum: 53343.4
TORCHFORT::WANDB: model: critic_0, step: 141, train_loss: 0.614924
TORCHFORT::WANDB: model: critic_0, step: 141, train_lr: 0.001
TORCHFORT::WANDB: model: actor, step: 141, train_loss: -2.93628
TORCHFORT::WANDB: model: actor, step: 141, train_lr: 0.001
TORCHFORT::WANDB: model: alpha, step: 141, train_loss: -2.7201
TORCHFORT::WANDB: model: alpha, step: 141, train_lr: 0.0001
TORCHFORT::WANDB: model: critic_0, step: 142, train_loss: 0.551045
TORCHFORT::WANDB: model: critic_0, step: 142, train_lr: 0.001
TORCHFORT::WANDB: model: actor, step: 142, train_loss: -2.95344
TORCHFORT::WANDB: model: actor, step: 142, train_lr: 0.001
TORCHFORT::WANDB: model: alpha, step: 142, train_loss: -2.72519
TORCHFORT::WANDB: model: alpha, step: 142, train_lr: 0.0001
TORCHFORT::WANDB: model: critic_0, step: 143, train_loss: 0.606353
TORCHFORT::WANDB: model: critic_0, step: 143, train_lr: 0.001
TORCHFORT::WANDB: model: actor, step: 143, train_loss: -2.9905
TORCHFORT::WANDB: model: actor, step: 143, train_lr: 0.001
TORCHFORT::WANDB: model: alpha, step: 143, train_loss: -2.72065
TORCHFORT::WANDB: model: alpha, step: 143, train_lr: 0.0001
TORCHFORT::WANDB: model: critic_0, step: 144, train_loss: 0.548668
TORCHFORT::WANDB: model: critic_0, step: 144, train_lr: 0.001
TORCHFORT::WANDB: model: actor, step: 144, train_loss: -3.01111
TORCHFORT::WANDB: model: actor, step: 144, train_lr: 0.001
TORCHFORT::WANDB: model: alpha, step: 144, train_loss: -2.72116
TORCHFORT::WANDB: model: alpha, step: 144, train_lr: 0.0001
TORCHFORT::WANDB: model: critic_0, step: 145, train_loss: 0.534339
TORCHFORT::WANDB: model: critic_0, step: 145, train_lr: 0.001
TORCHFORT::WANDB: model: actor, step: 145, train_loss: -2.97728
TORCHFORT::WANDB: model: actor, step: 145, train_lr: 0.001
TORCHFORT::WANDB: model: alpha, step: 145, train_loss: -2.72278
TORCHFORT::WANDB: model: alpha, step: 145, train_lr: 0.0001
TORCHFORT::WANDB: model: critic_0, step: 146, train_loss: 0.545888
TORCHFORT::WANDB: model: critic_0, step: 146, train_lr: 0.001
TORCHFORT::WANDB: model: actor, step: 146, train_loss: -2.95825
TORCHFORT::WANDB: model: actor, step: 146, train_lr: 0.001
TORCHFORT::WANDB: model: alpha, step: 146, train_loss: -2.71414
TORCHFORT::WANDB: model: alpha, step: 146, train_lr: 0.0001
TORCHFORT::WANDB: model: critic_0, step: 147, train_loss: 0.563067
TORCHFORT::WANDB: model: critic_0, step: 147, train_lr: 0.001
TORCHFORT::WANDB: model: actor, step: 147, train_loss: -2.94506
TORCHFORT::WANDB: model: actor, step: 147, train_lr: 0.001
TORCHFORT::WANDB: model: alpha, step: 147, train_loss: -2.72008
TORCHFORT::WANDB: model: alpha, step: 147, train_lr: 0.0001
TORCHFORT::WANDB: model: critic_0, step: 148, train_loss: 0.575192
TORCHFORT::WANDB: model: critic_0, step: 148, train_lr: 0.001
TORCHFORT::WANDB: model: actor, step: 148, train_loss: -2.97066
TORCHFORT::WANDB: model: actor, step: 148, train_lr: 0.001
TORCHFORT::WANDB: model: alpha, step: 148, train_loss: -2.72148
TORCHFORT::WANDB: model: alpha, step: 148, train_lr: 0.0001
TORCHFORT::WANDB: model: critic_0, step: 149, train_loss: 0.638754
TORCHFORT::WANDB: model: critic_0, step: 149, train_lr: 0.001
TORCHFORT::WANDB: model: actor, step: 149, train_loss: -2.97193
TORCHFORT::WANDB: model: actor, step: 149, train_lr: 0.001
TORCHFORT::WANDB: model: alpha, step: 149, train_loss: -2.71836
TORCHFORT::WANDB: model: alpha, step: 149, train_lr: 0.0001
TORCHFORT::WANDB: model: critic_0, step: 150, train_loss: 0.539686
TORCHFORT::WANDB: model: critic_0, step: 150, train_lr: 0.001
TORCHFORT::WANDB: model: actor, step: 150, train_loss: -2.97476
TORCHFORT::WANDB: model: actor, step: 150, train_lr: 0.001
TORCHFORT::WANDB: model: alpha, step: 150, train_loss: -2.71627
TORCHFORT::WANDB: model: alpha, step: 150, train_lr: 0.0001
TORCHFORT::WANDB: model: critic_0, step: 151, train_loss: 0.629877
TORCHFORT::WANDB: model: critic_0, step: 151, train_lr: 0.001
TORCHFORT::WANDB: model: actor, step: 151, train_loss: -2.95065
TORCHFORT::WANDB: model: actor, step: 151, train_lr: 0.001
TORCHFORT::WANDB: model: alpha, step: 151, train_loss: -2.71988
TORCHFORT::WANDB: model: alpha, step: 151, train_lr: 0.0001
TORCHFORT::WANDB: model: critic_0, step: 152, train_loss: 0.650328
TORCHFORT::WANDB: model: critic_0, step: 152, train_lr: 0.001
TORCHFORT::WANDB: model: actor, step: 152, train_loss: -2.95502
TORCHFORT::WANDB: model: actor, step: 152, train_lr: 0.001
TORCHFORT::WANDB: model: alpha, step: 152, train_loss: -2.71693
TORCHFORT::WANDB: model: alpha, step: 152, train_lr: 0.0001
TORCHFORT::WANDB: model: critic_0, step: 153, train_loss: 0.505333
TORCHFORT::WANDB: model: critic_0, step: 153, train_lr: 0.001
TORCHFORT::WANDB: model: actor, step: 153, train_loss: -2.95781
TORCHFORT::WANDB: model: actor, step: 153, train_lr: 0.001
TORCHFORT::WANDB: model: alpha, step: 153, train_loss: -2.71434
TORCHFORT::WANDB: model: alpha, step: 153, train_lr: 0.0001
TORCHFORT::WANDB: model: critic_0, step: 154, train_loss: 0.599733
TORCHFORT::WANDB: model: critic_0, step: 154, train_lr: 0.001
TORCHFORT::WANDB: model: actor, step: 154, train_loss: -2.94403
TORCHFORT::WANDB: model: actor, step: 154, train_lr: 0.001
TORCHFORT::WANDB: model: alpha, step: 154, train_loss: -2.71423
TORCHFORT::WANDB: model: alpha, step: 154, train_lr: 0.0001
TORCHFORT::WANDB: model: critic_0, step: 155, train_loss: 0.570473
TORCHFORT::WANDB: model: critic_0, step: 155, train_lr: 0.001
TORCHFORT::WANDB: model: actor, step: 155, train_loss: -2.97801
TORCHFORT::WANDB: model: actor, step: 155, train_lr: 0.001
TORCHFORT::WANDB: model: alpha, step: 155, train_loss: -2.71121
TORCHFORT::WANDB: model: alpha, step: 155, train_lr: 0.0001
TORCHFORT::WANDB: model: critic_0, step: 156, train_loss: 0.654061
TORCHFORT::WANDB: model: critic_0, step: 156, train_lr: 0.001
TORCHFORT::WANDB: model: actor, step: 156, train_loss: -2.95308
TORCHFORT::WANDB: model: actor, step: 156, train_lr: 0.001
TORCHFORT::WANDB: model: alpha, step: 156, train_loss: -2.71167
TORCHFORT::WANDB: model: alpha, step: 156, train_lr: 0.0001
TORCHFORT::WANDB: model: critic_0, step: 157, train_loss: 0.710822
TORCHFORT::WANDB: model: critic_0, step: 157, train_lr: 0.001
TORCHFORT::WANDB: model: actor, step: 157, train_loss: -2.91766
TORCHFORT::WANDB: model: actor, step: 157, train_lr: 0.001
TORCHFORT::WANDB: model: alpha, step: 157, train_loss: -2.7167
TORCHFORT::WANDB: model: alpha, step: 157, train_lr: 0.0001
TORCHFORT::WANDB: model: critic_0, step: 158, train_loss: 0.532911
TORCHFORT::WANDB: model: critic_0, step: 158, train_lr: 0.001
TORCHFORT::WANDB: model: actor, step: 158, train_loss: -2.91816
TORCHFORT::WANDB: model: actor, step: 158, train_lr: 0.001
TORCHFORT::WANDB: model: alpha, step: 158, train_loss: -2.72234
TORCHFORT::WANDB: model: alpha, step: 158, train_lr: 0.0001
TORCHFORT::WANDB: model: critic_0, step: 159, train_loss: 0.584702
TORCHFORT::WANDB: model: critic_0, step: 159, train_lr: 0.001
TORCHFORT::WANDB: model: actor, step: 159, train_loss: -2.99453
TORCHFORT::WANDB: model: actor, step: 159, train_lr: 0.001
TORCHFORT::WANDB: model: alpha, step: 159, train_loss: -2.71659
TORCHFORT::WANDB: model: alpha, step: 159, train_lr: 0.0001
TORCHFORT::WANDB: model: critic_0, step: 160, train_loss: 0.575869
TORCHFORT::WANDB: model: critic_0, step: 160, train_lr: 0.001
TORCHFORT::WANDB: model: actor, step: 160, train_loss: -3.01461
TORCHFORT::WANDB: model: actor, step: 160, train_lr: 0.001
TORCHFORT::WANDB: model: alpha, step: 160, train_loss: -2.71738
TORCHFORT::WANDB: model: alpha, step: 160, train_lr: 0.0001
TORCHFORT::WANDB: model: rlwm, step: 8, reward_sum: 42299.3
TORCHFORT::WANDB: model: rlwm, step: 8, reward_sum: 42299.3
TORCHFORT::WANDB: model: rlwm, step: 8, reward_sum: 42299.3
TORCHFORT::WANDB: model: rlwm, step: 8, reward_sum: 42299.3
TORCHFORT::WANDB: model: rlwm, step: 8, reward_sum: 42299.3
TORCHFORT::WANDB: model: rlwm, step: 8, reward_sum: 42299.3
TORCHFORT::WANDB: model: rlwm, step: 8, reward_sum: 42299.3
TORCHFORT::WANDB: model: rlwm, step: 8, reward_sum: 42299.3
TORCHFORT::WANDB: model: critic_0, step: 161, train_loss: 1.55365
TORCHFORT::WANDB: model: critic_0, step: 161, train_lr: 0.001
TORCHFORT::WANDB: model: actor, step: 161, train_loss: -3.23886
TORCHFORT::WANDB: model: actor, step: 161, train_lr: 0.001
TORCHFORT::WANDB: model: alpha, step: 161, train_loss: -2.70687
TORCHFORT::WANDB: model: alpha, step: 161, train_lr: 0.0001
TORCHFORT::WANDB: model: critic_0, step: 162, train_loss: 1.82024
TORCHFORT::WANDB: model: critic_0, step: 162, train_lr: 0.001
TORCHFORT::WANDB: model: actor, step: 162, train_loss: -3.21623
TORCHFORT::WANDB: model: actor, step: 162, train_lr: 0.001
TORCHFORT::WANDB: model: alpha, step: 162, train_loss: -2.69569
TORCHFORT::WANDB: model: alpha, step: 162, train_lr: 0.0001
TORCHFORT::WANDB: model: critic_0, step: 163, train_loss: 1.53454
TORCHFORT::WANDB: model: critic_0, step: 163, train_lr: 0.001
TORCHFORT::WANDB: model: actor, step: 163, train_loss: -3.22037
TORCHFORT::WANDB: model: actor, step: 163, train_lr: 0.001
TORCHFORT::WANDB: model: alpha, step: 163, train_loss: -2.70332
TORCHFORT::WANDB: model: alpha, step: 163, train_lr: 0.0001
TORCHFORT::WANDB: model: critic_0, step: 164, train_loss: 1.30148
TORCHFORT::WANDB: model: critic_0, step: 164, train_lr: 0.001
TORCHFORT::WANDB: model: actor, step: 164, train_loss: -3.23969
TORCHFORT::WANDB: model: actor, step: 164, train_lr: 0.001
TORCHFORT::WANDB: model: alpha, step: 164, train_loss: -2.70439
TORCHFORT::WANDB: model: alpha, step: 164, train_lr: 0.0001
TORCHFORT::WANDB: model: critic_0, step: 165, train_loss: 1.55129
TORCHFORT::WANDB: model: critic_0, step: 165, train_lr: 0.001
TORCHFORT::WANDB: model: actor, step: 165, train_loss: -3.23794
TORCHFORT::WANDB: model: actor, step: 165, train_lr: 0.001
TORCHFORT::WANDB: model: alpha, step: 165, train_loss: -2.70827
TORCHFORT::WANDB: model: alpha, step: 165, train_lr: 0.0001
TORCHFORT::WANDB: model: critic_0, step: 166, train_loss: 2.12807
TORCHFORT::WANDB: model: critic_0, step: 166, train_lr: 0.001
TORCHFORT::WANDB: model: actor, step: 166, train_loss: -3.22871
TORCHFORT::WANDB: model: actor, step: 166, train_lr: 0.001
TORCHFORT::WANDB: model: alpha, step: 166, train_loss: -2.71938
TORCHFORT::WANDB: model: alpha, step: 166, train_lr: 0.0001
TORCHFORT::WANDB: model: critic_0, step: 167, train_loss: 1.59946
TORCHFORT::WANDB: model: critic_0, step: 167, train_lr: 0.001
TORCHFORT::WANDB: model: actor, step: 167, train_loss: -3.233
TORCHFORT::WANDB: model: actor, step: 167, train_lr: 0.001
TORCHFORT::WANDB: model: alpha, step: 167, train_loss: -2.72447
TORCHFORT::WANDB: model: alpha, step: 167, train_lr: 0.0001
TORCHFORT::WANDB: model: critic_0, step: 168, train_loss: 1.62009
TORCHFORT::WANDB: model: critic_0, step: 168, train_lr: 0.001
TORCHFORT::WANDB: model: actor, step: 168, train_loss: -3.19108
TORCHFORT::WANDB: model: actor, step: 168, train_lr: 0.001
TORCHFORT::WANDB: model: alpha, step: 168, train_loss: -2.71793
TORCHFORT::WANDB: model: alpha, step: 168, train_lr: 0.0001
TORCHFORT::WANDB: model: critic_0, step: 169, train_loss: 1.39579
TORCHFORT::WANDB: model: critic_0, step: 169, train_lr: 0.001
TORCHFORT::WANDB: model: actor, step: 169, train_loss: -3.20389
TORCHFORT::WANDB: model: actor, step: 169, train_lr: 0.001
TORCHFORT::WANDB: model: alpha, step: 169, train_loss: -2.72093
TORCHFORT::WANDB: model: alpha, step: 169, train_lr: 0.0001
TORCHFORT::WANDB: model: critic_0, step: 170, train_loss: 1.28602
TORCHFORT::WANDB: model: critic_0, step: 170, train_lr: 0.001
TORCHFORT::WANDB: model: actor, step: 170, train_loss: -3.28254
TORCHFORT::WANDB: model: actor, step: 170, train_lr: 0.001
TORCHFORT::WANDB: model: alpha, step: 170, train_loss: -2.72843
TORCHFORT::WANDB: model: alpha, step: 170, train_lr: 0.0001
TORCHFORT::WANDB: model: critic_0, step: 171, train_loss: 1.46179
TORCHFORT::WANDB: model: critic_0, step: 171, train_lr: 0.001
TORCHFORT::WANDB: model: actor, step: 171, train_loss: -3.31539
TORCHFORT::WANDB: model: actor, step: 171, train_lr: 0.001
TORCHFORT::WANDB: model: alpha, step: 171, train_loss: -2.72996
TORCHFORT::WANDB: model: alpha, step: 171, train_lr: 0.0001
TORCHFORT::WANDB: model: critic_0, step: 172, train_loss: 1.46876
TORCHFORT::WANDB: model: critic_0, step: 172, train_lr: 0.001
TORCHFORT::WANDB: model: actor, step: 172, train_loss: -3.22805
TORCHFORT::WANDB: model: actor, step: 172, train_lr: 0.001
TORCHFORT::WANDB: model: alpha, step: 172, train_loss: -2.72454
TORCHFORT::WANDB: model: alpha, step: 172, train_lr: 0.0001
TORCHFORT::WANDB: model: critic_0, step: 173, train_loss: 1.35427
TORCHFORT::WANDB: model: critic_0, step: 173, train_lr: 0.001
TORCHFORT::WANDB: model: actor, step: 173, train_loss: -3.22595
TORCHFORT::WANDB: model: actor, step: 173, train_lr: 0.001
TORCHFORT::WANDB: model: alpha, step: 173, train_loss: -2.72903
TORCHFORT::WANDB: model: alpha, step: 173, train_lr: 0.0001
TORCHFORT::WANDB: model: critic_0, step: 174, train_loss: 1.50653
TORCHFORT::WANDB: model: critic_0, step: 174, train_lr: 0.001
TORCHFORT::WANDB: model: actor, step: 174, train_loss: -3.23126
TORCHFORT::WANDB: model: actor, step: 174, train_lr: 0.001
TORCHFORT::WANDB: model: alpha, step: 174, train_loss: -2.73762
TORCHFORT::WANDB: model: alpha, step: 174, train_lr: 0.0001
TORCHFORT::WANDB: model: critic_0, step: 175, train_loss: 1.26635
TORCHFORT::WANDB: model: critic_0, step: 175, train_lr: 0.001
TORCHFORT::WANDB: model: actor, step: 175, train_loss: -3.2762
TORCHFORT::WANDB: model: actor, step: 175, train_lr: 0.001
TORCHFORT::WANDB: model: alpha, step: 175, train_loss: -2.73429
TORCHFORT::WANDB: model: alpha, step: 175, train_lr: 0.0001
TORCHFORT::WANDB: model: critic_0, step: 176, train_loss: 1.58802
TORCHFORT::WANDB: model: critic_0, step: 176, train_lr: 0.001
TORCHFORT::WANDB: model: actor, step: 176, train_loss: -3.32759
TORCHFORT::WANDB: model: actor, step: 176, train_lr: 0.001
TORCHFORT::WANDB: model: alpha, step: 176, train_loss: -2.72985
TORCHFORT::WANDB: model: alpha, step: 176, train_lr: 0.0001
TORCHFORT::WANDB: model: critic_0, step: 177, train_loss: 1.22077
TORCHFORT::WANDB: model: critic_0, step: 177, train_lr: 0.001
TORCHFORT::WANDB: model: actor, step: 177, train_loss: -3.30432
TORCHFORT::WANDB: model: actor, step: 177, train_lr: 0.001
TORCHFORT::WANDB: model: alpha, step: 177, train_loss: -2.72976
TORCHFORT::WANDB: model: alpha, step: 177, train_lr: 0.0001
TORCHFORT::WANDB: model: critic_0, step: 178, train_loss: 1.82519
TORCHFORT::WANDB: model: critic_0, step: 178, train_lr: 0.001
TORCHFORT::WANDB: model: actor, step: 178, train_loss: -3.21645
TORCHFORT::WANDB: model: actor, step: 178, train_lr: 0.001
TORCHFORT::WANDB: model: alpha, step: 178, train_loss: -2.73265
TORCHFORT::WANDB: model: alpha, step: 178, train_lr: 0.0001
TORCHFORT::WANDB: model: critic_0, step: 179, train_loss: 1.85725
TORCHFORT::WANDB: model: critic_0, step: 179, train_lr: 0.001
TORCHFORT::WANDB: model: actor, step: 179, train_loss: -3.19331
TORCHFORT::WANDB: model: actor, step: 179, train_lr: 0.001
TORCHFORT::WANDB: model: alpha, step: 179, train_loss: -2.73689
TORCHFORT::WANDB: model: alpha, step: 179, train_lr: 0.0001
TORCHFORT::WANDB: model: critic_0, step: 180, train_loss: 1.36604
TORCHFORT::WANDB: model: critic_0, step: 180, train_lr: 0.001
TORCHFORT::WANDB: model: actor, step: 180, train_loss: -3.25676
TORCHFORT::WANDB: model: actor, step: 180, train_lr: 0.001
TORCHFORT::WANDB: model: alpha, step: 180, train_loss: -2.73366
TORCHFORT::WANDB: model: alpha, step: 180, train_lr: 0.0001
TORCHFORT::WANDB: model: rlwm, step: 9, reward_sum: 131690
TORCHFORT::WANDB: model: rlwm, step: 9, reward_sum: 131690
TORCHFORT::WANDB: model: rlwm, step: 9, reward_sum: 131690
TORCHFORT::WANDB: model: rlwm, step: 9, reward_sum: 131690
TORCHFORT::WANDB: model: rlwm, step: 9, reward_sum: 131690
TORCHFORT::WANDB: model: rlwm, step: 9, reward_sum: 131690
TORCHFORT::WANDB: model: rlwm, step: 9, reward_sum: 131690
TORCHFORT::WANDB: model: rlwm, step: 9, reward_sum: 131690
TORCHFORT::WANDB: model: critic_0, step: 181, train_loss: 2.50155
TORCHFORT::WANDB: model: critic_0, step: 181, train_lr: 0.001
TORCHFORT::WANDB: model: actor, step: 181, train_loss: -3.27208
TORCHFORT::WANDB: model: actor, step: 181, train_lr: 0.001
TORCHFORT::WANDB: model: alpha, step: 181, train_loss: -2.73831
TORCHFORT::WANDB: model: alpha, step: 181, train_lr: 0.0001
TORCHFORT::WANDB: model: critic_0, step: 182, train_loss: 2.01723
TORCHFORT::WANDB: model: critic_0, step: 182, train_lr: 0.001
TORCHFORT::WANDB: model: actor, step: 182, train_loss: -3.12365
TORCHFORT::WANDB: model: actor, step: 182, train_lr: 0.001
TORCHFORT::WANDB: model: alpha, step: 182, train_loss: -2.7369
TORCHFORT::WANDB: model: alpha, step: 182, train_lr: 0.0001
TORCHFORT::WANDB: model: critic_0, step: 183, train_loss: 1.95162
TORCHFORT::WANDB: model: critic_0, step: 183, train_lr: 0.001
TORCHFORT::WANDB: model: actor, step: 183, train_loss: -3.09604
TORCHFORT::WANDB: model: actor, step: 183, train_lr: 0.001
TORCHFORT::WANDB: model: alpha, step: 183, train_loss: -2.73674
TORCHFORT::WANDB: model: alpha, step: 183, train_lr: 0.0001
TORCHFORT::WANDB: model: critic_0, step: 184, train_loss: 1.95798
TORCHFORT::WANDB: model: critic_0, step: 184, train_lr: 0.001
TORCHFORT::WANDB: model: actor, step: 184, train_loss: -3.16539
TORCHFORT::WANDB: model: actor, step: 184, train_lr: 0.001
TORCHFORT::WANDB: model: alpha, step: 184, train_loss: -2.73453
TORCHFORT::WANDB: model: alpha, step: 184, train_lr: 0.0001
TORCHFORT::WANDB: model: critic_0, step: 185, train_loss: 1.94728
TORCHFORT::WANDB: model: critic_0, step: 185, train_lr: 0.001
TORCHFORT::WANDB: model: actor, step: 185, train_loss: -3.28236
TORCHFORT::WANDB: model: actor, step: 185, train_lr: 0.001
TORCHFORT::WANDB: model: alpha, step: 185, train_loss: -2.73567
TORCHFORT::WANDB: model: alpha, step: 185, train_lr: 0.0001
TORCHFORT::WANDB: model: critic_0, step: 186, train_loss: 2.62543
TORCHFORT::WANDB: model: critic_0, step: 186, train_lr: 0.001
TORCHFORT::WANDB: model: actor, step: 186, train_loss: -3.35309
TORCHFORT::WANDB: model: actor, step: 186, train_lr: 0.001
TORCHFORT::WANDB: model: alpha, step: 186, train_loss: -2.73294
TORCHFORT::WANDB: model: alpha, step: 186, train_lr: 0.0001
TORCHFORT::WANDB: model: critic_0, step: 187, train_loss: 2.02822
TORCHFORT::WANDB: model: critic_0, step: 187, train_lr: 0.001
TORCHFORT::WANDB: model: actor, step: 187, train_loss: -3.26718
TORCHFORT::WANDB: model: actor, step: 187, train_lr: 0.001
TORCHFORT::WANDB: model: alpha, step: 187, train_loss: -2.7328
TORCHFORT::WANDB: model: alpha, step: 187, train_lr: 0.0001
TORCHFORT::WANDB: model: critic_0, step: 188, train_loss: 2.53043
TORCHFORT::WANDB: model: critic_0, step: 188, train_lr: 0.001
TORCHFORT::WANDB: model: actor, step: 188, train_loss: -3.18328
TORCHFORT::WANDB: model: actor, step: 188, train_lr: 0.001
TORCHFORT::WANDB: model: alpha, step: 188, train_loss: -2.72614
TORCHFORT::WANDB: model: alpha, step: 188, train_lr: 0.0001
TORCHFORT::WANDB: model: critic_0, step: 189, train_loss: 1.87643
TORCHFORT::WANDB: model: critic_0, step: 189, train_lr: 0.001
TORCHFORT::WANDB: model: actor, step: 189, train_loss: -3.11836
TORCHFORT::WANDB: model: actor, step: 189, train_lr: 0.001
TORCHFORT::WANDB: model: alpha, step: 189, train_loss: -2.72802
TORCHFORT::WANDB: model: alpha, step: 189, train_lr: 0.0001
TORCHFORT::WANDB: model: critic_0, step: 190, train_loss: 1.91175
TORCHFORT::WANDB: model: critic_0, step: 190, train_lr: 0.001
TORCHFORT::WANDB: model: actor, step: 190, train_loss: -3.15916
TORCHFORT::WANDB: model: actor, step: 190, train_lr: 0.001
TORCHFORT::WANDB: model: alpha, step: 190, train_loss: -2.7234
TORCHFORT::WANDB: model: alpha, step: 190, train_lr: 0.0001
TORCHFORT::WANDB: model: critic_0, step: 191, train_loss: 2.17072
TORCHFORT::WANDB: model: critic_0, step: 191, train_lr: 0.001
TORCHFORT::WANDB: model: actor, step: 191, train_loss: -3.24142
TORCHFORT::WANDB: model: actor, step: 191, train_lr: 0.001
TORCHFORT::WANDB: model: alpha, step: 191, train_loss: -2.72239
TORCHFORT::WANDB: model: alpha, step: 191, train_lr: 0.0001
TORCHFORT::WANDB: model: critic_0, step: 192, train_loss: 1.91768
TORCHFORT::WANDB: model: critic_0, step: 192, train_lr: 0.001
TORCHFORT::WANDB: model: actor, step: 192, train_loss: -3.27414
TORCHFORT::WANDB: model: actor, step: 192, train_lr: 0.001
TORCHFORT::WANDB: model: alpha, step: 192, train_loss: -2.7199
TORCHFORT::WANDB: model: alpha, step: 192, train_lr: 0.0001
TORCHFORT::WANDB: model: critic_0, step: 193, train_loss: 3.21727
TORCHFORT::WANDB: model: critic_0, step: 193, train_lr: 0.001
TORCHFORT::WANDB: model: actor, step: 193, train_loss: -3.24006
TORCHFORT::WANDB: model: actor, step: 193, train_lr: 0.001
TORCHFORT::WANDB: model: alpha, step: 193, train_loss: -2.71382
TORCHFORT::WANDB: model: alpha, step: 193, train_lr: 0.0001
TORCHFORT::WANDB: model: critic_0, step: 194, train_loss: 2.21463
TORCHFORT::WANDB: model: critic_0, step: 194, train_lr: 0.001
TORCHFORT::WANDB: model: actor, step: 194, train_loss: -3.18432
TORCHFORT::WANDB: model: actor, step: 194, train_lr: 0.001
TORCHFORT::WANDB: model: alpha, step: 194, train_loss: -2.72092
TORCHFORT::WANDB: model: alpha, step: 194, train_lr: 0.0001
TORCHFORT::WANDB: model: critic_0, step: 195, train_loss: 2.54916
TORCHFORT::WANDB: model: critic_0, step: 195, train_lr: 0.001
TORCHFORT::WANDB: model: actor, step: 195, train_loss: -3.11597
TORCHFORT::WANDB: model: actor, step: 195, train_lr: 0.001
TORCHFORT::WANDB: model: alpha, step: 195, train_loss: -2.7057
TORCHFORT::WANDB: model: alpha, step: 195, train_lr: 0.0001
TORCHFORT::WANDB: model: critic_0, step: 196, train_loss: 2.14024
TORCHFORT::WANDB: model: critic_0, step: 196, train_lr: 0.001
TORCHFORT::WANDB: model: actor, step: 196, train_loss: -3.13872
TORCHFORT::WANDB: model: actor, step: 196, train_lr: 0.001
TORCHFORT::WANDB: model: alpha, step: 196, train_loss: -2.69723
TORCHFORT::WANDB: model: alpha, step: 196, train_lr: 0.0001
TORCHFORT::WANDB: model: critic_0, step: 197, train_loss: 2.46087
TORCHFORT::WANDB: model: critic_0, step: 197, train_lr: 0.001
TORCHFORT::WANDB: model: actor, step: 197, train_loss: -3.15938
TORCHFORT::WANDB: model: actor, step: 197, train_lr: 0.001
TORCHFORT::WANDB: model: alpha, step: 197, train_loss: -2.69465
TORCHFORT::WANDB: model: alpha, step: 197, train_lr: 0.0001
TORCHFORT::WANDB: model: critic_0, step: 198, train_loss: 1.90589
TORCHFORT::WANDB: model: critic_0, step: 198, train_lr: 0.001
TORCHFORT::WANDB: model: actor, step: 198, train_loss: -3.17423
TORCHFORT::WANDB: model: actor, step: 198, train_lr: 0.001
TORCHFORT::WANDB: model: alpha, step: 198, train_loss: -2.69526
TORCHFORT::WANDB: model: alpha, step: 198, train_lr: 0.0001
TORCHFORT::WANDB: model: critic_0, step: 199, train_loss: 2.31847
TORCHFORT::WANDB: model: critic_0, step: 199, train_lr: 0.001
TORCHFORT::WANDB: model: actor, step: 199, train_loss: -3.18072
TORCHFORT::WANDB: model: actor, step: 199, train_lr: 0.001
TORCHFORT::WANDB: model: alpha, step: 199, train_loss: -2.68948
TORCHFORT::WANDB: model: alpha, step: 199, train_lr: 0.0001
TORCHFORT::WANDB: model: critic_0, step: 200, train_loss: 2.32603
TORCHFORT::WANDB: model: critic_0, step: 200, train_lr: 0.001
TORCHFORT::WANDB: model: actor, step: 200, train_loss: -3.17789
TORCHFORT::WANDB: model: actor, step: 200, train_lr: 0.001
TORCHFORT::WANDB: model: alpha, step: 200, train_loss: -2.68212
TORCHFORT::WANDB: model: alpha, step: 200, train_lr: 0.0001
TORCHFORT::WANDB: model: rlwm, step: 10, reward_sum: -15569.6
TORCHFORT::WANDB: model: rlwm, step: 10, reward_sum: -15569.6
TORCHFORT::WANDB: model: rlwm, step: 10, reward_sum: -15569.6
TORCHFORT::WANDB: model: rlwm, step: 10, reward_sum: -15569.6
TORCHFORT::WANDB: model: rlwm, step: 10, reward_sum: -15569.6
TORCHFORT::WANDB: model: rlwm, step: 10, reward_sum: -15569.6
TORCHFORT::WANDB: model: rlwm, step: 10, reward_sum: -15569.6
TORCHFORT::WANDB: model: rlwm, step: 10, reward_sum: -15569.6
TORCHFORT::WANDB: model: critic_0, step: 201, train_loss: 6.58802
TORCHFORT::WANDB: model: critic_0, step: 201, train_lr: 0.001
TORCHFORT::WANDB: model: actor, step: 201, train_loss: -3.60544
TORCHFORT::WANDB: model: actor, step: 201, train_lr: 0.001
TORCHFORT::WANDB: model: alpha, step: 201, train_loss: -2.692
TORCHFORT::WANDB: model: alpha, step: 201, train_lr: 0.0001
TORCHFORT::WANDB: model: critic_0, step: 202, train_loss: 6.36304
TORCHFORT::WANDB: model: critic_0, step: 202, train_lr: 0.001
TORCHFORT::WANDB: model: actor, step: 202, train_loss: -3.88136
TORCHFORT::WANDB: model: actor, step: 202, train_lr: 0.001
TORCHFORT::WANDB: model: alpha, step: 202, train_loss: -2.66902
TORCHFORT::WANDB: model: alpha, step: 202, train_lr: 0.0001
TORCHFORT::WANDB: model: critic_0, step: 203, train_loss: 7.67988
TORCHFORT::WANDB: model: critic_0, step: 203, train_lr: 0.001
TORCHFORT::WANDB: model: actor, step: 203, train_loss: -4.05396
TORCHFORT::WANDB: model: actor, step: 203, train_lr: 0.001
TORCHFORT::WANDB: model: alpha, step: 203, train_loss: -2.62902
TORCHFORT::WANDB: model: alpha, step: 203, train_lr: 0.0001
TORCHFORT::WANDB: model: critic_0, step: 204, train_loss: 6.88584
TORCHFORT::WANDB: model: critic_0, step: 204, train_lr: 0.001
TORCHFORT::WANDB: model: actor, step: 204, train_loss: -4.04293
TORCHFORT::WANDB: model: actor, step: 204, train_lr: 0.001
TORCHFORT::WANDB: model: alpha, step: 204, train_loss: -2.6184
TORCHFORT::WANDB: model: alpha, step: 204, train_lr: 0.0001
TORCHFORT::WANDB: model: critic_0, step: 205, train_loss: 7.05507
TORCHFORT::WANDB: model: critic_0, step: 205, train_lr: 0.001
TORCHFORT::WANDB: model: actor, step: 205, train_loss: -3.90659
TORCHFORT::WANDB: model: actor, step: 205, train_lr: 0.001
TORCHFORT::WANDB: model: alpha, step: 205, train_loss: -2.64386
TORCHFORT::WANDB: model: alpha, step: 205, train_lr: 0.0001
TORCHFORT::WANDB: model: critic_0, step: 206, train_loss: 5.57833
TORCHFORT::WANDB: model: critic_0, step: 206, train_lr: 0.001
TORCHFORT::WANDB: model: actor, step: 206, train_loss: -3.73073
TORCHFORT::WANDB: model: actor, step: 206, train_lr: 0.001
TORCHFORT::WANDB: model: alpha, step: 206, train_loss: -2.67886
TORCHFORT::WANDB: model: alpha, step: 206, train_lr: 0.0001
TORCHFORT::WANDB: model: critic_0, step: 207, train_loss: 6.64256
TORCHFORT::WANDB: model: critic_0, step: 207, train_lr: 0.001
TORCHFORT::WANDB: model: actor, step: 207, train_loss: -3.60631
TORCHFORT::WANDB: model: actor, step: 207, train_lr: 0.001
TORCHFORT::WANDB: model: alpha, step: 207, train_loss: -2.70275
TORCHFORT::WANDB: model: alpha, step: 207, train_lr: 0.0001
TORCHFORT::WANDB: model: critic_0, step: 208, train_loss: 6.20018
TORCHFORT::WANDB: model: critic_0, step: 208, train_lr: 0.001
TORCHFORT::WANDB: model: actor, step: 208, train_loss: -3.58298
TORCHFORT::WANDB: model: actor, step: 208, train_lr: 0.001
TORCHFORT::WANDB: model: alpha, step: 208, train_loss: -2.71375
TORCHFORT::WANDB: model: alpha, step: 208, train_lr: 0.0001
TORCHFORT::WANDB: model: critic_0, step: 209, train_loss: 5.58749
TORCHFORT::WANDB: model: critic_0, step: 209, train_lr: 0.001
TORCHFORT::WANDB: model: actor, step: 209, train_loss: -3.68497
TORCHFORT::WANDB: model: actor, step: 209, train_lr: 0.001
TORCHFORT::WANDB: model: alpha, step: 209, train_loss: -2.72223
TORCHFORT::WANDB: model: alpha, step: 209, train_lr: 0.0001
TORCHFORT::WANDB: model: critic_0, step: 210, train_loss: 6.1311
TORCHFORT::WANDB: model: critic_0, step: 210, train_lr: 0.001
TORCHFORT::WANDB: model: actor, step: 210, train_loss: -3.85351
TORCHFORT::WANDB: model: actor, step: 210, train_lr: 0.001
TORCHFORT::WANDB: model: alpha, step: 210, train_loss: -2.71676
TORCHFORT::WANDB: model: alpha, step: 210, train_lr: 0.0001
TORCHFORT::WANDB: model: critic_0, step: 211, train_loss: 6.13713
TORCHFORT::WANDB: model: critic_0, step: 211, train_lr: 0.001
TORCHFORT::WANDB: model: actor, step: 211, train_loss: -3.96346
TORCHFORT::WANDB: model: actor, step: 211, train_lr: 0.001
TORCHFORT::WANDB: model: alpha, step: 211, train_loss: -2.70417
TORCHFORT::WANDB: model: alpha, step: 211, train_lr: 0.0001
TORCHFORT::WANDB: model: critic_0, step: 212, train_loss: 5.29001
TORCHFORT::WANDB: model: critic_0, step: 212, train_lr: 0.001
TORCHFORT::WANDB: model: actor, step: 212, train_loss: -3.98767
TORCHFORT::WANDB: model: actor, step: 212, train_lr: 0.001
TORCHFORT::WANDB: model: alpha, step: 212, train_loss: -2.71888
TORCHFORT::WANDB: model: alpha, step: 212, train_lr: 0.0001
TORCHFORT::WANDB: model: critic_0, step: 213, train_loss: 5.66492
TORCHFORT::WANDB: model: critic_0, step: 213, train_lr: 0.001
TORCHFORT::WANDB: model: actor, step: 213, train_loss: -3.94839
TORCHFORT::WANDB: model: actor, step: 213, train_lr: 0.001
TORCHFORT::WANDB: model: alpha, step: 213, train_loss: -2.72083
TORCHFORT::WANDB: model: alpha, step: 213, train_lr: 0.0001
TORCHFORT::WANDB: model: critic_0, step: 214, train_loss: 5.62124
TORCHFORT::WANDB: model: critic_0, step: 214, train_lr: 0.001
TORCHFORT::WANDB: model: actor, step: 214, train_loss: -3.88693
TORCHFORT::WANDB: model: actor, step: 214, train_lr: 0.001
TORCHFORT::WANDB: model: alpha, step: 214, train_loss: -2.73133
TORCHFORT::WANDB: model: alpha, step: 214, train_lr: 0.0001
TORCHFORT::WANDB: model: critic_0, step: 215, train_loss: 7.50309
TORCHFORT::WANDB: model: critic_0, step: 215, train_lr: 0.001
TORCHFORT::WANDB: model: actor, step: 215, train_loss: -3.79828
TORCHFORT::WANDB: model: actor, step: 215, train_lr: 0.001
TORCHFORT::WANDB: model: alpha, step: 215, train_loss: -2.74333
TORCHFORT::WANDB: model: alpha, step: 215, train_lr: 0.0001
TORCHFORT::WANDB: model: critic_0, step: 216, train_loss: 6.01105
TORCHFORT::WANDB: model: critic_0, step: 216, train_lr: 0.001
TORCHFORT::WANDB: model: actor, step: 216, train_loss: -3.71545
TORCHFORT::WANDB: model: actor, step: 216, train_lr: 0.001
TORCHFORT::WANDB: model: alpha, step: 216, train_loss: -2.74828
TORCHFORT::WANDB: model: alpha, step: 216, train_lr: 0.0001
TORCHFORT::WANDB: model: critic_0, step: 217, train_loss: 5.64951
TORCHFORT::WANDB: model: critic_0, step: 217, train_lr: 0.001
TORCHFORT::WANDB: model: actor, step: 217, train_loss: -3.74561
TORCHFORT::WANDB: model: actor, step: 217, train_lr: 0.001
TORCHFORT::WANDB: model: alpha, step: 217, train_loss: -2.74904
TORCHFORT::WANDB: model: alpha, step: 217, train_lr: 0.0001
TORCHFORT::WANDB: model: critic_0, step: 218, train_loss: 6.5543
TORCHFORT::WANDB: model: critic_0, step: 218, train_lr: 0.001
TORCHFORT::WANDB: model: actor, step: 218, train_loss: -3.79315
TORCHFORT::WANDB: model: actor, step: 218, train_lr: 0.001
TORCHFORT::WANDB: model: alpha, step: 218, train_loss: -2.74662
TORCHFORT::WANDB: model: alpha, step: 218, train_lr: 0.0001
TORCHFORT::WANDB: model: critic_0, step: 219, train_loss: 5.48602
TORCHFORT::WANDB: model: critic_0, step: 219, train_lr: 0.001
TORCHFORT::WANDB: model: actor, step: 219, train_loss: -3.86048
TORCHFORT::WANDB: model: actor, step: 219, train_lr: 0.001
TORCHFORT::WANDB: model: alpha, step: 219, train_loss: -2.75238
TORCHFORT::WANDB: model: alpha, step: 219, train_lr: 0.0001
TORCHFORT::WANDB: model: critic_0, step: 220, train_loss: 6.86654
TORCHFORT::WANDB: model: critic_0, step: 220, train_lr: 0.001
TORCHFORT::WANDB: model: actor, step: 220, train_loss: -3.93969
TORCHFORT::WANDB: model: actor, step: 220, train_lr: 0.001
TORCHFORT::WANDB: model: alpha, step: 220, train_loss: -2.74715
TORCHFORT::WANDB: model: alpha, step: 220, train_lr: 0.0001
TORCHFORT::WANDB: model: rlwm, step: 11, reward_sum: 391491
TORCHFORT::WANDB: model: rlwm, step: 11, reward_sum: 391491
TORCHFORT::WANDB: model: rlwm, step: 11, reward_sum: 391491
TORCHFORT::WANDB: model: rlwm, step: 11, reward_sum: 391491
TORCHFORT::WANDB: model: rlwm, step: 11, reward_sum: 391491
TORCHFORT::WANDB: model: rlwm, step: 11, reward_sum: 391491
TORCHFORT::WANDB: model: rlwm, step: 11, reward_sum: 391491
TORCHFORT::WANDB: model: rlwm, step: 11, reward_sum: 391491
TORCHFORT::WANDB: model: critic_0, step: 221, train_loss: 10.5909
TORCHFORT::WANDB: model: critic_0, step: 221, train_lr: 0.001
TORCHFORT::WANDB: model: actor, step: 221, train_loss: -3.97069
TORCHFORT::WANDB: model: actor, step: 221, train_lr: 0.001
TORCHFORT::WANDB: model: alpha, step: 221, train_loss: -2.74316
TORCHFORT::WANDB: model: alpha, step: 221, train_lr: 0.0001
TORCHFORT::WANDB: model: critic_0, step: 222, train_loss: 9.36389
TORCHFORT::WANDB: model: critic_0, step: 222, train_lr: 0.001
TORCHFORT::WANDB: model: actor, step: 222, train_loss: -3.70889
TORCHFORT::WANDB: model: actor, step: 222, train_lr: 0.001
TORCHFORT::WANDB: model: alpha, step: 222, train_loss: -2.7448
TORCHFORT::WANDB: model: alpha, step: 222, train_lr: 0.0001
TORCHFORT::WANDB: model: critic_0, step: 223, train_loss: 10.827
TORCHFORT::WANDB: model: critic_0, step: 223, train_lr: 0.001
TORCHFORT::WANDB: model: actor, step: 223, train_loss: -3.41818
TORCHFORT::WANDB: model: actor, step: 223, train_lr: 0.001
TORCHFORT::WANDB: model: alpha, step: 223, train_loss: -2.7411
TORCHFORT::WANDB: model: alpha, step: 223, train_lr: 0.0001
TORCHFORT::WANDB: model: critic_0, step: 224, train_loss: 9.22937
TORCHFORT::WANDB: model: critic_0, step: 224, train_lr: 0.001
TORCHFORT::WANDB: model: actor, step: 224, train_loss: -3.22201
TORCHFORT::WANDB: model: actor, step: 224, train_lr: 0.001
TORCHFORT::WANDB: model: alpha, step: 224, train_loss: -2.7395
TORCHFORT::WANDB: model: alpha, step: 224, train_lr: 0.0001
TORCHFORT::WANDB: model: critic_0, step: 225, train_loss: 10.0611
TORCHFORT::WANDB: model: critic_0, step: 225, train_lr: 0.001
TORCHFORT::WANDB: model: actor, step: 225, train_loss: -3.1545
TORCHFORT::WANDB: model: actor, step: 225, train_lr: 0.001
TORCHFORT::WANDB: model: alpha, step: 225, train_loss: -2.74321
TORCHFORT::WANDB: model: alpha, step: 225, train_lr: 0.0001
TORCHFORT::WANDB: model: critic_0, step: 226, train_loss: 10.8103
TORCHFORT::WANDB: model: critic_0, step: 226, train_lr: 0.001
TORCHFORT::WANDB: model: actor, step: 226, train_loss: -3.243
TORCHFORT::WANDB: model: actor, step: 226, train_lr: 0.001
TORCHFORT::WANDB: model: alpha, step: 226, train_loss: -2.7363
TORCHFORT::WANDB: model: alpha, step: 226, train_lr: 0.0001
TORCHFORT::WANDB: model: critic_0, step: 227, train_loss: 7.80231
TORCHFORT::WANDB: model: critic_0, step: 227, train_lr: 0.001
TORCHFORT::WANDB: model: actor, step: 227, train_loss: -3.34075
TORCHFORT::WANDB: model: actor, step: 227, train_lr: 0.001
TORCHFORT::WANDB: model: alpha, step: 227, train_loss: -2.7364
TORCHFORT::WANDB: model: alpha, step: 227, train_lr: 0.0001
TORCHFORT::WANDB: model: critic_0, step: 228, train_loss: 10.3462
TORCHFORT::WANDB: model: critic_0, step: 228, train_lr: 0.001
TORCHFORT::WANDB: model: actor, step: 228, train_loss: -3.51424
TORCHFORT::WANDB: model: actor, step: 228, train_lr: 0.001
TORCHFORT::WANDB: model: alpha, step: 228, train_loss: -2.74198
TORCHFORT::WANDB: model: alpha, step: 228, train_lr: 0.0001
TORCHFORT::WANDB: model: critic_0, step: 229, train_loss: 10.3645
TORCHFORT::WANDB: model: critic_0, step: 229, train_lr: 0.001
TORCHFORT::WANDB: model: actor, step: 229, train_loss: -3.65354
TORCHFORT::WANDB: model: actor, step: 229, train_lr: 0.001
TORCHFORT::WANDB: model: alpha, step: 229, train_loss: -2.73843
TORCHFORT::WANDB: model: alpha, step: 229, train_lr: 0.0001
TORCHFORT::WANDB: model: critic_0, step: 230, train_loss: 8.34284
TORCHFORT::WANDB: model: critic_0, step: 230, train_lr: 0.001
TORCHFORT::WANDB: model: actor, step: 230, train_loss: -3.75811
TORCHFORT::WANDB: model: actor, step: 230, train_lr: 0.001
TORCHFORT::WANDB: model: alpha, step: 230, train_loss: -2.74431
TORCHFORT::WANDB: model: alpha, step: 230, train_lr: 0.0001
TORCHFORT::WANDB: model: critic_0, step: 231, train_loss: 10.1255
TORCHFORT::WANDB: model: critic_0, step: 231, train_lr: 0.001
TORCHFORT::WANDB: model: actor, step: 231, train_loss: -3.77198
TORCHFORT::WANDB: model: actor, step: 231, train_lr: 0.001
TORCHFORT::WANDB: model: alpha, step: 231, train_loss: -2.73908
TORCHFORT::WANDB: model: alpha, step: 231, train_lr: 0.0001
TORCHFORT::WANDB: model: critic_0, step: 232, train_loss: 11.0746
TORCHFORT::WANDB: model: critic_0, step: 232, train_lr: 0.001
TORCHFORT::WANDB: model: actor, step: 232, train_loss: -3.71226
TORCHFORT::WANDB: model: actor, step: 232, train_lr: 0.001
TORCHFORT::WANDB: model: alpha, step: 232, train_loss: -2.73741
TORCHFORT::WANDB: model: alpha, step: 232, train_lr: 0.0001
TORCHFORT::WANDB: model: critic_0, step: 233, train_loss: 9.70571
TORCHFORT::WANDB: model: critic_0, step: 233, train_lr: 0.001
TORCHFORT::WANDB: model: actor, step: 233, train_loss: -3.61694
TORCHFORT::WANDB: model: actor, step: 233, train_lr: 0.001
TORCHFORT::WANDB: model: alpha, step: 233, train_loss: -2.73681
TORCHFORT::WANDB: model: alpha, step: 233, train_lr: 0.0001
TORCHFORT::WANDB: model: critic_0, step: 234, train_loss: 9.97481
TORCHFORT::WANDB: model: critic_0, step: 234, train_lr: 0.001
TORCHFORT::WANDB: model: actor, step: 234, train_loss: -3.48695
TORCHFORT::WANDB: model: actor, step: 234, train_lr: 0.001
TORCHFORT::WANDB: model: alpha, step: 234, train_loss: -2.73736
TORCHFORT::WANDB: model: alpha, step: 234, train_lr: 0.0001
TORCHFORT::WANDB: model: critic_0, step: 235, train_loss: 7.83164
TORCHFORT::WANDB: model: critic_0, step: 235, train_lr: 0.001
TORCHFORT::WANDB: model: actor, step: 235, train_loss: -3.40919
TORCHFORT::WANDB: model: actor, step: 235, train_lr: 0.001
TORCHFORT::WANDB: model: alpha, step: 235, train_loss: -2.74114
TORCHFORT::WANDB: model: alpha, step: 235, train_lr: 0.0001
TORCHFORT::WANDB: model: critic_0, step: 236, train_loss: 8.33263
TORCHFORT::WANDB: model: critic_0, step: 236, train_lr: 0.001
TORCHFORT::WANDB: model: actor, step: 236, train_loss: -3.35617
TORCHFORT::WANDB: model: actor, step: 236, train_lr: 0.001
TORCHFORT::WANDB: model: alpha, step: 236, train_loss: -2.74222
TORCHFORT::WANDB: model: alpha, step: 236, train_lr: 0.0001
TORCHFORT::WANDB: model: critic_0, step: 237, train_loss: 13.2275
TORCHFORT::WANDB: model: critic_0, step: 237, train_lr: 0.001
TORCHFORT::WANDB: model: actor, step: 237, train_loss: -3.34012
TORCHFORT::WANDB: model: actor, step: 237, train_lr: 0.001
TORCHFORT::WANDB: model: alpha, step: 237, train_loss: -2.74297
TORCHFORT::WANDB: model: alpha, step: 237, train_lr: 0.0001
TORCHFORT::WANDB: model: critic_0, step: 238, train_loss: 8.71854
TORCHFORT::WANDB: model: critic_0, step: 238, train_lr: 0.001
TORCHFORT::WANDB: model: actor, step: 238, train_loss: -3.3554
TORCHFORT::WANDB: model: actor, step: 238, train_lr: 0.001
TORCHFORT::WANDB: model: alpha, step: 238, train_loss: -2.73835
TORCHFORT::WANDB: model: alpha, step: 238, train_lr: 0.0001
TORCHFORT::WANDB: model: critic_0, step: 239, train_loss: 9.62443
TORCHFORT::WANDB: model: critic_0, step: 239, train_lr: 0.001
TORCHFORT::WANDB: model: actor, step: 239, train_loss: -3.41765
TORCHFORT::WANDB: model: actor, step: 239, train_lr: 0.001
TORCHFORT::WANDB: model: alpha, step: 239, train_loss: -2.73832
TORCHFORT::WANDB: model: alpha, step: 239, train_lr: 0.0001
TORCHFORT::WANDB: model: critic_0, step: 240, train_loss: 10.3467
TORCHFORT::WANDB: model: critic_0, step: 240, train_lr: 0.001
TORCHFORT::WANDB: model: actor, step: 240, train_loss: -3.50155
TORCHFORT::WANDB: model: actor, step: 240, train_lr: 0.001
TORCHFORT::WANDB: model: alpha, step: 240, train_loss: -2.73699
TORCHFORT::WANDB: model: alpha, step: 240, train_lr: 0.0001
TORCHFORT::WANDB: model: rlwm, step: 12, reward_sum: -149073
TORCHFORT::WANDB: model: rlwm, step: 12, reward_sum: -149073
TORCHFORT::WANDB: model: rlwm, step: 12, reward_sum: -149073
TORCHFORT::WANDB: model: rlwm, step: 12, reward_sum: -149073
TORCHFORT::WANDB: model: rlwm, step: 12, reward_sum: -149073
TORCHFORT::WANDB: model: rlwm, step: 12, reward_sum: -149073
TORCHFORT::WANDB: model: rlwm, step: 12, reward_sum: -149073
TORCHFORT::WANDB: model: rlwm, step: 12, reward_sum: -149073
