TORCHFORT::WANDB: model: rlwm, step: 1, reward_sum: 1522.23
TORCHFORT::WANDB: model: rlwm, step: 1, reward_sum: 1522.23
TORCHFORT::WANDB: model: rlwm, step: 1, reward_sum: 1522.23
TORCHFORT::WANDB: model: rlwm, step: 1, reward_sum: 1522.23
TORCHFORT::WANDB: model: rlwm, step: 2, reward_sum: 1564.51
TORCHFORT::WANDB: model: rlwm, step: 2, reward_sum: 1564.51
TORCHFORT::WANDB: model: rlwm, step: 2, reward_sum: 1564.51
TORCHFORT::WANDB: model: rlwm, step: 2, reward_sum: 1564.51
TORCHFORT::WANDB: model: rlwm, step: 3, reward_sum: 1501.4
TORCHFORT::WANDB: model: rlwm, step: 3, reward_sum: 1501.4
TORCHFORT::WANDB: model: rlwm, step: 3, reward_sum: 1501.4
TORCHFORT::WANDB: model: rlwm, step: 3, reward_sum: 1501.4
TORCHFORT::WANDB: model: rlwm, step: 4, reward_sum: 1721.09
TORCHFORT::WANDB: model: rlwm, step: 4, reward_sum: 1721.09
TORCHFORT::WANDB: model: rlwm, step: 4, reward_sum: 1721.09
TORCHFORT::WANDB: model: rlwm, step: 4, reward_sum: 1721.09
TORCHFORT::WANDB: model: rlwm, step: 5, reward_sum: 1556.41
TORCHFORT::WANDB: model: rlwm, step: 5, reward_sum: 1556.41
TORCHFORT::WANDB: model: rlwm, step: 5, reward_sum: 1556.41
TORCHFORT::WANDB: model: rlwm, step: 5, reward_sum: 1556.41
TORCHFORT::WANDB: model: rlwm, step: 6, reward_sum: 1624.96
TORCHFORT::WANDB: model: rlwm, step: 6, reward_sum: 1624.96
TORCHFORT::WANDB: model: rlwm, step: 6, reward_sum: 1624.96
TORCHFORT::WANDB: model: rlwm, step: 6, reward_sum: 1624.96
TORCHFORT::WANDB: model: rlwm, step: 7, reward_sum: 1604.77
TORCHFORT::WANDB: model: rlwm, step: 7, reward_sum: 1604.77
TORCHFORT::WANDB: model: rlwm, step: 7, reward_sum: 1604.77
TORCHFORT::WANDB: model: rlwm, step: 7, reward_sum: 1604.77
TORCHFORT::WANDB: model: rlwm, step: 8, reward_sum: 1522.68
TORCHFORT::WANDB: model: rlwm, step: 8, reward_sum: 1522.68
TORCHFORT::WANDB: model: rlwm, step: 8, reward_sum: 1522.68
TORCHFORT::WANDB: model: rlwm, step: 8, reward_sum: 1522.68
TORCHFORT::WANDB: model: rlwm, step: 9, reward_sum: 1442.89
TORCHFORT::WANDB: model: rlwm, step: 9, reward_sum: 1442.89
TORCHFORT::WANDB: model: rlwm, step: 9, reward_sum: 1442.89
TORCHFORT::WANDB: model: rlwm, step: 9, reward_sum: 1442.89
TORCHFORT::WANDB: model: rlwm, step: 10, reward_sum: 1484.13
TORCHFORT::WANDB: model: rlwm, step: 10, reward_sum: 1484.13
TORCHFORT::WANDB: model: rlwm, step: 10, reward_sum: 1484.13
TORCHFORT::WANDB: model: rlwm, step: 10, reward_sum: 1484.13
TORCHFORT::WANDB: model: critic_0, step: 1, train_loss: 0.1223
TORCHFORT::WANDB: model: critic_0, step: 1, train_lr: 0.001
TORCHFORT::WANDB: model: actor, step: 1, train_loss: 0.455742
TORCHFORT::WANDB: model: actor, step: 1, train_lr: 0.001
TORCHFORT::WANDB: model: alpha, step: 1, train_loss: -2.672
TORCHFORT::WANDB: model: alpha, step: 1, train_lr: 0.0001
TORCHFORT::WANDB: model: critic_0, step: 2, train_loss: 0.1346
TORCHFORT::WANDB: model: critic_0, step: 2, train_lr: 0.001
TORCHFORT::WANDB: model: actor, step: 2, train_loss: 0.50696
TORCHFORT::WANDB: model: actor, step: 2, train_lr: 0.001
TORCHFORT::WANDB: model: alpha, step: 2, train_loss: -2.65613
TORCHFORT::WANDB: model: alpha, step: 2, train_lr: 0.0001
TORCHFORT::WANDB: model: critic_0, step: 3, train_loss: 0.101037
TORCHFORT::WANDB: model: critic_0, step: 3, train_lr: 0.001
TORCHFORT::WANDB: model: actor, step: 3, train_loss: 0.581767
TORCHFORT::WANDB: model: actor, step: 3, train_lr: 0.001
TORCHFORT::WANDB: model: alpha, step: 3, train_loss: -2.60714
TORCHFORT::WANDB: model: alpha, step: 3, train_lr: 0.0001
TORCHFORT::WANDB: model: critic_0, step: 4, train_loss: 0.0995724
TORCHFORT::WANDB: model: critic_0, step: 4, train_lr: 0.001
TORCHFORT::WANDB: model: actor, step: 4, train_loss: 0.592938
TORCHFORT::WANDB: model: actor, step: 4, train_lr: 0.001
TORCHFORT::WANDB: model: alpha, step: 4, train_loss: -2.52003
TORCHFORT::WANDB: model: alpha, step: 4, train_lr: 0.0001
TORCHFORT::WANDB: model: critic_0, step: 5, train_loss: 0.106382
TORCHFORT::WANDB: model: critic_0, step: 5, train_lr: 0.001
TORCHFORT::WANDB: model: actor, step: 5, train_loss: 0.557877
TORCHFORT::WANDB: model: actor, step: 5, train_lr: 0.001
TORCHFORT::WANDB: model: alpha, step: 5, train_loss: -2.46344
TORCHFORT::WANDB: model: alpha, step: 5, train_lr: 0.0001
TORCHFORT::WANDB: model: critic_0, step: 6, train_loss: 0.101225
TORCHFORT::WANDB: model: critic_0, step: 6, train_lr: 0.001
TORCHFORT::WANDB: model: actor, step: 6, train_loss: 0.504327
TORCHFORT::WANDB: model: actor, step: 6, train_lr: 0.001
TORCHFORT::WANDB: model: alpha, step: 6, train_loss: -2.40383
TORCHFORT::WANDB: model: alpha, step: 6, train_lr: 0.0001
TORCHFORT::WANDB: model: critic_0, step: 7, train_loss: 0.0886962
TORCHFORT::WANDB: model: critic_0, step: 7, train_lr: 0.001
TORCHFORT::WANDB: model: actor, step: 7, train_loss: 0.448709
TORCHFORT::WANDB: model: actor, step: 7, train_lr: 0.001
TORCHFORT::WANDB: model: alpha, step: 7, train_loss: -2.37539
TORCHFORT::WANDB: model: alpha, step: 7, train_lr: 0.0001
TORCHFORT::WANDB: model: critic_0, step: 8, train_loss: 0.0955245
TORCHFORT::WANDB: model: critic_0, step: 8, train_lr: 0.001
TORCHFORT::WANDB: model: actor, step: 8, train_loss: 0.436426
TORCHFORT::WANDB: model: actor, step: 8, train_lr: 0.001
TORCHFORT::WANDB: model: alpha, step: 8, train_loss: -2.3557
TORCHFORT::WANDB: model: alpha, step: 8, train_lr: 0.0001
TORCHFORT::WANDB: model: critic_0, step: 9, train_loss: 0.101926
TORCHFORT::WANDB: model: critic_0, step: 9, train_lr: 0.001
TORCHFORT::WANDB: model: actor, step: 9, train_loss: 0.448291
TORCHFORT::WANDB: model: actor, step: 9, train_lr: 0.001
TORCHFORT::WANDB: model: alpha, step: 9, train_loss: -2.36403
TORCHFORT::WANDB: model: alpha, step: 9, train_lr: 0.0001
TORCHFORT::WANDB: model: critic_0, step: 10, train_loss: 0.0957082
TORCHFORT::WANDB: model: critic_0, step: 10, train_lr: 0.001
TORCHFORT::WANDB: model: actor, step: 10, train_loss: 0.478526
TORCHFORT::WANDB: model: actor, step: 10, train_lr: 0.001
TORCHFORT::WANDB: model: alpha, step: 10, train_loss: -2.38023
TORCHFORT::WANDB: model: alpha, step: 10, train_lr: 0.0001
TORCHFORT::WANDB: model: critic_0, step: 11, train_loss: 0.0932187
TORCHFORT::WANDB: model: critic_0, step: 11, train_lr: 0.001
TORCHFORT::WANDB: model: actor, step: 11, train_loss: 0.510591
TORCHFORT::WANDB: model: actor, step: 11, train_lr: 0.001
TORCHFORT::WANDB: model: alpha, step: 11, train_loss: -2.39144
TORCHFORT::WANDB: model: alpha, step: 11, train_lr: 0.0001
TORCHFORT::WANDB: model: critic_0, step: 12, train_loss: 0.0973885
TORCHFORT::WANDB: model: critic_0, step: 12, train_lr: 0.001
TORCHFORT::WANDB: model: actor, step: 12, train_loss: 0.520968
TORCHFORT::WANDB: model: actor, step: 12, train_lr: 0.001
TORCHFORT::WANDB: model: alpha, step: 12, train_loss: -2.41306
TORCHFORT::WANDB: model: alpha, step: 12, train_lr: 0.0001
TORCHFORT::WANDB: model: critic_0, step: 13, train_loss: 0.0958278
TORCHFORT::WANDB: model: critic_0, step: 13, train_lr: 0.001
TORCHFORT::WANDB: model: actor, step: 13, train_loss: 0.532615
TORCHFORT::WANDB: model: actor, step: 13, train_lr: 0.001
TORCHFORT::WANDB: model: alpha, step: 13, train_loss: -2.43425
TORCHFORT::WANDB: model: alpha, step: 13, train_lr: 0.0001
TORCHFORT::WANDB: model: critic_0, step: 14, train_loss: 0.0933315
TORCHFORT::WANDB: model: critic_0, step: 14, train_lr: 0.001
TORCHFORT::WANDB: model: actor, step: 14, train_loss: 0.51879
TORCHFORT::WANDB: model: actor, step: 14, train_lr: 0.001
TORCHFORT::WANDB: model: alpha, step: 14, train_loss: -2.45457
TORCHFORT::WANDB: model: alpha, step: 14, train_lr: 0.0001
TORCHFORT::WANDB: model: critic_0, step: 15, train_loss: 0.0884306
TORCHFORT::WANDB: model: critic_0, step: 15, train_lr: 0.001
TORCHFORT::WANDB: model: actor, step: 15, train_loss: 0.495322
TORCHFORT::WANDB: model: actor, step: 15, train_lr: 0.001
TORCHFORT::WANDB: model: alpha, step: 15, train_loss: -2.4649
TORCHFORT::WANDB: model: alpha, step: 15, train_lr: 0.0001
TORCHFORT::WANDB: model: critic_0, step: 16, train_loss: 0.0900097
TORCHFORT::WANDB: model: critic_0, step: 16, train_lr: 0.001
TORCHFORT::WANDB: model: actor, step: 16, train_loss: 0.473295
TORCHFORT::WANDB: model: actor, step: 16, train_lr: 0.001
TORCHFORT::WANDB: model: alpha, step: 16, train_loss: -2.4711
TORCHFORT::WANDB: model: alpha, step: 16, train_lr: 0.0001
TORCHFORT::WANDB: model: critic_0, step: 17, train_loss: 0.0909215
TORCHFORT::WANDB: model: critic_0, step: 17, train_lr: 0.001
TORCHFORT::WANDB: model: actor, step: 17, train_loss: 0.464628
TORCHFORT::WANDB: model: actor, step: 17, train_lr: 0.001
TORCHFORT::WANDB: model: alpha, step: 17, train_loss: -2.46379
TORCHFORT::WANDB: model: alpha, step: 17, train_lr: 0.0001
TORCHFORT::WANDB: model: critic_0, step: 18, train_loss: 0.0852459
TORCHFORT::WANDB: model: critic_0, step: 18, train_lr: 0.001
TORCHFORT::WANDB: model: actor, step: 18, train_loss: 0.465196
TORCHFORT::WANDB: model: actor, step: 18, train_lr: 0.001
TORCHFORT::WANDB: model: alpha, step: 18, train_loss: -2.47549
TORCHFORT::WANDB: model: alpha, step: 18, train_lr: 0.0001
TORCHFORT::WANDB: model: critic_0, step: 19, train_loss: 0.0878398
TORCHFORT::WANDB: model: critic_0, step: 19, train_lr: 0.001
TORCHFORT::WANDB: model: actor, step: 19, train_loss: 0.487406
TORCHFORT::WANDB: model: actor, step: 19, train_lr: 0.001
TORCHFORT::WANDB: model: alpha, step: 19, train_loss: -2.47222
TORCHFORT::WANDB: model: alpha, step: 19, train_lr: 0.0001
TORCHFORT::WANDB: model: critic_0, step: 20, train_loss: 0.089705
TORCHFORT::WANDB: model: critic_0, step: 20, train_lr: 0.001
TORCHFORT::WANDB: model: actor, step: 20, train_loss: 0.507501
TORCHFORT::WANDB: model: actor, step: 20, train_lr: 0.001
TORCHFORT::WANDB: model: alpha, step: 20, train_loss: -2.48009
TORCHFORT::WANDB: model: alpha, step: 20, train_lr: 0.0001
TORCHFORT::WANDB: model: rlwm, step: 11, reward_sum: 1720.39
TORCHFORT::WANDB: model: rlwm, step: 11, reward_sum: 1720.39
TORCHFORT::WANDB: model: rlwm, step: 11, reward_sum: 1720.39
TORCHFORT::WANDB: model: rlwm, step: 11, reward_sum: 1720.39
TORCHFORT::WANDB: model: critic_0, step: 21, train_loss: 0.0890716
TORCHFORT::WANDB: model: critic_0, step: 21, train_lr: 0.001
TORCHFORT::WANDB: model: actor, step: 21, train_loss: 0.545649
TORCHFORT::WANDB: model: actor, step: 21, train_lr: 0.001
TORCHFORT::WANDB: model: alpha, step: 21, train_loss: -2.48363
TORCHFORT::WANDB: model: alpha, step: 21, train_lr: 0.0001
TORCHFORT::WANDB: model: critic_0, step: 22, train_loss: 0.086219
TORCHFORT::WANDB: model: critic_0, step: 22, train_lr: 0.001
TORCHFORT::WANDB: model: actor, step: 22, train_loss: 0.552291
TORCHFORT::WANDB: model: actor, step: 22, train_lr: 0.001
TORCHFORT::WANDB: model: alpha, step: 22, train_loss: -2.49101
TORCHFORT::WANDB: model: alpha, step: 22, train_lr: 0.0001
TORCHFORT::WANDB: model: critic_0, step: 23, train_loss: 0.0887472
TORCHFORT::WANDB: model: critic_0, step: 23, train_lr: 0.001
TORCHFORT::WANDB: model: actor, step: 23, train_loss: 0.553167
TORCHFORT::WANDB: model: actor, step: 23, train_lr: 0.001
TORCHFORT::WANDB: model: alpha, step: 23, train_loss: -2.4922
TORCHFORT::WANDB: model: alpha, step: 23, train_lr: 0.0001
TORCHFORT::WANDB: model: critic_0, step: 24, train_loss: 0.089436
TORCHFORT::WANDB: model: critic_0, step: 24, train_lr: 0.001
TORCHFORT::WANDB: model: actor, step: 24, train_loss: 0.540559
TORCHFORT::WANDB: model: actor, step: 24, train_lr: 0.001
TORCHFORT::WANDB: model: alpha, step: 24, train_loss: -2.50154
TORCHFORT::WANDB: model: alpha, step: 24, train_lr: 0.0001
TORCHFORT::WANDB: model: critic_0, step: 25, train_loss: 0.0879778
TORCHFORT::WANDB: model: critic_0, step: 25, train_lr: 0.001
TORCHFORT::WANDB: model: actor, step: 25, train_loss: 0.524621
TORCHFORT::WANDB: model: actor, step: 25, train_lr: 0.001
TORCHFORT::WANDB: model: alpha, step: 25, train_loss: -2.50397
TORCHFORT::WANDB: model: alpha, step: 25, train_lr: 0.0001
TORCHFORT::WANDB: model: critic_0, step: 26, train_loss: 0.0840428
TORCHFORT::WANDB: model: critic_0, step: 26, train_lr: 0.001
TORCHFORT::WANDB: model: actor, step: 26, train_loss: 0.518575
TORCHFORT::WANDB: model: actor, step: 26, train_lr: 0.001
TORCHFORT::WANDB: model: alpha, step: 26, train_loss: -2.50294
TORCHFORT::WANDB: model: alpha, step: 26, train_lr: 0.0001
TORCHFORT::WANDB: model: critic_0, step: 27, train_loss: 0.087437
TORCHFORT::WANDB: model: critic_0, step: 27, train_lr: 0.001
TORCHFORT::WANDB: model: actor, step: 27, train_loss: 0.509127
TORCHFORT::WANDB: model: actor, step: 27, train_lr: 0.001
TORCHFORT::WANDB: model: alpha, step: 27, train_loss: -2.49563
TORCHFORT::WANDB: model: alpha, step: 27, train_lr: 0.0001
TORCHFORT::WANDB: model: critic_0, step: 28, train_loss: 0.0881006
TORCHFORT::WANDB: model: critic_0, step: 28, train_lr: 0.001
TORCHFORT::WANDB: model: actor, step: 28, train_loss: 0.511493
TORCHFORT::WANDB: model: actor, step: 28, train_lr: 0.001
TORCHFORT::WANDB: model: alpha, step: 28, train_loss: -2.47809
TORCHFORT::WANDB: model: alpha, step: 28, train_lr: 0.0001
TORCHFORT::WANDB: model: critic_0, step: 29, train_loss: 0.0886561
TORCHFORT::WANDB: model: critic_0, step: 29, train_lr: 0.001
TORCHFORT::WANDB: model: actor, step: 29, train_loss: 0.529649
TORCHFORT::WANDB: model: actor, step: 29, train_lr: 0.001
TORCHFORT::WANDB: model: alpha, step: 29, train_loss: -2.45418
TORCHFORT::WANDB: model: alpha, step: 29, train_lr: 0.0001
TORCHFORT::WANDB: model: critic_0, step: 30, train_loss: 0.0811943
TORCHFORT::WANDB: model: critic_0, step: 30, train_lr: 0.001
TORCHFORT::WANDB: model: actor, step: 30, train_loss: 0.536339
TORCHFORT::WANDB: model: actor, step: 30, train_lr: 0.001
TORCHFORT::WANDB: model: alpha, step: 30, train_loss: -2.45305
TORCHFORT::WANDB: model: alpha, step: 30, train_lr: 0.0001
TORCHFORT::WANDB: model: critic_0, step: 31, train_loss: 0.0819673
TORCHFORT::WANDB: model: critic_0, step: 31, train_lr: 0.001
TORCHFORT::WANDB: model: actor, step: 31, train_loss: 0.540897
TORCHFORT::WANDB: model: actor, step: 31, train_lr: 0.001
TORCHFORT::WANDB: model: alpha, step: 31, train_loss: -2.46038
TORCHFORT::WANDB: model: alpha, step: 31, train_lr: 0.0001
TORCHFORT::WANDB: model: critic_0, step: 32, train_loss: 0.0849189
TORCHFORT::WANDB: model: critic_0, step: 32, train_lr: 0.001
TORCHFORT::WANDB: model: actor, step: 32, train_loss: 0.537752
TORCHFORT::WANDB: model: actor, step: 32, train_lr: 0.001
TORCHFORT::WANDB: model: alpha, step: 32, train_loss: -2.46121
TORCHFORT::WANDB: model: alpha, step: 32, train_lr: 0.0001
TORCHFORT::WANDB: model: critic_0, step: 33, train_loss: 0.0838559
TORCHFORT::WANDB: model: critic_0, step: 33, train_lr: 0.001
TORCHFORT::WANDB: model: actor, step: 33, train_loss: 0.529103
TORCHFORT::WANDB: model: actor, step: 33, train_lr: 0.001
TORCHFORT::WANDB: model: alpha, step: 33, train_loss: -2.46578
TORCHFORT::WANDB: model: alpha, step: 33, train_lr: 0.0001
TORCHFORT::WANDB: model: critic_0, step: 34, train_loss: 0.0822749
TORCHFORT::WANDB: model: critic_0, step: 34, train_lr: 0.001
TORCHFORT::WANDB: model: actor, step: 34, train_loss: 0.51267
TORCHFORT::WANDB: model: actor, step: 34, train_lr: 0.001
TORCHFORT::WANDB: model: alpha, step: 34, train_loss: -2.4923
TORCHFORT::WANDB: model: alpha, step: 34, train_lr: 0.0001
TORCHFORT::WANDB: model: critic_0, step: 35, train_loss: 0.0854081
TORCHFORT::WANDB: model: critic_0, step: 35, train_lr: 0.001
TORCHFORT::WANDB: model: actor, step: 35, train_loss: 0.506493
TORCHFORT::WANDB: model: actor, step: 35, train_lr: 0.001
TORCHFORT::WANDB: model: alpha, step: 35, train_loss: -2.49798
TORCHFORT::WANDB: model: alpha, step: 35, train_lr: 0.0001
TORCHFORT::WANDB: model: critic_0, step: 36, train_loss: 0.0858733
TORCHFORT::WANDB: model: critic_0, step: 36, train_lr: 0.001
TORCHFORT::WANDB: model: actor, step: 36, train_loss: 0.495725
TORCHFORT::WANDB: model: actor, step: 36, train_lr: 0.001
TORCHFORT::WANDB: model: alpha, step: 36, train_loss: -2.5007
TORCHFORT::WANDB: model: alpha, step: 36, train_lr: 0.0001
TORCHFORT::WANDB: model: critic_0, step: 37, train_loss: 0.0812279
TORCHFORT::WANDB: model: critic_0, step: 37, train_lr: 0.001
TORCHFORT::WANDB: model: actor, step: 37, train_loss: 0.49218
TORCHFORT::WANDB: model: actor, step: 37, train_lr: 0.001
TORCHFORT::WANDB: model: alpha, step: 37, train_loss: -2.50941
TORCHFORT::WANDB: model: alpha, step: 37, train_lr: 0.0001
TORCHFORT::WANDB: model: critic_0, step: 38, train_loss: 0.0885643
TORCHFORT::WANDB: model: critic_0, step: 38, train_lr: 0.001
TORCHFORT::WANDB: model: actor, step: 38, train_loss: 0.502328
TORCHFORT::WANDB: model: actor, step: 38, train_lr: 0.001
TORCHFORT::WANDB: model: alpha, step: 38, train_loss: -2.52233
TORCHFORT::WANDB: model: alpha, step: 38, train_lr: 0.0001
TORCHFORT::WANDB: model: critic_0, step: 39, train_loss: 0.0814425
TORCHFORT::WANDB: model: critic_0, step: 39, train_lr: 0.001
TORCHFORT::WANDB: model: actor, step: 39, train_loss: 0.519461
TORCHFORT::WANDB: model: actor, step: 39, train_lr: 0.001
TORCHFORT::WANDB: model: alpha, step: 39, train_loss: -2.49856
TORCHFORT::WANDB: model: alpha, step: 39, train_lr: 0.0001
TORCHFORT::WANDB: model: critic_0, step: 40, train_loss: 0.0861346
TORCHFORT::WANDB: model: critic_0, step: 40, train_lr: 0.001
TORCHFORT::WANDB: model: actor, step: 40, train_loss: 0.522687
TORCHFORT::WANDB: model: actor, step: 40, train_lr: 0.001
TORCHFORT::WANDB: model: alpha, step: 40, train_loss: -2.49164
TORCHFORT::WANDB: model: alpha, step: 40, train_lr: 0.0001
TORCHFORT::WANDB: model: rlwm, step: 12, reward_sum: 1811.7
TORCHFORT::WANDB: model: rlwm, step: 12, reward_sum: 1811.7
TORCHFORT::WANDB: model: rlwm, step: 12, reward_sum: 1811.7
TORCHFORT::WANDB: model: rlwm, step: 12, reward_sum: 1811.7
TORCHFORT::WANDB: model: critic_0, step: 41, train_loss: 0.0822283
TORCHFORT::WANDB: model: critic_0, step: 41, train_lr: 0.001
TORCHFORT::WANDB: model: actor, step: 41, train_loss: 0.555036
TORCHFORT::WANDB: model: actor, step: 41, train_lr: 0.001
TORCHFORT::WANDB: model: alpha, step: 41, train_loss: -2.48598
TORCHFORT::WANDB: model: alpha, step: 41, train_lr: 0.0001
TORCHFORT::WANDB: model: critic_0, step: 42, train_loss: 0.0922063
TORCHFORT::WANDB: model: critic_0, step: 42, train_lr: 0.001
TORCHFORT::WANDB: model: actor, step: 42, train_loss: 0.543828
TORCHFORT::WANDB: model: actor, step: 42, train_lr: 0.001
TORCHFORT::WANDB: model: alpha, step: 42, train_loss: -2.49056
TORCHFORT::WANDB: model: alpha, step: 42, train_lr: 0.0001
TORCHFORT::WANDB: model: critic_0, step: 43, train_loss: 0.0843427
TORCHFORT::WANDB: model: critic_0, step: 43, train_lr: 0.001
TORCHFORT::WANDB: model: actor, step: 43, train_loss: 0.52549
TORCHFORT::WANDB: model: actor, step: 43, train_lr: 0.001
TORCHFORT::WANDB: model: alpha, step: 43, train_loss: -2.50124
TORCHFORT::WANDB: model: alpha, step: 43, train_lr: 0.0001
TORCHFORT::WANDB: model: critic_0, step: 44, train_loss: 0.0911202
TORCHFORT::WANDB: model: critic_0, step: 44, train_lr: 0.001
TORCHFORT::WANDB: model: actor, step: 44, train_loss: 0.51715
TORCHFORT::WANDB: model: actor, step: 44, train_lr: 0.001
TORCHFORT::WANDB: model: alpha, step: 44, train_loss: -2.52897
TORCHFORT::WANDB: model: alpha, step: 44, train_lr: 0.0001
TORCHFORT::WANDB: model: critic_0, step: 45, train_loss: 0.088576
TORCHFORT::WANDB: model: critic_0, step: 45, train_lr: 0.001
TORCHFORT::WANDB: model: actor, step: 45, train_loss: 0.517232
TORCHFORT::WANDB: model: actor, step: 45, train_lr: 0.001
TORCHFORT::WANDB: model: alpha, step: 45, train_loss: -2.52918
TORCHFORT::WANDB: model: alpha, step: 45, train_lr: 0.0001
TORCHFORT::WANDB: model: critic_0, step: 46, train_loss: 0.0890207
TORCHFORT::WANDB: model: critic_0, step: 46, train_lr: 0.001
TORCHFORT::WANDB: model: actor, step: 46, train_loss: 0.516081
TORCHFORT::WANDB: model: actor, step: 46, train_lr: 0.001
TORCHFORT::WANDB: model: alpha, step: 46, train_loss: -2.54276
TORCHFORT::WANDB: model: alpha, step: 46, train_lr: 0.0001
TORCHFORT::WANDB: model: critic_0, step: 47, train_loss: 0.0924481
TORCHFORT::WANDB: model: critic_0, step: 47, train_lr: 0.001
TORCHFORT::WANDB: model: actor, step: 47, train_loss: 0.526595
TORCHFORT::WANDB: model: actor, step: 47, train_lr: 0.001
TORCHFORT::WANDB: model: alpha, step: 47, train_loss: -2.54758
TORCHFORT::WANDB: model: alpha, step: 47, train_lr: 0.0001
TORCHFORT::WANDB: model: critic_0, step: 48, train_loss: 0.0898711
TORCHFORT::WANDB: model: critic_0, step: 48, train_lr: 0.001
TORCHFORT::WANDB: model: actor, step: 48, train_loss: 0.5369
TORCHFORT::WANDB: model: actor, step: 48, train_lr: 0.001
TORCHFORT::WANDB: model: alpha, step: 48, train_loss: -2.54852
TORCHFORT::WANDB: model: alpha, step: 48, train_lr: 0.0001
TORCHFORT::WANDB: model: critic_0, step: 49, train_loss: 0.0884986
TORCHFORT::WANDB: model: critic_0, step: 49, train_lr: 0.001
TORCHFORT::WANDB: model: actor, step: 49, train_loss: 0.527128
TORCHFORT::WANDB: model: actor, step: 49, train_lr: 0.001
TORCHFORT::WANDB: model: alpha, step: 49, train_loss: -2.54708
TORCHFORT::WANDB: model: alpha, step: 49, train_lr: 0.0001
TORCHFORT::WANDB: model: critic_0, step: 50, train_loss: 0.0894546
TORCHFORT::WANDB: model: critic_0, step: 50, train_lr: 0.001
TORCHFORT::WANDB: model: actor, step: 50, train_loss: 0.518048
TORCHFORT::WANDB: model: actor, step: 50, train_lr: 0.001
TORCHFORT::WANDB: model: alpha, step: 50, train_loss: -2.5493
TORCHFORT::WANDB: model: alpha, step: 50, train_lr: 0.0001
TORCHFORT::WANDB: model: critic_0, step: 51, train_loss: 0.0851135
TORCHFORT::WANDB: model: critic_0, step: 51, train_lr: 0.001
TORCHFORT::WANDB: model: actor, step: 51, train_loss: 0.508425
TORCHFORT::WANDB: model: actor, step: 51, train_lr: 0.001
TORCHFORT::WANDB: model: alpha, step: 51, train_loss: -2.55442
TORCHFORT::WANDB: model: alpha, step: 51, train_lr: 0.0001
TORCHFORT::WANDB: model: critic_0, step: 52, train_loss: 0.0849425
TORCHFORT::WANDB: model: critic_0, step: 52, train_lr: 0.001
TORCHFORT::WANDB: model: actor, step: 52, train_loss: 0.503641
TORCHFORT::WANDB: model: actor, step: 52, train_lr: 0.001
TORCHFORT::WANDB: model: alpha, step: 52, train_loss: -2.54029
TORCHFORT::WANDB: model: alpha, step: 52, train_lr: 0.0001
TORCHFORT::WANDB: model: critic_0, step: 53, train_loss: 0.0876783
TORCHFORT::WANDB: model: critic_0, step: 53, train_lr: 0.001
TORCHFORT::WANDB: model: actor, step: 53, train_loss: 0.514309
TORCHFORT::WANDB: model: actor, step: 53, train_lr: 0.001
TORCHFORT::WANDB: model: alpha, step: 53, train_loss: -2.54397
TORCHFORT::WANDB: model: alpha, step: 53, train_lr: 0.0001
TORCHFORT::WANDB: model: critic_0, step: 54, train_loss: 0.0786579
TORCHFORT::WANDB: model: critic_0, step: 54, train_lr: 0.001
TORCHFORT::WANDB: model: actor, step: 54, train_loss: 0.514665
TORCHFORT::WANDB: model: actor, step: 54, train_lr: 0.001
TORCHFORT::WANDB: model: alpha, step: 54, train_loss: -2.54337
TORCHFORT::WANDB: model: alpha, step: 54, train_lr: 0.0001
TORCHFORT::WANDB: model: critic_0, step: 55, train_loss: 0.0829099
TORCHFORT::WANDB: model: critic_0, step: 55, train_lr: 0.001
TORCHFORT::WANDB: model: actor, step: 55, train_loss: 0.517612
TORCHFORT::WANDB: model: actor, step: 55, train_lr: 0.001
TORCHFORT::WANDB: model: alpha, step: 55, train_loss: -2.55043
TORCHFORT::WANDB: model: alpha, step: 55, train_lr: 0.0001
TORCHFORT::WANDB: model: critic_0, step: 56, train_loss: 0.0835694
TORCHFORT::WANDB: model: critic_0, step: 56, train_lr: 0.001
TORCHFORT::WANDB: model: actor, step: 56, train_loss: 0.508402
TORCHFORT::WANDB: model: actor, step: 56, train_lr: 0.001
TORCHFORT::WANDB: model: alpha, step: 56, train_loss: -2.56023
TORCHFORT::WANDB: model: alpha, step: 56, train_lr: 0.0001
TORCHFORT::WANDB: model: critic_0, step: 57, train_loss: 0.089868
TORCHFORT::WANDB: model: critic_0, step: 57, train_lr: 0.001
TORCHFORT::WANDB: model: actor, step: 57, train_loss: 0.514944
TORCHFORT::WANDB: model: actor, step: 57, train_lr: 0.001
TORCHFORT::WANDB: model: alpha, step: 57, train_loss: -2.5678
TORCHFORT::WANDB: model: alpha, step: 57, train_lr: 0.0001
TORCHFORT::WANDB: model: critic_0, step: 58, train_loss: 0.0843621
TORCHFORT::WANDB: model: critic_0, step: 58, train_lr: 0.001
TORCHFORT::WANDB: model: actor, step: 58, train_loss: 0.494948
TORCHFORT::WANDB: model: actor, step: 58, train_lr: 0.001
TORCHFORT::WANDB: model: alpha, step: 58, train_loss: -2.55418
TORCHFORT::WANDB: model: alpha, step: 58, train_lr: 0.0001
TORCHFORT::WANDB: model: critic_0, step: 59, train_loss: 0.0843812
TORCHFORT::WANDB: model: critic_0, step: 59, train_lr: 0.001
TORCHFORT::WANDB: model: actor, step: 59, train_loss: 0.491038
TORCHFORT::WANDB: model: actor, step: 59, train_lr: 0.001
TORCHFORT::WANDB: model: alpha, step: 59, train_loss: -2.54329
TORCHFORT::WANDB: model: alpha, step: 59, train_lr: 0.0001
TORCHFORT::WANDB: model: critic_0, step: 60, train_loss: 0.0851484
TORCHFORT::WANDB: model: critic_0, step: 60, train_lr: 0.001
TORCHFORT::WANDB: model: actor, step: 60, train_loss: 0.492552
TORCHFORT::WANDB: model: actor, step: 60, train_lr: 0.001
TORCHFORT::WANDB: model: alpha, step: 60, train_loss: -2.5446
TORCHFORT::WANDB: model: alpha, step: 60, train_lr: 0.0001
TORCHFORT::WANDB: model: rlwm, step: 13, reward_sum: 2463.99
TORCHFORT::WANDB: model: rlwm, step: 13, reward_sum: 2463.99
TORCHFORT::WANDB: model: rlwm, step: 13, reward_sum: 2463.99
TORCHFORT::WANDB: model: rlwm, step: 13, reward_sum: 2463.99
TORCHFORT::WANDB: model: critic_0, step: 61, train_loss: 0.0928341
TORCHFORT::WANDB: model: critic_0, step: 61, train_lr: 0.001
TORCHFORT::WANDB: model: actor, step: 61, train_loss: 0.528268
TORCHFORT::WANDB: model: actor, step: 61, train_lr: 0.001
TORCHFORT::WANDB: model: alpha, step: 61, train_loss: -2.56156
TORCHFORT::WANDB: model: alpha, step: 61, train_lr: 0.0001
TORCHFORT::WANDB: model: critic_0, step: 62, train_loss: 0.0901516
TORCHFORT::WANDB: model: critic_0, step: 62, train_lr: 0.001
TORCHFORT::WANDB: model: actor, step: 62, train_loss: 0.524019
TORCHFORT::WANDB: model: actor, step: 62, train_lr: 0.001
TORCHFORT::WANDB: model: alpha, step: 62, train_loss: -2.57249
TORCHFORT::WANDB: model: alpha, step: 62, train_lr: 0.0001
TORCHFORT::WANDB: model: critic_0, step: 63, train_loss: 0.0846557
TORCHFORT::WANDB: model: critic_0, step: 63, train_lr: 0.001
TORCHFORT::WANDB: model: actor, step: 63, train_loss: 0.545056
TORCHFORT::WANDB: model: actor, step: 63, train_lr: 0.001
TORCHFORT::WANDB: model: alpha, step: 63, train_loss: -2.58524
TORCHFORT::WANDB: model: alpha, step: 63, train_lr: 0.0001
TORCHFORT::WANDB: model: critic_0, step: 64, train_loss: 0.0901975
TORCHFORT::WANDB: model: critic_0, step: 64, train_lr: 0.001
TORCHFORT::WANDB: model: actor, step: 64, train_loss: 0.541134
TORCHFORT::WANDB: model: actor, step: 64, train_lr: 0.001
TORCHFORT::WANDB: model: alpha, step: 64, train_loss: -2.59989
TORCHFORT::WANDB: model: alpha, step: 64, train_lr: 0.0001
TORCHFORT::WANDB: model: critic_0, step: 65, train_loss: 0.0872731
TORCHFORT::WANDB: model: critic_0, step: 65, train_lr: 0.001
TORCHFORT::WANDB: model: actor, step: 65, train_loss: 0.538442
TORCHFORT::WANDB: model: actor, step: 65, train_lr: 0.001
TORCHFORT::WANDB: model: alpha, step: 65, train_loss: -2.57438
TORCHFORT::WANDB: model: alpha, step: 65, train_lr: 0.0001
TORCHFORT::WANDB: model: critic_0, step: 66, train_loss: 0.0845584
TORCHFORT::WANDB: model: critic_0, step: 66, train_lr: 0.001
TORCHFORT::WANDB: model: actor, step: 66, train_loss: 0.538658
TORCHFORT::WANDB: model: actor, step: 66, train_lr: 0.001
TORCHFORT::WANDB: model: alpha, step: 66, train_loss: -2.57229
TORCHFORT::WANDB: model: alpha, step: 66, train_lr: 0.0001
TORCHFORT::WANDB: model: critic_0, step: 67, train_loss: 0.0903997
TORCHFORT::WANDB: model: critic_0, step: 67, train_lr: 0.001
TORCHFORT::WANDB: model: actor, step: 67, train_loss: 0.522147
TORCHFORT::WANDB: model: actor, step: 67, train_lr: 0.001
TORCHFORT::WANDB: model: alpha, step: 67, train_loss: -2.56496
TORCHFORT::WANDB: model: alpha, step: 67, train_lr: 0.0001
TORCHFORT::WANDB: model: critic_0, step: 68, train_loss: 0.0922706
TORCHFORT::WANDB: model: critic_0, step: 68, train_lr: 0.001
TORCHFORT::WANDB: model: actor, step: 68, train_loss: 0.52029
TORCHFORT::WANDB: model: actor, step: 68, train_lr: 0.001
TORCHFORT::WANDB: model: alpha, step: 68, train_loss: -2.56838
TORCHFORT::WANDB: model: alpha, step: 68, train_lr: 0.0001
TORCHFORT::WANDB: model: critic_0, step: 69, train_loss: 0.0923975
TORCHFORT::WANDB: model: critic_0, step: 69, train_lr: 0.001
TORCHFORT::WANDB: model: actor, step: 69, train_loss: 0.526061
TORCHFORT::WANDB: model: actor, step: 69, train_lr: 0.001
TORCHFORT::WANDB: model: alpha, step: 69, train_loss: -2.56996
TORCHFORT::WANDB: model: alpha, step: 69, train_lr: 0.0001
TORCHFORT::WANDB: model: critic_0, step: 70, train_loss: 0.0894233
TORCHFORT::WANDB: model: critic_0, step: 70, train_lr: 0.001
TORCHFORT::WANDB: model: actor, step: 70, train_loss: 0.513757
TORCHFORT::WANDB: model: actor, step: 70, train_lr: 0.001
TORCHFORT::WANDB: model: alpha, step: 70, train_loss: -2.58457
TORCHFORT::WANDB: model: alpha, step: 70, train_lr: 0.0001
TORCHFORT::WANDB: model: critic_0, step: 71, train_loss: 0.0893649
TORCHFORT::WANDB: model: critic_0, step: 71, train_lr: 0.001
TORCHFORT::WANDB: model: actor, step: 71, train_loss: 0.533589
TORCHFORT::WANDB: model: actor, step: 71, train_lr: 0.001
TORCHFORT::WANDB: model: alpha, step: 71, train_loss: -2.58318
TORCHFORT::WANDB: model: alpha, step: 71, train_lr: 0.0001
TORCHFORT::WANDB: model: critic_0, step: 72, train_loss: 0.0898281
TORCHFORT::WANDB: model: critic_0, step: 72, train_lr: 0.001
TORCHFORT::WANDB: model: actor, step: 72, train_loss: 0.533454
TORCHFORT::WANDB: model: actor, step: 72, train_lr: 0.001
TORCHFORT::WANDB: model: alpha, step: 72, train_loss: -2.5933
TORCHFORT::WANDB: model: alpha, step: 72, train_lr: 0.0001
TORCHFORT::WANDB: model: critic_0, step: 73, train_loss: 0.0866338
TORCHFORT::WANDB: model: critic_0, step: 73, train_lr: 0.001
TORCHFORT::WANDB: model: actor, step: 73, train_loss: 0.531587
TORCHFORT::WANDB: model: actor, step: 73, train_lr: 0.001
TORCHFORT::WANDB: model: alpha, step: 73, train_loss: -2.58099
TORCHFORT::WANDB: model: alpha, step: 73, train_lr: 0.0001
TORCHFORT::WANDB: model: critic_0, step: 74, train_loss: 0.0887613
TORCHFORT::WANDB: model: critic_0, step: 74, train_lr: 0.001
TORCHFORT::WANDB: model: actor, step: 74, train_loss: 0.531786
TORCHFORT::WANDB: model: actor, step: 74, train_lr: 0.001
TORCHFORT::WANDB: model: alpha, step: 74, train_loss: -2.57078
TORCHFORT::WANDB: model: alpha, step: 74, train_lr: 0.0001
TORCHFORT::WANDB: model: critic_0, step: 75, train_loss: 0.0836595
TORCHFORT::WANDB: model: critic_0, step: 75, train_lr: 0.001
TORCHFORT::WANDB: model: actor, step: 75, train_loss: 0.533472
TORCHFORT::WANDB: model: actor, step: 75, train_lr: 0.001
TORCHFORT::WANDB: model: alpha, step: 75, train_loss: -2.56995
TORCHFORT::WANDB: model: alpha, step: 75, train_lr: 0.0001
TORCHFORT::WANDB: model: critic_0, step: 76, train_loss: 0.0892934
TORCHFORT::WANDB: model: critic_0, step: 76, train_lr: 0.001
TORCHFORT::WANDB: model: actor, step: 76, train_loss: 0.518365
TORCHFORT::WANDB: model: actor, step: 76, train_lr: 0.001
TORCHFORT::WANDB: model: alpha, step: 76, train_loss: -2.5772
TORCHFORT::WANDB: model: alpha, step: 76, train_lr: 0.0001
TORCHFORT::WANDB: model: critic_0, step: 77, train_loss: 0.0832524
TORCHFORT::WANDB: model: critic_0, step: 77, train_lr: 0.001
TORCHFORT::WANDB: model: actor, step: 77, train_loss: 0.510976
TORCHFORT::WANDB: model: actor, step: 77, train_lr: 0.001
TORCHFORT::WANDB: model: alpha, step: 77, train_loss: -2.56501
TORCHFORT::WANDB: model: alpha, step: 77, train_lr: 0.0001
TORCHFORT::WANDB: model: critic_0, step: 78, train_loss: 0.0876725
TORCHFORT::WANDB: model: critic_0, step: 78, train_lr: 0.001
TORCHFORT::WANDB: model: actor, step: 78, train_loss: 0.532707
TORCHFORT::WANDB: model: actor, step: 78, train_lr: 0.001
TORCHFORT::WANDB: model: alpha, step: 78, train_loss: -2.56797
TORCHFORT::WANDB: model: alpha, step: 78, train_lr: 0.0001
TORCHFORT::WANDB: model: critic_0, step: 79, train_loss: 0.0871589
TORCHFORT::WANDB: model: critic_0, step: 79, train_lr: 0.001
TORCHFORT::WANDB: model: actor, step: 79, train_loss: 0.509537
TORCHFORT::WANDB: model: actor, step: 79, train_lr: 0.001
TORCHFORT::WANDB: model: alpha, step: 79, train_loss: -2.58474
TORCHFORT::WANDB: model: alpha, step: 79, train_lr: 0.0001
TORCHFORT::WANDB: model: critic_0, step: 80, train_loss: 0.0933294
TORCHFORT::WANDB: model: critic_0, step: 80, train_lr: 0.001
TORCHFORT::WANDB: model: actor, step: 80, train_loss: 0.518156
TORCHFORT::WANDB: model: actor, step: 80, train_lr: 0.001
TORCHFORT::WANDB: model: alpha, step: 80, train_loss: -2.58236
TORCHFORT::WANDB: model: alpha, step: 80, train_lr: 0.0001
TORCHFORT::WANDB: model: rlwm, step: 14, reward_sum: 2680.76
TORCHFORT::WANDB: model: rlwm, step: 14, reward_sum: 2680.76
TORCHFORT::WANDB: model: rlwm, step: 14, reward_sum: 2680.76
TORCHFORT::WANDB: model: rlwm, step: 14, reward_sum: 2680.76
TORCHFORT::WANDB: model: critic_0, step: 81, train_loss: 0.0952896
TORCHFORT::WANDB: model: critic_0, step: 81, train_lr: 0.001
TORCHFORT::WANDB: model: actor, step: 81, train_loss: 0.546724
TORCHFORT::WANDB: model: actor, step: 81, train_lr: 0.001
TORCHFORT::WANDB: model: alpha, step: 81, train_loss: -2.60458
TORCHFORT::WANDB: model: alpha, step: 81, train_lr: 0.0001
TORCHFORT::WANDB: model: critic_0, step: 82, train_loss: 0.0952134
TORCHFORT::WANDB: model: critic_0, step: 82, train_lr: 0.001
TORCHFORT::WANDB: model: actor, step: 82, train_loss: 0.529647
TORCHFORT::WANDB: model: actor, step: 82, train_lr: 0.001
TORCHFORT::WANDB: model: alpha, step: 82, train_loss: -2.59176
TORCHFORT::WANDB: model: alpha, step: 82, train_lr: 0.0001
TORCHFORT::WANDB: model: critic_0, step: 83, train_loss: 0.091751
TORCHFORT::WANDB: model: critic_0, step: 83, train_lr: 0.001
TORCHFORT::WANDB: model: actor, step: 83, train_loss: 0.536212
TORCHFORT::WANDB: model: actor, step: 83, train_lr: 0.001
TORCHFORT::WANDB: model: alpha, step: 83, train_loss: -2.58911
TORCHFORT::WANDB: model: alpha, step: 83, train_lr: 0.0001
TORCHFORT::WANDB: model: critic_0, step: 84, train_loss: 0.0944826
TORCHFORT::WANDB: model: critic_0, step: 84, train_lr: 0.001
TORCHFORT::WANDB: model: actor, step: 84, train_loss: 0.548557
TORCHFORT::WANDB: model: actor, step: 84, train_lr: 0.001
TORCHFORT::WANDB: model: alpha, step: 84, train_loss: -2.58812
TORCHFORT::WANDB: model: alpha, step: 84, train_lr: 0.0001
TORCHFORT::WANDB: model: critic_0, step: 85, train_loss: 0.0952394
TORCHFORT::WANDB: model: critic_0, step: 85, train_lr: 0.001
TORCHFORT::WANDB: model: actor, step: 85, train_loss: 0.555461
TORCHFORT::WANDB: model: actor, step: 85, train_lr: 0.001
TORCHFORT::WANDB: model: alpha, step: 85, train_loss: -2.60357
TORCHFORT::WANDB: model: alpha, step: 85, train_lr: 0.0001
TORCHFORT::WANDB: model: critic_0, step: 86, train_loss: 0.0908792
TORCHFORT::WANDB: model: critic_0, step: 86, train_lr: 0.001
TORCHFORT::WANDB: model: actor, step: 86, train_loss: 0.54727
TORCHFORT::WANDB: model: actor, step: 86, train_lr: 0.001
TORCHFORT::WANDB: model: alpha, step: 86, train_loss: -2.59973
TORCHFORT::WANDB: model: alpha, step: 86, train_lr: 0.0001
TORCHFORT::WANDB: model: critic_0, step: 87, train_loss: 0.0902236
TORCHFORT::WANDB: model: critic_0, step: 87, train_lr: 0.001
TORCHFORT::WANDB: model: actor, step: 87, train_loss: 0.548301
TORCHFORT::WANDB: model: actor, step: 87, train_lr: 0.001
TORCHFORT::WANDB: model: alpha, step: 87, train_loss: -2.61618
TORCHFORT::WANDB: model: alpha, step: 87, train_lr: 0.0001
TORCHFORT::WANDB: model: critic_0, step: 88, train_loss: 0.0905517
TORCHFORT::WANDB: model: critic_0, step: 88, train_lr: 0.001
TORCHFORT::WANDB: model: actor, step: 88, train_loss: 0.543175
TORCHFORT::WANDB: model: actor, step: 88, train_lr: 0.001
TORCHFORT::WANDB: model: alpha, step: 88, train_loss: -2.61692
TORCHFORT::WANDB: model: alpha, step: 88, train_lr: 0.0001
TORCHFORT::WANDB: model: critic_0, step: 89, train_loss: 0.093401
TORCHFORT::WANDB: model: critic_0, step: 89, train_lr: 0.001
TORCHFORT::WANDB: model: actor, step: 89, train_loss: 0.531099
TORCHFORT::WANDB: model: actor, step: 89, train_lr: 0.001
TORCHFORT::WANDB: model: alpha, step: 89, train_loss: -2.6048
TORCHFORT::WANDB: model: alpha, step: 89, train_lr: 0.0001
TORCHFORT::WANDB: model: critic_0, step: 90, train_loss: 0.0951362
TORCHFORT::WANDB: model: critic_0, step: 90, train_lr: 0.001
TORCHFORT::WANDB: model: actor, step: 90, train_loss: 0.535632
TORCHFORT::WANDB: model: actor, step: 90, train_lr: 0.001
TORCHFORT::WANDB: model: alpha, step: 90, train_loss: -2.5892
TORCHFORT::WANDB: model: alpha, step: 90, train_lr: 0.0001
TORCHFORT::WANDB: model: critic_0, step: 91, train_loss: 0.0918528
TORCHFORT::WANDB: model: critic_0, step: 91, train_lr: 0.001
TORCHFORT::WANDB: model: actor, step: 91, train_loss: 0.533503
TORCHFORT::WANDB: model: actor, step: 91, train_lr: 0.001
TORCHFORT::WANDB: model: alpha, step: 91, train_loss: -2.59268
TORCHFORT::WANDB: model: alpha, step: 91, train_lr: 0.0001
TORCHFORT::WANDB: model: critic_0, step: 92, train_loss: 0.0898636
TORCHFORT::WANDB: model: critic_0, step: 92, train_lr: 0.001
TORCHFORT::WANDB: model: actor, step: 92, train_loss: 0.536232
TORCHFORT::WANDB: model: actor, step: 92, train_lr: 0.001
TORCHFORT::WANDB: model: alpha, step: 92, train_loss: -2.58697
TORCHFORT::WANDB: model: alpha, step: 92, train_lr: 0.0001
TORCHFORT::WANDB: model: critic_0, step: 93, train_loss: 0.0932535
TORCHFORT::WANDB: model: critic_0, step: 93, train_lr: 0.001
TORCHFORT::WANDB: model: actor, step: 93, train_loss: 0.54965
TORCHFORT::WANDB: model: actor, step: 93, train_lr: 0.001
TORCHFORT::WANDB: model: alpha, step: 93, train_loss: -2.58282
TORCHFORT::WANDB: model: alpha, step: 93, train_lr: 0.0001
TORCHFORT::WANDB: model: critic_0, step: 94, train_loss: 0.0942359
TORCHFORT::WANDB: model: critic_0, step: 94, train_lr: 0.001
TORCHFORT::WANDB: model: actor, step: 94, train_loss: 0.547171
TORCHFORT::WANDB: model: actor, step: 94, train_lr: 0.001
TORCHFORT::WANDB: model: alpha, step: 94, train_loss: -2.60537
TORCHFORT::WANDB: model: alpha, step: 94, train_lr: 0.0001
TORCHFORT::WANDB: model: critic_0, step: 95, train_loss: 0.092658
TORCHFORT::WANDB: model: critic_0, step: 95, train_lr: 0.001
TORCHFORT::WANDB: model: actor, step: 95, train_loss: 0.539591
TORCHFORT::WANDB: model: actor, step: 95, train_lr: 0.001
TORCHFORT::WANDB: model: alpha, step: 95, train_loss: -2.61162
TORCHFORT::WANDB: model: alpha, step: 95, train_lr: 0.0001
TORCHFORT::WANDB: model: critic_0, step: 96, train_loss: 0.0948768
TORCHFORT::WANDB: model: critic_0, step: 96, train_lr: 0.001
TORCHFORT::WANDB: model: actor, step: 96, train_loss: 0.525729
TORCHFORT::WANDB: model: actor, step: 96, train_lr: 0.001
TORCHFORT::WANDB: model: alpha, step: 96, train_loss: -2.6118
TORCHFORT::WANDB: model: alpha, step: 96, train_lr: 0.0001
TORCHFORT::WANDB: model: critic_0, step: 97, train_loss: 0.0883743
TORCHFORT::WANDB: model: critic_0, step: 97, train_lr: 0.001
TORCHFORT::WANDB: model: actor, step: 97, train_loss: 0.536004
TORCHFORT::WANDB: model: actor, step: 97, train_lr: 0.001
TORCHFORT::WANDB: model: alpha, step: 97, train_loss: -2.61728
TORCHFORT::WANDB: model: alpha, step: 97, train_lr: 0.0001
TORCHFORT::WANDB: model: critic_0, step: 98, train_loss: 0.0918533
TORCHFORT::WANDB: model: critic_0, step: 98, train_lr: 0.001
TORCHFORT::WANDB: model: actor, step: 98, train_loss: 0.537967
TORCHFORT::WANDB: model: actor, step: 98, train_lr: 0.001
TORCHFORT::WANDB: model: alpha, step: 98, train_loss: -2.6271
TORCHFORT::WANDB: model: alpha, step: 98, train_lr: 0.0001
TORCHFORT::WANDB: model: critic_0, step: 99, train_loss: 0.0960143
TORCHFORT::WANDB: model: critic_0, step: 99, train_lr: 0.001
TORCHFORT::WANDB: model: actor, step: 99, train_loss: 0.537748
TORCHFORT::WANDB: model: actor, step: 99, train_lr: 0.001
TORCHFORT::WANDB: model: alpha, step: 99, train_loss: -2.61124
TORCHFORT::WANDB: model: alpha, step: 99, train_lr: 0.0001
TORCHFORT::WANDB: model: critic_0, step: 100, train_loss: 0.0947462
TORCHFORT::WANDB: model: critic_0, step: 100, train_lr: 0.001
TORCHFORT::WANDB: model: actor, step: 100, train_loss: 0.530319
TORCHFORT::WANDB: model: actor, step: 100, train_lr: 0.001
TORCHFORT::WANDB: model: alpha, step: 100, train_loss: -2.60228
TORCHFORT::WANDB: model: alpha, step: 100, train_lr: 0.0001
TORCHFORT::WANDB: model: rlwm, step: 15, reward_sum: 2939.36
TORCHFORT::WANDB: model: rlwm, step: 15, reward_sum: 2939.36
TORCHFORT::WANDB: model: rlwm, step: 15, reward_sum: 2939.36
TORCHFORT::WANDB: model: rlwm, step: 15, reward_sum: 2939.36
TORCHFORT::WANDB: model: critic_0, step: 101, train_loss: 0.0971125
TORCHFORT::WANDB: model: critic_0, step: 101, train_lr: 0.001
TORCHFORT::WANDB: model: actor, step: 101, train_loss: 0.563775
TORCHFORT::WANDB: model: actor, step: 101, train_lr: 0.001
TORCHFORT::WANDB: model: alpha, step: 101, train_loss: -2.58864
TORCHFORT::WANDB: model: alpha, step: 101, train_lr: 0.0001
TORCHFORT::WANDB: model: critic_0, step: 102, train_loss: 0.094748
TORCHFORT::WANDB: model: critic_0, step: 102, train_lr: 0.001
TORCHFORT::WANDB: model: actor, step: 102, train_loss: 0.561486
TORCHFORT::WANDB: model: actor, step: 102, train_lr: 0.001
TORCHFORT::WANDB: model: alpha, step: 102, train_loss: -2.60526
TORCHFORT::WANDB: model: alpha, step: 102, train_lr: 0.0001
TORCHFORT::WANDB: model: critic_0, step: 103, train_loss: 0.0986239
TORCHFORT::WANDB: model: critic_0, step: 103, train_lr: 0.001
TORCHFORT::WANDB: model: actor, step: 103, train_loss: 0.558653
TORCHFORT::WANDB: model: actor, step: 103, train_lr: 0.001
TORCHFORT::WANDB: model: alpha, step: 103, train_loss: -2.60733
TORCHFORT::WANDB: model: alpha, step: 103, train_lr: 0.0001
TORCHFORT::WANDB: model: critic_0, step: 104, train_loss: 0.0962488
TORCHFORT::WANDB: model: critic_0, step: 104, train_lr: 0.001
TORCHFORT::WANDB: model: actor, step: 104, train_loss: 0.56185
TORCHFORT::WANDB: model: actor, step: 104, train_lr: 0.001
TORCHFORT::WANDB: model: alpha, step: 104, train_loss: -2.61729
TORCHFORT::WANDB: model: alpha, step: 104, train_lr: 0.0001
TORCHFORT::WANDB: model: critic_0, step: 105, train_loss: 0.097701
TORCHFORT::WANDB: model: critic_0, step: 105, train_lr: 0.001
TORCHFORT::WANDB: model: actor, step: 105, train_loss: 0.566571
TORCHFORT::WANDB: model: actor, step: 105, train_lr: 0.001
TORCHFORT::WANDB: model: alpha, step: 105, train_loss: -2.61942
TORCHFORT::WANDB: model: alpha, step: 105, train_lr: 0.0001
TORCHFORT::WANDB: model: critic_0, step: 106, train_loss: 0.0933212
TORCHFORT::WANDB: model: critic_0, step: 106, train_lr: 0.001
TORCHFORT::WANDB: model: actor, step: 106, train_loss: 0.563004
TORCHFORT::WANDB: model: actor, step: 106, train_lr: 0.001
TORCHFORT::WANDB: model: alpha, step: 106, train_loss: -2.62849
TORCHFORT::WANDB: model: alpha, step: 106, train_lr: 0.0001
TORCHFORT::WANDB: model: critic_0, step: 107, train_loss: 0.0977981
TORCHFORT::WANDB: model: critic_0, step: 107, train_lr: 0.001
TORCHFORT::WANDB: model: actor, step: 107, train_loss: 0.557823
TORCHFORT::WANDB: model: actor, step: 107, train_lr: 0.001
TORCHFORT::WANDB: model: alpha, step: 107, train_loss: -2.62208
TORCHFORT::WANDB: model: alpha, step: 107, train_lr: 0.0001
TORCHFORT::WANDB: model: critic_0, step: 108, train_loss: 0.100313
TORCHFORT::WANDB: model: critic_0, step: 108, train_lr: 0.001
TORCHFORT::WANDB: model: actor, step: 108, train_loss: 0.565269
TORCHFORT::WANDB: model: actor, step: 108, train_lr: 0.001
TORCHFORT::WANDB: model: alpha, step: 108, train_loss: -2.60094
TORCHFORT::WANDB: model: alpha, step: 108, train_lr: 0.0001
TORCHFORT::WANDB: model: critic_0, step: 109, train_loss: 0.102104
TORCHFORT::WANDB: model: critic_0, step: 109, train_lr: 0.001
TORCHFORT::WANDB: model: actor, step: 109, train_loss: 0.552151
TORCHFORT::WANDB: model: actor, step: 109, train_lr: 0.001
TORCHFORT::WANDB: model: alpha, step: 109, train_loss: -2.60229
TORCHFORT::WANDB: model: alpha, step: 109, train_lr: 0.0001
TORCHFORT::WANDB: model: critic_0, step: 110, train_loss: 0.096521
TORCHFORT::WANDB: model: critic_0, step: 110, train_lr: 0.001
TORCHFORT::WANDB: model: actor, step: 110, train_loss: 0.555662
TORCHFORT::WANDB: model: actor, step: 110, train_lr: 0.001
TORCHFORT::WANDB: model: alpha, step: 110, train_loss: -2.61824
TORCHFORT::WANDB: model: alpha, step: 110, train_lr: 0.0001
TORCHFORT::WANDB: model: critic_0, step: 111, train_loss: 0.0978658
TORCHFORT::WANDB: model: critic_0, step: 111, train_lr: 0.001
TORCHFORT::WANDB: model: actor, step: 111, train_loss: 0.557673
TORCHFORT::WANDB: model: actor, step: 111, train_lr: 0.001
TORCHFORT::WANDB: model: alpha, step: 111, train_loss: -2.62117
TORCHFORT::WANDB: model: alpha, step: 111, train_lr: 0.0001
TORCHFORT::WANDB: model: critic_0, step: 112, train_loss: 0.0974024
TORCHFORT::WANDB: model: critic_0, step: 112, train_lr: 0.001
TORCHFORT::WANDB: model: actor, step: 112, train_loss: 0.553632
TORCHFORT::WANDB: model: actor, step: 112, train_lr: 0.001
TORCHFORT::WANDB: model: alpha, step: 112, train_loss: -2.63062
TORCHFORT::WANDB: model: alpha, step: 112, train_lr: 0.0001
TORCHFORT::WANDB: model: critic_0, step: 113, train_loss: 0.0962271
TORCHFORT::WANDB: model: critic_0, step: 113, train_lr: 0.001
TORCHFORT::WANDB: model: actor, step: 113, train_loss: 0.558975
TORCHFORT::WANDB: model: actor, step: 113, train_lr: 0.001
TORCHFORT::WANDB: model: alpha, step: 113, train_loss: -2.63595
TORCHFORT::WANDB: model: alpha, step: 113, train_lr: 0.0001
TORCHFORT::WANDB: model: critic_0, step: 114, train_loss: 0.0916284
TORCHFORT::WANDB: model: critic_0, step: 114, train_lr: 0.001
TORCHFORT::WANDB: model: actor, step: 114, train_loss: 0.550477
TORCHFORT::WANDB: model: actor, step: 114, train_lr: 0.001
TORCHFORT::WANDB: model: alpha, step: 114, train_loss: -2.63219
TORCHFORT::WANDB: model: alpha, step: 114, train_lr: 0.0001
TORCHFORT::WANDB: model: critic_0, step: 115, train_loss: 0.0954547
TORCHFORT::WANDB: model: critic_0, step: 115, train_lr: 0.001
TORCHFORT::WANDB: model: actor, step: 115, train_loss: 0.555064
TORCHFORT::WANDB: model: actor, step: 115, train_lr: 0.001
TORCHFORT::WANDB: model: alpha, step: 115, train_loss: -2.62708
TORCHFORT::WANDB: model: alpha, step: 115, train_lr: 0.0001
TORCHFORT::WANDB: model: critic_0, step: 116, train_loss: 0.0951408
TORCHFORT::WANDB: model: critic_0, step: 116, train_lr: 0.001
TORCHFORT::WANDB: model: actor, step: 116, train_loss: 0.544877
TORCHFORT::WANDB: model: actor, step: 116, train_lr: 0.001
TORCHFORT::WANDB: model: alpha, step: 116, train_loss: -2.60478
TORCHFORT::WANDB: model: alpha, step: 116, train_lr: 0.0001
TORCHFORT::WANDB: model: critic_0, step: 117, train_loss: 0.0972631
TORCHFORT::WANDB: model: critic_0, step: 117, train_lr: 0.001
TORCHFORT::WANDB: model: actor, step: 117, train_loss: 0.54363
TORCHFORT::WANDB: model: actor, step: 117, train_lr: 0.001
TORCHFORT::WANDB: model: alpha, step: 117, train_loss: -2.59578
TORCHFORT::WANDB: model: alpha, step: 117, train_lr: 0.0001
TORCHFORT::WANDB: model: critic_0, step: 118, train_loss: 0.0984727
TORCHFORT::WANDB: model: critic_0, step: 118, train_lr: 0.001
TORCHFORT::WANDB: model: actor, step: 118, train_loss: 0.549671
TORCHFORT::WANDB: model: actor, step: 118, train_lr: 0.001
TORCHFORT::WANDB: model: alpha, step: 118, train_loss: -2.59893
TORCHFORT::WANDB: model: alpha, step: 118, train_lr: 0.0001
TORCHFORT::WANDB: model: critic_0, step: 119, train_loss: 0.099155
TORCHFORT::WANDB: model: critic_0, step: 119, train_lr: 0.001
TORCHFORT::WANDB: model: actor, step: 119, train_loss: 0.554216
TORCHFORT::WANDB: model: actor, step: 119, train_lr: 0.001
TORCHFORT::WANDB: model: alpha, step: 119, train_loss: -2.61216
TORCHFORT::WANDB: model: alpha, step: 119, train_lr: 0.0001
TORCHFORT::WANDB: model: critic_0, step: 120, train_loss: 0.0940369
TORCHFORT::WANDB: model: critic_0, step: 120, train_lr: 0.001
TORCHFORT::WANDB: model: actor, step: 120, train_loss: 0.562031
TORCHFORT::WANDB: model: actor, step: 120, train_lr: 0.001
TORCHFORT::WANDB: model: alpha, step: 120, train_loss: -2.61287
TORCHFORT::WANDB: model: alpha, step: 120, train_lr: 0.0001
TORCHFORT::WANDB: model: rlwm, step: 16, reward_sum: 3010.19
TORCHFORT::WANDB: model: rlwm, step: 16, reward_sum: 3010.19
TORCHFORT::WANDB: model: rlwm, step: 16, reward_sum: 3010.19
TORCHFORT::WANDB: model: rlwm, step: 16, reward_sum: 3010.19
TORCHFORT::WANDB: model: critic_0, step: 121, train_loss: 0.100196
TORCHFORT::WANDB: model: critic_0, step: 121, train_lr: 0.001
TORCHFORT::WANDB: model: actor, step: 121, train_loss: 0.584869
TORCHFORT::WANDB: model: actor, step: 121, train_lr: 0.001
TORCHFORT::WANDB: model: alpha, step: 121, train_loss: -2.63935
TORCHFORT::WANDB: model: alpha, step: 121, train_lr: 0.0001
TORCHFORT::WANDB: model: critic_0, step: 122, train_loss: 0.103723
TORCHFORT::WANDB: model: critic_0, step: 122, train_lr: 0.001
TORCHFORT::WANDB: model: actor, step: 122, train_loss: 0.577568
TORCHFORT::WANDB: model: actor, step: 122, train_lr: 0.001
TORCHFORT::WANDB: model: alpha, step: 122, train_loss: -2.63196
TORCHFORT::WANDB: model: alpha, step: 122, train_lr: 0.0001
TORCHFORT::WANDB: model: critic_0, step: 123, train_loss: 0.0990469
TORCHFORT::WANDB: model: critic_0, step: 123, train_lr: 0.001
TORCHFORT::WANDB: model: actor, step: 123, train_loss: 0.567637
TORCHFORT::WANDB: model: actor, step: 123, train_lr: 0.001
TORCHFORT::WANDB: model: alpha, step: 123, train_loss: -2.62472
TORCHFORT::WANDB: model: alpha, step: 123, train_lr: 0.0001
TORCHFORT::WANDB: model: critic_0, step: 124, train_loss: 0.107608
TORCHFORT::WANDB: model: critic_0, step: 124, train_lr: 0.001
TORCHFORT::WANDB: model: actor, step: 124, train_loss: 0.566745
TORCHFORT::WANDB: model: actor, step: 124, train_lr: 0.001
TORCHFORT::WANDB: model: alpha, step: 124, train_loss: -2.62566
TORCHFORT::WANDB: model: alpha, step: 124, train_lr: 0.0001
TORCHFORT::WANDB: model: critic_0, step: 125, train_loss: 0.0998603
TORCHFORT::WANDB: model: critic_0, step: 125, train_lr: 0.001
TORCHFORT::WANDB: model: actor, step: 125, train_loss: 0.578732
TORCHFORT::WANDB: model: actor, step: 125, train_lr: 0.001
TORCHFORT::WANDB: model: alpha, step: 125, train_loss: -2.64058
TORCHFORT::WANDB: model: alpha, step: 125, train_lr: 0.0001
TORCHFORT::WANDB: model: critic_0, step: 126, train_loss: 0.0957027
TORCHFORT::WANDB: model: critic_0, step: 126, train_lr: 0.001
TORCHFORT::WANDB: model: actor, step: 126, train_loss: 0.588855
TORCHFORT::WANDB: model: actor, step: 126, train_lr: 0.001
TORCHFORT::WANDB: model: alpha, step: 126, train_loss: -2.6311
TORCHFORT::WANDB: model: alpha, step: 126, train_lr: 0.0001
TORCHFORT::WANDB: model: critic_0, step: 127, train_loss: 0.105755
TORCHFORT::WANDB: model: critic_0, step: 127, train_lr: 0.001
TORCHFORT::WANDB: model: actor, step: 127, train_loss: 0.587116
TORCHFORT::WANDB: model: actor, step: 127, train_lr: 0.001
TORCHFORT::WANDB: model: alpha, step: 127, train_loss: -2.61614
TORCHFORT::WANDB: model: alpha, step: 127, train_lr: 0.0001
TORCHFORT::WANDB: model: critic_0, step: 128, train_loss: 0.0947945
TORCHFORT::WANDB: model: critic_0, step: 128, train_lr: 0.001
TORCHFORT::WANDB: model: actor, step: 128, train_loss: 0.5701
TORCHFORT::WANDB: model: actor, step: 128, train_lr: 0.001
TORCHFORT::WANDB: model: alpha, step: 128, train_loss: -2.62218
TORCHFORT::WANDB: model: alpha, step: 128, train_lr: 0.0001
TORCHFORT::WANDB: model: critic_0, step: 129, train_loss: 0.0936463
TORCHFORT::WANDB: model: critic_0, step: 129, train_lr: 0.001
TORCHFORT::WANDB: model: actor, step: 129, train_loss: 0.571614
TORCHFORT::WANDB: model: actor, step: 129, train_lr: 0.001
TORCHFORT::WANDB: model: alpha, step: 129, train_loss: -2.631
TORCHFORT::WANDB: model: alpha, step: 129, train_lr: 0.0001
TORCHFORT::WANDB: model: critic_0, step: 130, train_loss: 0.102291
TORCHFORT::WANDB: model: critic_0, step: 130, train_lr: 0.001
TORCHFORT::WANDB: model: actor, step: 130, train_loss: 0.568077
TORCHFORT::WANDB: model: actor, step: 130, train_lr: 0.001
TORCHFORT::WANDB: model: alpha, step: 130, train_loss: -2.62528
TORCHFORT::WANDB: model: alpha, step: 130, train_lr: 0.0001
TORCHFORT::WANDB: model: critic_0, step: 131, train_loss: 0.102341
TORCHFORT::WANDB: model: critic_0, step: 131, train_lr: 0.001
TORCHFORT::WANDB: model: actor, step: 131, train_loss: 0.572
TORCHFORT::WANDB: model: actor, step: 131, train_lr: 0.001
TORCHFORT::WANDB: model: alpha, step: 131, train_loss: -2.64185
TORCHFORT::WANDB: model: alpha, step: 131, train_lr: 0.0001
TORCHFORT::WANDB: model: critic_0, step: 132, train_loss: 0.097739
TORCHFORT::WANDB: model: critic_0, step: 132, train_lr: 0.001
TORCHFORT::WANDB: model: actor, step: 132, train_loss: 0.572849
TORCHFORT::WANDB: model: actor, step: 132, train_lr: 0.001
TORCHFORT::WANDB: model: alpha, step: 132, train_loss: -2.63598
TORCHFORT::WANDB: model: alpha, step: 132, train_lr: 0.0001
TORCHFORT::WANDB: model: critic_0, step: 133, train_loss: 0.0968215
TORCHFORT::WANDB: model: critic_0, step: 133, train_lr: 0.001
TORCHFORT::WANDB: model: actor, step: 133, train_loss: 0.576292
TORCHFORT::WANDB: model: actor, step: 133, train_lr: 0.001
TORCHFORT::WANDB: model: alpha, step: 133, train_loss: -2.64211
TORCHFORT::WANDB: model: alpha, step: 133, train_lr: 0.0001
TORCHFORT::WANDB: model: critic_0, step: 134, train_loss: 0.104694
TORCHFORT::WANDB: model: critic_0, step: 134, train_lr: 0.001
TORCHFORT::WANDB: model: actor, step: 134, train_loss: 0.570224
TORCHFORT::WANDB: model: actor, step: 134, train_lr: 0.001
TORCHFORT::WANDB: model: alpha, step: 134, train_loss: -2.64445
TORCHFORT::WANDB: model: alpha, step: 134, train_lr: 0.0001
TORCHFORT::WANDB: model: critic_0, step: 135, train_loss: 0.0990937
TORCHFORT::WANDB: model: critic_0, step: 135, train_lr: 0.001
TORCHFORT::WANDB: model: actor, step: 135, train_loss: 0.563561
TORCHFORT::WANDB: model: actor, step: 135, train_lr: 0.001
TORCHFORT::WANDB: model: alpha, step: 135, train_loss: -2.64263
TORCHFORT::WANDB: model: alpha, step: 135, train_lr: 0.0001
TORCHFORT::WANDB: model: critic_0, step: 136, train_loss: 0.101048
TORCHFORT::WANDB: model: critic_0, step: 136, train_lr: 0.001
TORCHFORT::WANDB: model: actor, step: 136, train_loss: 0.560493
TORCHFORT::WANDB: model: actor, step: 136, train_lr: 0.001
TORCHFORT::WANDB: model: alpha, step: 136, train_loss: -2.63995
TORCHFORT::WANDB: model: alpha, step: 136, train_lr: 0.0001
TORCHFORT::WANDB: model: critic_0, step: 137, train_loss: 0.0931395
TORCHFORT::WANDB: model: critic_0, step: 137, train_lr: 0.001
TORCHFORT::WANDB: model: actor, step: 137, train_loss: 0.578512
TORCHFORT::WANDB: model: actor, step: 137, train_lr: 0.001
TORCHFORT::WANDB: model: alpha, step: 137, train_loss: -2.63854
TORCHFORT::WANDB: model: alpha, step: 137, train_lr: 0.0001
TORCHFORT::WANDB: model: critic_0, step: 138, train_loss: 0.0962487
TORCHFORT::WANDB: model: critic_0, step: 138, train_lr: 0.001
TORCHFORT::WANDB: model: actor, step: 138, train_loss: 0.583626
TORCHFORT::WANDB: model: actor, step: 138, train_lr: 0.001
TORCHFORT::WANDB: model: alpha, step: 138, train_loss: -2.63835
TORCHFORT::WANDB: model: alpha, step: 138, train_lr: 0.0001
TORCHFORT::WANDB: model: critic_0, step: 139, train_loss: 0.100773
TORCHFORT::WANDB: model: critic_0, step: 139, train_lr: 0.001
TORCHFORT::WANDB: model: actor, step: 139, train_loss: 0.569787
TORCHFORT::WANDB: model: actor, step: 139, train_lr: 0.001
TORCHFORT::WANDB: model: alpha, step: 139, train_loss: -2.63109
TORCHFORT::WANDB: model: alpha, step: 139, train_lr: 0.0001
TORCHFORT::WANDB: model: critic_0, step: 140, train_loss: 0.0967072
TORCHFORT::WANDB: model: critic_0, step: 140, train_lr: 0.001
TORCHFORT::WANDB: model: actor, step: 140, train_loss: 0.560339
TORCHFORT::WANDB: model: actor, step: 140, train_lr: 0.001
TORCHFORT::WANDB: model: alpha, step: 140, train_loss: -2.62797
TORCHFORT::WANDB: model: alpha, step: 140, train_lr: 0.0001
TORCHFORT::WANDB: model: rlwm, step: 17, reward_sum: 3014.48
TORCHFORT::WANDB: model: rlwm, step: 17, reward_sum: 3014.48
TORCHFORT::WANDB: model: rlwm, step: 17, reward_sum: 3014.48
TORCHFORT::WANDB: model: rlwm, step: 17, reward_sum: 3014.48
TORCHFORT::WANDB: model: critic_0, step: 141, train_loss: 0.09804
TORCHFORT::WANDB: model: critic_0, step: 141, train_lr: 0.001
TORCHFORT::WANDB: model: actor, step: 141, train_loss: 0.581498
TORCHFORT::WANDB: model: actor, step: 141, train_lr: 0.001
TORCHFORT::WANDB: model: alpha, step: 141, train_loss: -2.63784
TORCHFORT::WANDB: model: alpha, step: 141, train_lr: 0.0001
TORCHFORT::WANDB: model: critic_0, step: 142, train_loss: 0.10471
TORCHFORT::WANDB: model: critic_0, step: 142, train_lr: 0.001
TORCHFORT::WANDB: model: actor, step: 142, train_loss: 0.612853
TORCHFORT::WANDB: model: actor, step: 142, train_lr: 0.001
TORCHFORT::WANDB: model: alpha, step: 142, train_loss: -2.6365
TORCHFORT::WANDB: model: alpha, step: 142, train_lr: 0.0001
TORCHFORT::WANDB: model: critic_0, step: 143, train_loss: 0.102454
TORCHFORT::WANDB: model: critic_0, step: 143, train_lr: 0.001
TORCHFORT::WANDB: model: actor, step: 143, train_loss: 0.607806
TORCHFORT::WANDB: model: actor, step: 143, train_lr: 0.001
TORCHFORT::WANDB: model: alpha, step: 143, train_loss: -2.63825
TORCHFORT::WANDB: model: alpha, step: 143, train_lr: 0.0001
TORCHFORT::WANDB: model: critic_0, step: 144, train_loss: 0.0987284
TORCHFORT::WANDB: model: critic_0, step: 144, train_lr: 0.001
TORCHFORT::WANDB: model: actor, step: 144, train_loss: 0.599823
TORCHFORT::WANDB: model: actor, step: 144, train_lr: 0.001
TORCHFORT::WANDB: model: alpha, step: 144, train_loss: -2.63801
TORCHFORT::WANDB: model: alpha, step: 144, train_lr: 0.0001
TORCHFORT::WANDB: model: critic_0, step: 145, train_loss: 0.104434
TORCHFORT::WANDB: model: critic_0, step: 145, train_lr: 0.001
TORCHFORT::WANDB: model: actor, step: 145, train_loss: 0.57923
TORCHFORT::WANDB: model: actor, step: 145, train_lr: 0.001
TORCHFORT::WANDB: model: alpha, step: 145, train_loss: -2.63338
TORCHFORT::WANDB: model: alpha, step: 145, train_lr: 0.0001
TORCHFORT::WANDB: model: critic_0, step: 146, train_loss: 0.107969
TORCHFORT::WANDB: model: critic_0, step: 146, train_lr: 0.001
TORCHFORT::WANDB: model: actor, step: 146, train_loss: 0.573761
TORCHFORT::WANDB: model: actor, step: 146, train_lr: 0.001
TORCHFORT::WANDB: model: alpha, step: 146, train_loss: -2.62426
TORCHFORT::WANDB: model: alpha, step: 146, train_lr: 0.0001
TORCHFORT::WANDB: model: critic_0, step: 147, train_loss: 0.104413
TORCHFORT::WANDB: model: critic_0, step: 147, train_lr: 0.001
TORCHFORT::WANDB: model: actor, step: 147, train_loss: 0.580265
TORCHFORT::WANDB: model: actor, step: 147, train_lr: 0.001
TORCHFORT::WANDB: model: alpha, step: 147, train_loss: -2.6261
TORCHFORT::WANDB: model: alpha, step: 147, train_lr: 0.0001
TORCHFORT::WANDB: model: critic_0, step: 148, train_loss: 0.0994934
TORCHFORT::WANDB: model: critic_0, step: 148, train_lr: 0.001
TORCHFORT::WANDB: model: actor, step: 148, train_loss: 0.61344
TORCHFORT::WANDB: model: actor, step: 148, train_lr: 0.001
TORCHFORT::WANDB: model: alpha, step: 148, train_loss: -2.65013
TORCHFORT::WANDB: model: alpha, step: 148, train_lr: 0.0001
TORCHFORT::WANDB: model: critic_0, step: 149, train_loss: 0.10044
TORCHFORT::WANDB: model: critic_0, step: 149, train_lr: 0.001
TORCHFORT::WANDB: model: actor, step: 149, train_loss: 0.612824
TORCHFORT::WANDB: model: actor, step: 149, train_lr: 0.001
TORCHFORT::WANDB: model: alpha, step: 149, train_loss: -2.65588
TORCHFORT::WANDB: model: alpha, step: 149, train_lr: 0.0001
TORCHFORT::WANDB: model: critic_0, step: 150, train_loss: 0.106383
TORCHFORT::WANDB: model: critic_0, step: 150, train_lr: 0.001
TORCHFORT::WANDB: model: actor, step: 150, train_loss: 0.594027
TORCHFORT::WANDB: model: actor, step: 150, train_lr: 0.001
TORCHFORT::WANDB: model: alpha, step: 150, train_loss: -2.65492
TORCHFORT::WANDB: model: alpha, step: 150, train_lr: 0.0001
TORCHFORT::WANDB: model: critic_0, step: 151, train_loss: 0.106078
TORCHFORT::WANDB: model: critic_0, step: 151, train_lr: 0.001
TORCHFORT::WANDB: model: actor, step: 151, train_loss: 0.552083
TORCHFORT::WANDB: model: actor, step: 151, train_lr: 0.001
TORCHFORT::WANDB: model: alpha, step: 151, train_loss: -2.65192
TORCHFORT::WANDB: model: alpha, step: 151, train_lr: 0.0001
TORCHFORT::WANDB: model: critic_0, step: 152, train_loss: 0.102311
TORCHFORT::WANDB: model: critic_0, step: 152, train_lr: 0.001
TORCHFORT::WANDB: model: actor, step: 152, train_loss: 0.5667
TORCHFORT::WANDB: model: actor, step: 152, train_lr: 0.001
TORCHFORT::WANDB: model: alpha, step: 152, train_loss: -2.62668
TORCHFORT::WANDB: model: alpha, step: 152, train_lr: 0.0001
TORCHFORT::WANDB: model: critic_0, step: 153, train_loss: 0.0975237
TORCHFORT::WANDB: model: critic_0, step: 153, train_lr: 0.001
TORCHFORT::WANDB: model: actor, step: 153, train_loss: 0.593107
TORCHFORT::WANDB: model: actor, step: 153, train_lr: 0.001
TORCHFORT::WANDB: model: alpha, step: 153, train_loss: -2.64195
TORCHFORT::WANDB: model: alpha, step: 153, train_lr: 0.0001
TORCHFORT::WANDB: model: critic_0, step: 154, train_loss: 0.094568
TORCHFORT::WANDB: model: critic_0, step: 154, train_lr: 0.001
TORCHFORT::WANDB: model: actor, step: 154, train_loss: 0.620968
TORCHFORT::WANDB: model: actor, step: 154, train_lr: 0.001
TORCHFORT::WANDB: model: alpha, step: 154, train_loss: -2.63386
TORCHFORT::WANDB: model: alpha, step: 154, train_lr: 0.0001
TORCHFORT::WANDB: model: critic_0, step: 155, train_loss: 0.103042
TORCHFORT::WANDB: model: critic_0, step: 155, train_lr: 0.001
TORCHFORT::WANDB: model: actor, step: 155, train_loss: 0.582093
TORCHFORT::WANDB: model: actor, step: 155, train_lr: 0.001
TORCHFORT::WANDB: model: alpha, step: 155, train_loss: -2.66197
TORCHFORT::WANDB: model: alpha, step: 155, train_lr: 0.0001
TORCHFORT::WANDB: model: critic_0, step: 156, train_loss: 0.1139
TORCHFORT::WANDB: model: critic_0, step: 156, train_lr: 0.001
TORCHFORT::WANDB: model: actor, step: 156, train_loss: 0.564349
TORCHFORT::WANDB: model: actor, step: 156, train_lr: 0.001
TORCHFORT::WANDB: model: alpha, step: 156, train_loss: -2.66649
TORCHFORT::WANDB: model: alpha, step: 156, train_lr: 0.0001
TORCHFORT::WANDB: model: critic_0, step: 157, train_loss: 0.106264
TORCHFORT::WANDB: model: critic_0, step: 157, train_lr: 0.001
TORCHFORT::WANDB: model: actor, step: 157, train_loss: 0.546533
TORCHFORT::WANDB: model: actor, step: 157, train_lr: 0.001
TORCHFORT::WANDB: model: alpha, step: 157, train_loss: -2.66374
TORCHFORT::WANDB: model: alpha, step: 157, train_lr: 0.0001
TORCHFORT::WANDB: model: critic_0, step: 158, train_loss: 0.107743
TORCHFORT::WANDB: model: critic_0, step: 158, train_lr: 0.001
TORCHFORT::WANDB: model: actor, step: 158, train_loss: 0.564466
TORCHFORT::WANDB: model: actor, step: 158, train_lr: 0.001
TORCHFORT::WANDB: model: alpha, step: 158, train_loss: -2.65702
TORCHFORT::WANDB: model: alpha, step: 158, train_lr: 0.0001
TORCHFORT::WANDB: model: critic_0, step: 159, train_loss: 0.0984451
TORCHFORT::WANDB: model: critic_0, step: 159, train_lr: 0.001
TORCHFORT::WANDB: model: actor, step: 159, train_loss: 0.61025
TORCHFORT::WANDB: model: actor, step: 159, train_lr: 0.001
TORCHFORT::WANDB: model: alpha, step: 159, train_loss: -2.64358
TORCHFORT::WANDB: model: alpha, step: 159, train_lr: 0.0001
TORCHFORT::WANDB: model: critic_0, step: 160, train_loss: 0.0987925
TORCHFORT::WANDB: model: critic_0, step: 160, train_lr: 0.001
TORCHFORT::WANDB: model: actor, step: 160, train_loss: 0.595681
TORCHFORT::WANDB: model: actor, step: 160, train_lr: 0.001
TORCHFORT::WANDB: model: alpha, step: 160, train_loss: -2.63905
TORCHFORT::WANDB: model: alpha, step: 160, train_lr: 0.0001
TORCHFORT::WANDB: model: rlwm, step: 18, reward_sum: 3069.4
TORCHFORT::WANDB: model: rlwm, step: 18, reward_sum: 3069.4
TORCHFORT::WANDB: model: rlwm, step: 18, reward_sum: 3069.4
TORCHFORT::WANDB: model: rlwm, step: 18, reward_sum: 3069.4
TORCHFORT::WANDB: model: critic_0, step: 161, train_loss: 0.101593
TORCHFORT::WANDB: model: critic_0, step: 161, train_lr: 0.001
TORCHFORT::WANDB: model: actor, step: 161, train_loss: 0.625127
TORCHFORT::WANDB: model: actor, step: 161, train_lr: 0.001
TORCHFORT::WANDB: model: alpha, step: 161, train_loss: -2.64362
TORCHFORT::WANDB: model: alpha, step: 161, train_lr: 0.0001
TORCHFORT::WANDB: model: critic_0, step: 162, train_loss: 0.104224
TORCHFORT::WANDB: model: critic_0, step: 162, train_lr: 0.001
TORCHFORT::WANDB: model: actor, step: 162, train_loss: 0.574611
TORCHFORT::WANDB: model: actor, step: 162, train_lr: 0.001
TORCHFORT::WANDB: model: alpha, step: 162, train_loss: -2.64942
TORCHFORT::WANDB: model: alpha, step: 162, train_lr: 0.0001
TORCHFORT::WANDB: model: critic_0, step: 163, train_loss: 0.107069
TORCHFORT::WANDB: model: critic_0, step: 163, train_lr: 0.001
TORCHFORT::WANDB: model: actor, step: 163, train_loss: 0.587298
TORCHFORT::WANDB: model: actor, step: 163, train_lr: 0.001
TORCHFORT::WANDB: model: alpha, step: 163, train_loss: -2.65733
TORCHFORT::WANDB: model: alpha, step: 163, train_lr: 0.0001
TORCHFORT::WANDB: model: critic_0, step: 164, train_loss: 0.108888
TORCHFORT::WANDB: model: critic_0, step: 164, train_lr: 0.001
TORCHFORT::WANDB: model: actor, step: 164, train_loss: 0.610407
TORCHFORT::WANDB: model: actor, step: 164, train_lr: 0.001
TORCHFORT::WANDB: model: alpha, step: 164, train_loss: -2.66371
TORCHFORT::WANDB: model: alpha, step: 164, train_lr: 0.0001
TORCHFORT::WANDB: model: critic_0, step: 165, train_loss: 0.107756
TORCHFORT::WANDB: model: critic_0, step: 165, train_lr: 0.001
TORCHFORT::WANDB: model: actor, step: 165, train_loss: 0.632541
TORCHFORT::WANDB: model: actor, step: 165, train_lr: 0.001
TORCHFORT::WANDB: model: alpha, step: 165, train_loss: -2.67296
TORCHFORT::WANDB: model: alpha, step: 165, train_lr: 0.0001
TORCHFORT::WANDB: model: critic_0, step: 166, train_loss: 0.101298
TORCHFORT::WANDB: model: critic_0, step: 166, train_lr: 0.001
TORCHFORT::WANDB: model: actor, step: 166, train_loss: 0.615413
TORCHFORT::WANDB: model: actor, step: 166, train_lr: 0.001
TORCHFORT::WANDB: model: alpha, step: 166, train_loss: -2.66931
TORCHFORT::WANDB: model: alpha, step: 166, train_lr: 0.0001
TORCHFORT::WANDB: model: critic_0, step: 167, train_loss: 0.111525
TORCHFORT::WANDB: model: critic_0, step: 167, train_lr: 0.001
TORCHFORT::WANDB: model: actor, step: 167, train_loss: 0.602018
TORCHFORT::WANDB: model: actor, step: 167, train_lr: 0.001
TORCHFORT::WANDB: model: alpha, step: 167, train_loss: -2.67132
TORCHFORT::WANDB: model: alpha, step: 167, train_lr: 0.0001
TORCHFORT::WANDB: model: critic_0, step: 168, train_loss: 0.105086
TORCHFORT::WANDB: model: critic_0, step: 168, train_lr: 0.001
TORCHFORT::WANDB: model: actor, step: 168, train_loss: 0.576643
TORCHFORT::WANDB: model: actor, step: 168, train_lr: 0.001
TORCHFORT::WANDB: model: alpha, step: 168, train_loss: -2.66026
TORCHFORT::WANDB: model: alpha, step: 168, train_lr: 0.0001
TORCHFORT::WANDB: model: critic_0, step: 169, train_loss: 0.101874
TORCHFORT::WANDB: model: critic_0, step: 169, train_lr: 0.001
TORCHFORT::WANDB: model: actor, step: 169, train_loss: 0.589024
TORCHFORT::WANDB: model: actor, step: 169, train_lr: 0.001
TORCHFORT::WANDB: model: alpha, step: 169, train_loss: -2.6608
TORCHFORT::WANDB: model: alpha, step: 169, train_lr: 0.0001
TORCHFORT::WANDB: model: critic_0, step: 170, train_loss: 0.102089
TORCHFORT::WANDB: model: critic_0, step: 170, train_lr: 0.001
TORCHFORT::WANDB: model: actor, step: 170, train_loss: 0.613202
TORCHFORT::WANDB: model: actor, step: 170, train_lr: 0.001
TORCHFORT::WANDB: model: alpha, step: 170, train_loss: -2.65735
TORCHFORT::WANDB: model: alpha, step: 170, train_lr: 0.0001
TORCHFORT::WANDB: model: critic_0, step: 171, train_loss: 0.107274
TORCHFORT::WANDB: model: critic_0, step: 171, train_lr: 0.001
TORCHFORT::WANDB: model: actor, step: 171, train_loss: 0.614761
TORCHFORT::WANDB: model: actor, step: 171, train_lr: 0.001
TORCHFORT::WANDB: model: alpha, step: 171, train_loss: -2.65517
TORCHFORT::WANDB: model: alpha, step: 171, train_lr: 0.0001
TORCHFORT::WANDB: model: critic_0, step: 172, train_loss: 0.103731
TORCHFORT::WANDB: model: critic_0, step: 172, train_lr: 0.001
TORCHFORT::WANDB: model: actor, step: 172, train_loss: 0.598101
TORCHFORT::WANDB: model: actor, step: 172, train_lr: 0.001
TORCHFORT::WANDB: model: alpha, step: 172, train_loss: -2.65421
TORCHFORT::WANDB: model: alpha, step: 172, train_lr: 0.0001
TORCHFORT::WANDB: model: critic_0, step: 173, train_loss: 0.101665
TORCHFORT::WANDB: model: critic_0, step: 173, train_lr: 0.001
TORCHFORT::WANDB: model: actor, step: 173, train_loss: 0.57722
TORCHFORT::WANDB: model: actor, step: 173, train_lr: 0.001
TORCHFORT::WANDB: model: alpha, step: 173, train_loss: -2.66334
TORCHFORT::WANDB: model: alpha, step: 173, train_lr: 0.0001
TORCHFORT::WANDB: model: critic_0, step: 174, train_loss: 0.10668
TORCHFORT::WANDB: model: critic_0, step: 174, train_lr: 0.001
TORCHFORT::WANDB: model: actor, step: 174, train_loss: 0.586062
TORCHFORT::WANDB: model: actor, step: 174, train_lr: 0.001
TORCHFORT::WANDB: model: alpha, step: 174, train_loss: -2.67082
TORCHFORT::WANDB: model: alpha, step: 174, train_lr: 0.0001
TORCHFORT::WANDB: model: critic_0, step: 175, train_loss: 0.106087
TORCHFORT::WANDB: model: critic_0, step: 175, train_lr: 0.001
TORCHFORT::WANDB: model: actor, step: 175, train_loss: 0.592161
TORCHFORT::WANDB: model: actor, step: 175, train_lr: 0.001
TORCHFORT::WANDB: model: alpha, step: 175, train_loss: -2.66978
TORCHFORT::WANDB: model: alpha, step: 175, train_lr: 0.0001
TORCHFORT::WANDB: model: critic_0, step: 176, train_loss: 0.102625
TORCHFORT::WANDB: model: critic_0, step: 176, train_lr: 0.001
TORCHFORT::WANDB: model: actor, step: 176, train_loss: 0.612428
TORCHFORT::WANDB: model: actor, step: 176, train_lr: 0.001
TORCHFORT::WANDB: model: alpha, step: 176, train_loss: -2.66605
TORCHFORT::WANDB: model: alpha, step: 176, train_lr: 0.0001
TORCHFORT::WANDB: model: critic_0, step: 177, train_loss: 0.108227
TORCHFORT::WANDB: model: critic_0, step: 177, train_lr: 0.001
TORCHFORT::WANDB: model: actor, step: 177, train_loss: 0.595555
TORCHFORT::WANDB: model: actor, step: 177, train_lr: 0.001
TORCHFORT::WANDB: model: alpha, step: 177, train_loss: -2.66351
TORCHFORT::WANDB: model: alpha, step: 177, train_lr: 0.0001
TORCHFORT::WANDB: model: critic_0, step: 178, train_loss: 0.103336
TORCHFORT::WANDB: model: critic_0, step: 178, train_lr: 0.001
TORCHFORT::WANDB: model: actor, step: 178, train_loss: 0.57947
TORCHFORT::WANDB: model: actor, step: 178, train_lr: 0.001
TORCHFORT::WANDB: model: alpha, step: 178, train_loss: -2.66576
TORCHFORT::WANDB: model: alpha, step: 178, train_lr: 0.0001
TORCHFORT::WANDB: model: critic_0, step: 179, train_loss: 0.107673
TORCHFORT::WANDB: model: critic_0, step: 179, train_lr: 0.001
TORCHFORT::WANDB: model: actor, step: 179, train_loss: 0.58341
TORCHFORT::WANDB: model: actor, step: 179, train_lr: 0.001
TORCHFORT::WANDB: model: alpha, step: 179, train_loss: -2.67459
TORCHFORT::WANDB: model: alpha, step: 179, train_lr: 0.0001
TORCHFORT::WANDB: model: critic_0, step: 180, train_loss: 0.104053
TORCHFORT::WANDB: model: critic_0, step: 180, train_lr: 0.001
TORCHFORT::WANDB: model: actor, step: 180, train_loss: 0.580037
TORCHFORT::WANDB: model: actor, step: 180, train_lr: 0.001
TORCHFORT::WANDB: model: alpha, step: 180, train_loss: -2.67402
TORCHFORT::WANDB: model: alpha, step: 180, train_lr: 0.0001
TORCHFORT::WANDB: model: rlwm, step: 19, reward_sum: 3273.6
TORCHFORT::WANDB: model: rlwm, step: 19, reward_sum: 3273.6
TORCHFORT::WANDB: model: rlwm, step: 19, reward_sum: 3273.6
TORCHFORT::WANDB: model: rlwm, step: 19, reward_sum: 3273.6
TORCHFORT::WANDB: model: critic_0, step: 181, train_loss: 0.114623
TORCHFORT::WANDB: model: critic_0, step: 181, train_lr: 0.001
TORCHFORT::WANDB: model: actor, step: 181, train_loss: 0.614395
TORCHFORT::WANDB: model: actor, step: 181, train_lr: 0.001
TORCHFORT::WANDB: model: alpha, step: 181, train_loss: -2.67418
TORCHFORT::WANDB: model: alpha, step: 181, train_lr: 0.0001
TORCHFORT::WANDB: model: critic_0, step: 182, train_loss: 0.109474
TORCHFORT::WANDB: model: critic_0, step: 182, train_lr: 0.001
TORCHFORT::WANDB: model: actor, step: 182, train_loss: 0.618285
TORCHFORT::WANDB: model: actor, step: 182, train_lr: 0.001
TORCHFORT::WANDB: model: alpha, step: 182, train_loss: -2.66172
TORCHFORT::WANDB: model: alpha, step: 182, train_lr: 0.0001
TORCHFORT::WANDB: model: critic_0, step: 183, train_loss: 0.101345
TORCHFORT::WANDB: model: critic_0, step: 183, train_lr: 0.001
TORCHFORT::WANDB: model: actor, step: 183, train_loss: 0.617071
TORCHFORT::WANDB: model: actor, step: 183, train_lr: 0.001
TORCHFORT::WANDB: model: alpha, step: 183, train_loss: -2.67128
TORCHFORT::WANDB: model: alpha, step: 183, train_lr: 0.0001
TORCHFORT::WANDB: model: critic_0, step: 184, train_loss: 0.111073
TORCHFORT::WANDB: model: critic_0, step: 184, train_lr: 0.001
TORCHFORT::WANDB: model: actor, step: 184, train_loss: 0.607189
TORCHFORT::WANDB: model: actor, step: 184, train_lr: 0.001
TORCHFORT::WANDB: model: alpha, step: 184, train_loss: -2.68058
TORCHFORT::WANDB: model: alpha, step: 184, train_lr: 0.0001
TORCHFORT::WANDB: model: critic_0, step: 185, train_loss: 0.106735
TORCHFORT::WANDB: model: critic_0, step: 185, train_lr: 0.001
TORCHFORT::WANDB: model: actor, step: 185, train_loss: 0.608082
TORCHFORT::WANDB: model: actor, step: 185, train_lr: 0.001
TORCHFORT::WANDB: model: alpha, step: 185, train_loss: -2.67341
TORCHFORT::WANDB: model: alpha, step: 185, train_lr: 0.0001
TORCHFORT::WANDB: model: critic_0, step: 186, train_loss: 0.107475
TORCHFORT::WANDB: model: critic_0, step: 186, train_lr: 0.001
TORCHFORT::WANDB: model: actor, step: 186, train_loss: 0.614337
TORCHFORT::WANDB: model: actor, step: 186, train_lr: 0.001
TORCHFORT::WANDB: model: alpha, step: 186, train_loss: -2.6647
TORCHFORT::WANDB: model: alpha, step: 186, train_lr: 0.0001
TORCHFORT::WANDB: model: critic_0, step: 187, train_loss: 0.103675
TORCHFORT::WANDB: model: critic_0, step: 187, train_lr: 0.001
TORCHFORT::WANDB: model: actor, step: 187, train_loss: 0.607017
TORCHFORT::WANDB: model: actor, step: 187, train_lr: 0.001
TORCHFORT::WANDB: model: alpha, step: 187, train_loss: -2.67251
TORCHFORT::WANDB: model: alpha, step: 187, train_lr: 0.0001
TORCHFORT::WANDB: model: critic_0, step: 188, train_loss: 0.104656
TORCHFORT::WANDB: model: critic_0, step: 188, train_lr: 0.001
TORCHFORT::WANDB: model: actor, step: 188, train_loss: 0.614762
TORCHFORT::WANDB: model: actor, step: 188, train_lr: 0.001
TORCHFORT::WANDB: model: alpha, step: 188, train_loss: -2.68411
TORCHFORT::WANDB: model: alpha, step: 188, train_lr: 0.0001
TORCHFORT::WANDB: model: critic_0, step: 189, train_loss: 0.104245
TORCHFORT::WANDB: model: critic_0, step: 189, train_lr: 0.001
TORCHFORT::WANDB: model: actor, step: 189, train_loss: 0.605581
TORCHFORT::WANDB: model: actor, step: 189, train_lr: 0.001
TORCHFORT::WANDB: model: alpha, step: 189, train_loss: -2.68104
TORCHFORT::WANDB: model: alpha, step: 189, train_lr: 0.0001
TORCHFORT::WANDB: model: critic_0, step: 190, train_loss: 0.108462
TORCHFORT::WANDB: model: critic_0, step: 190, train_lr: 0.001
TORCHFORT::WANDB: model: actor, step: 190, train_loss: 0.605902
TORCHFORT::WANDB: model: actor, step: 190, train_lr: 0.001
TORCHFORT::WANDB: model: alpha, step: 190, train_loss: -2.68004
TORCHFORT::WANDB: model: alpha, step: 190, train_lr: 0.0001
TORCHFORT::WANDB: model: critic_0, step: 191, train_loss: 0.108111
TORCHFORT::WANDB: model: critic_0, step: 191, train_lr: 0.001
TORCHFORT::WANDB: model: actor, step: 191, train_loss: 0.600908
TORCHFORT::WANDB: model: actor, step: 191, train_lr: 0.001
TORCHFORT::WANDB: model: alpha, step: 191, train_loss: -2.68123
TORCHFORT::WANDB: model: alpha, step: 191, train_lr: 0.0001
TORCHFORT::WANDB: model: critic_0, step: 192, train_loss: 0.105653
TORCHFORT::WANDB: model: critic_0, step: 192, train_lr: 0.001
TORCHFORT::WANDB: model: actor, step: 192, train_loss: 0.598085
TORCHFORT::WANDB: model: actor, step: 192, train_lr: 0.001
TORCHFORT::WANDB: model: alpha, step: 192, train_loss: -2.6737
TORCHFORT::WANDB: model: alpha, step: 192, train_lr: 0.0001
TORCHFORT::WANDB: model: critic_0, step: 193, train_loss: 0.103924
TORCHFORT::WANDB: model: critic_0, step: 193, train_lr: 0.001
TORCHFORT::WANDB: model: actor, step: 193, train_loss: 0.60555
TORCHFORT::WANDB: model: actor, step: 193, train_lr: 0.001
TORCHFORT::WANDB: model: alpha, step: 193, train_loss: -2.67633
TORCHFORT::WANDB: model: alpha, step: 193, train_lr: 0.0001
TORCHFORT::WANDB: model: critic_0, step: 194, train_loss: 0.102639
TORCHFORT::WANDB: model: critic_0, step: 194, train_lr: 0.001
TORCHFORT::WANDB: model: actor, step: 194, train_loss: 0.598682
TORCHFORT::WANDB: model: actor, step: 194, train_lr: 0.001
TORCHFORT::WANDB: model: alpha, step: 194, train_loss: -2.66309
TORCHFORT::WANDB: model: alpha, step: 194, train_lr: 0.0001
TORCHFORT::WANDB: model: critic_0, step: 195, train_loss: 0.108866
TORCHFORT::WANDB: model: critic_0, step: 195, train_lr: 0.001
TORCHFORT::WANDB: model: actor, step: 195, train_loss: 0.598373
TORCHFORT::WANDB: model: actor, step: 195, train_lr: 0.001
TORCHFORT::WANDB: model: alpha, step: 195, train_loss: -2.6757
TORCHFORT::WANDB: model: alpha, step: 195, train_lr: 0.0001
TORCHFORT::WANDB: model: critic_0, step: 196, train_loss: 0.10356
TORCHFORT::WANDB: model: critic_0, step: 196, train_lr: 0.001
TORCHFORT::WANDB: model: actor, step: 196, train_loss: 0.5881
TORCHFORT::WANDB: model: actor, step: 196, train_lr: 0.001
TORCHFORT::WANDB: model: alpha, step: 196, train_loss: -2.67678
TORCHFORT::WANDB: model: alpha, step: 196, train_lr: 0.0001
TORCHFORT::WANDB: model: critic_0, step: 197, train_loss: 0.108619
TORCHFORT::WANDB: model: critic_0, step: 197, train_lr: 0.001
TORCHFORT::WANDB: model: actor, step: 197, train_loss: 0.58698
TORCHFORT::WANDB: model: actor, step: 197, train_lr: 0.001
TORCHFORT::WANDB: model: alpha, step: 197, train_loss: -2.68322
TORCHFORT::WANDB: model: alpha, step: 197, train_lr: 0.0001
TORCHFORT::WANDB: model: critic_0, step: 198, train_loss: 0.103212
TORCHFORT::WANDB: model: critic_0, step: 198, train_lr: 0.001
TORCHFORT::WANDB: model: actor, step: 198, train_loss: 0.604381
TORCHFORT::WANDB: model: actor, step: 198, train_lr: 0.001
TORCHFORT::WANDB: model: alpha, step: 198, train_loss: -2.68811
TORCHFORT::WANDB: model: alpha, step: 198, train_lr: 0.0001
TORCHFORT::WANDB: model: critic_0, step: 199, train_loss: 0.107828
TORCHFORT::WANDB: model: critic_0, step: 199, train_lr: 0.001
TORCHFORT::WANDB: model: actor, step: 199, train_loss: 0.606158
TORCHFORT::WANDB: model: actor, step: 199, train_lr: 0.001
TORCHFORT::WANDB: model: alpha, step: 199, train_loss: -2.68499
TORCHFORT::WANDB: model: alpha, step: 199, train_lr: 0.0001
TORCHFORT::WANDB: model: critic_0, step: 200, train_loss: 0.106184
TORCHFORT::WANDB: model: critic_0, step: 200, train_lr: 0.001
TORCHFORT::WANDB: model: actor, step: 200, train_loss: 0.582321
TORCHFORT::WANDB: model: actor, step: 200, train_lr: 0.001
TORCHFORT::WANDB: model: alpha, step: 200, train_loss: -2.69083
TORCHFORT::WANDB: model: alpha, step: 200, train_lr: 0.0001
TORCHFORT::WANDB: model: rlwm, step: 20, reward_sum: 2924.59
TORCHFORT::WANDB: model: rlwm, step: 20, reward_sum: 2924.59
TORCHFORT::WANDB: model: rlwm, step: 20, reward_sum: 2924.59
TORCHFORT::WANDB: model: rlwm, step: 20, reward_sum: 2924.59
TORCHFORT::WANDB: model: critic_0, step: 201, train_loss: 0.114561
TORCHFORT::WANDB: model: critic_0, step: 201, train_lr: 0.001
TORCHFORT::WANDB: model: actor, step: 201, train_loss: 0.638503
TORCHFORT::WANDB: model: actor, step: 201, train_lr: 0.001
TORCHFORT::WANDB: model: alpha, step: 201, train_loss: -2.68957
TORCHFORT::WANDB: model: alpha, step: 201, train_lr: 0.0001
TORCHFORT::WANDB: model: critic_0, step: 202, train_loss: 0.112632
TORCHFORT::WANDB: model: critic_0, step: 202, train_lr: 0.001
TORCHFORT::WANDB: model: actor, step: 202, train_loss: 0.632715
TORCHFORT::WANDB: model: actor, step: 202, train_lr: 0.001
TORCHFORT::WANDB: model: alpha, step: 202, train_loss: -2.6793
TORCHFORT::WANDB: model: alpha, step: 202, train_lr: 0.0001
TORCHFORT::WANDB: model: critic_0, step: 203, train_loss: 0.112223
TORCHFORT::WANDB: model: critic_0, step: 203, train_lr: 0.001
TORCHFORT::WANDB: model: actor, step: 203, train_loss: 0.655354
TORCHFORT::WANDB: model: actor, step: 203, train_lr: 0.001
TORCHFORT::WANDB: model: alpha, step: 203, train_loss: -2.68276
TORCHFORT::WANDB: model: alpha, step: 203, train_lr: 0.0001
TORCHFORT::WANDB: model: critic_0, step: 204, train_loss: 0.113732
TORCHFORT::WANDB: model: critic_0, step: 204, train_lr: 0.001
TORCHFORT::WANDB: model: actor, step: 204, train_loss: 0.653028
TORCHFORT::WANDB: model: actor, step: 204, train_lr: 0.001
TORCHFORT::WANDB: model: alpha, step: 204, train_loss: -2.69261
TORCHFORT::WANDB: model: alpha, step: 204, train_lr: 0.0001
TORCHFORT::WANDB: model: critic_0, step: 205, train_loss: 0.116726
TORCHFORT::WANDB: model: critic_0, step: 205, train_lr: 0.001
TORCHFORT::WANDB: model: actor, step: 205, train_loss: 0.635001
TORCHFORT::WANDB: model: actor, step: 205, train_lr: 0.001
TORCHFORT::WANDB: model: alpha, step: 205, train_loss: -2.68263
TORCHFORT::WANDB: model: alpha, step: 205, train_lr: 0.0001
TORCHFORT::WANDB: model: critic_0, step: 206, train_loss: 0.113659
TORCHFORT::WANDB: model: critic_0, step: 206, train_lr: 0.001
TORCHFORT::WANDB: model: actor, step: 206, train_loss: 0.645518
TORCHFORT::WANDB: model: actor, step: 206, train_lr: 0.001
TORCHFORT::WANDB: model: alpha, step: 206, train_loss: -2.6915
TORCHFORT::WANDB: model: alpha, step: 206, train_lr: 0.0001
TORCHFORT::WANDB: model: critic_0, step: 207, train_loss: 0.11236
TORCHFORT::WANDB: model: critic_0, step: 207, train_lr: 0.001
TORCHFORT::WANDB: model: actor, step: 207, train_loss: 0.645389
TORCHFORT::WANDB: model: actor, step: 207, train_lr: 0.001
TORCHFORT::WANDB: model: alpha, step: 207, train_loss: -2.68802
TORCHFORT::WANDB: model: alpha, step: 207, train_lr: 0.0001
TORCHFORT::WANDB: model: critic_0, step: 208, train_loss: 0.115485
TORCHFORT::WANDB: model: critic_0, step: 208, train_lr: 0.001
TORCHFORT::WANDB: model: actor, step: 208, train_loss: 0.646052
TORCHFORT::WANDB: model: actor, step: 208, train_lr: 0.001
TORCHFORT::WANDB: model: alpha, step: 208, train_loss: -2.68736
TORCHFORT::WANDB: model: alpha, step: 208, train_lr: 0.0001
TORCHFORT::WANDB: model: critic_0, step: 209, train_loss: 0.115824
TORCHFORT::WANDB: model: critic_0, step: 209, train_lr: 0.001
TORCHFORT::WANDB: model: actor, step: 209, train_loss: 0.634336
TORCHFORT::WANDB: model: actor, step: 209, train_lr: 0.001
TORCHFORT::WANDB: model: alpha, step: 209, train_loss: -2.67682
TORCHFORT::WANDB: model: alpha, step: 209, train_lr: 0.0001
TORCHFORT::WANDB: model: critic_0, step: 210, train_loss: 0.109917
TORCHFORT::WANDB: model: critic_0, step: 210, train_lr: 0.001
TORCHFORT::WANDB: model: actor, step: 210, train_loss: 0.62796
TORCHFORT::WANDB: model: actor, step: 210, train_lr: 0.001
TORCHFORT::WANDB: model: alpha, step: 210, train_loss: -2.67752
TORCHFORT::WANDB: model: alpha, step: 210, train_lr: 0.0001
TORCHFORT::WANDB: model: critic_0, step: 211, train_loss: 0.119421
TORCHFORT::WANDB: model: critic_0, step: 211, train_lr: 0.001
TORCHFORT::WANDB: model: actor, step: 211, train_loss: 0.620513
TORCHFORT::WANDB: model: actor, step: 211, train_lr: 0.001
TORCHFORT::WANDB: model: alpha, step: 211, train_loss: -2.68582
TORCHFORT::WANDB: model: alpha, step: 211, train_lr: 0.0001
TORCHFORT::WANDB: model: critic_0, step: 212, train_loss: 0.119971
TORCHFORT::WANDB: model: critic_0, step: 212, train_lr: 0.001
TORCHFORT::WANDB: model: actor, step: 212, train_loss: 0.621111
TORCHFORT::WANDB: model: actor, step: 212, train_lr: 0.001
TORCHFORT::WANDB: model: alpha, step: 212, train_loss: -2.69677
TORCHFORT::WANDB: model: alpha, step: 212, train_lr: 0.0001
TORCHFORT::WANDB: model: critic_0, step: 213, train_loss: 0.115506
TORCHFORT::WANDB: model: critic_0, step: 213, train_lr: 0.001
TORCHFORT::WANDB: model: actor, step: 213, train_loss: 0.643579
TORCHFORT::WANDB: model: actor, step: 213, train_lr: 0.001
TORCHFORT::WANDB: model: alpha, step: 213, train_loss: -2.69812
TORCHFORT::WANDB: model: alpha, step: 213, train_lr: 0.0001
TORCHFORT::WANDB: model: critic_0, step: 214, train_loss: 0.105491
TORCHFORT::WANDB: model: critic_0, step: 214, train_lr: 0.001
TORCHFORT::WANDB: model: actor, step: 214, train_loss: 0.636641
TORCHFORT::WANDB: model: actor, step: 214, train_lr: 0.001
TORCHFORT::WANDB: model: alpha, step: 214, train_loss: -2.7039
TORCHFORT::WANDB: model: alpha, step: 214, train_lr: 0.0001
TORCHFORT::WANDB: model: critic_0, step: 215, train_loss: 0.107647
TORCHFORT::WANDB: model: critic_0, step: 215, train_lr: 0.001
TORCHFORT::WANDB: model: actor, step: 215, train_loss: 0.644994
TORCHFORT::WANDB: model: actor, step: 215, train_lr: 0.001
TORCHFORT::WANDB: model: alpha, step: 215, train_loss: -2.69689
TORCHFORT::WANDB: model: alpha, step: 215, train_lr: 0.0001
TORCHFORT::WANDB: model: critic_0, step: 216, train_loss: 0.111827
TORCHFORT::WANDB: model: critic_0, step: 216, train_lr: 0.001
TORCHFORT::WANDB: model: actor, step: 216, train_loss: 0.618887
TORCHFORT::WANDB: model: actor, step: 216, train_lr: 0.001
TORCHFORT::WANDB: model: alpha, step: 216, train_loss: -2.69568
TORCHFORT::WANDB: model: alpha, step: 216, train_lr: 0.0001
TORCHFORT::WANDB: model: critic_0, step: 217, train_loss: 0.108042
TORCHFORT::WANDB: model: critic_0, step: 217, train_lr: 0.001
TORCHFORT::WANDB: model: actor, step: 217, train_loss: 0.613379
TORCHFORT::WANDB: model: actor, step: 217, train_lr: 0.001
TORCHFORT::WANDB: model: alpha, step: 217, train_loss: -2.69436
TORCHFORT::WANDB: model: alpha, step: 217, train_lr: 0.0001
TORCHFORT::WANDB: model: critic_0, step: 218, train_loss: 0.108712
TORCHFORT::WANDB: model: critic_0, step: 218, train_lr: 0.001
TORCHFORT::WANDB: model: actor, step: 218, train_loss: 0.634684
TORCHFORT::WANDB: model: actor, step: 218, train_lr: 0.001
TORCHFORT::WANDB: model: alpha, step: 218, train_loss: -2.69411
TORCHFORT::WANDB: model: alpha, step: 218, train_lr: 0.0001
TORCHFORT::WANDB: model: critic_0, step: 219, train_loss: 0.112262
TORCHFORT::WANDB: model: critic_0, step: 219, train_lr: 0.001
TORCHFORT::WANDB: model: actor, step: 219, train_loss: 0.64414
TORCHFORT::WANDB: model: actor, step: 219, train_lr: 0.001
TORCHFORT::WANDB: model: alpha, step: 219, train_loss: -2.69258
TORCHFORT::WANDB: model: alpha, step: 219, train_lr: 0.0001
TORCHFORT::WANDB: model: critic_0, step: 220, train_loss: 0.118834
TORCHFORT::WANDB: model: critic_0, step: 220, train_lr: 0.001
TORCHFORT::WANDB: model: actor, step: 220, train_loss: 0.618889
TORCHFORT::WANDB: model: actor, step: 220, train_lr: 0.001
TORCHFORT::WANDB: model: alpha, step: 220, train_loss: -2.70333
TORCHFORT::WANDB: model: alpha, step: 220, train_lr: 0.0001
TORCHFORT::WANDB: model: rlwm, step: 21, reward_sum: 2940.74
TORCHFORT::WANDB: model: rlwm, step: 21, reward_sum: 2940.74
TORCHFORT::WANDB: model: rlwm, step: 21, reward_sum: 2940.74
TORCHFORT::WANDB: model: rlwm, step: 21, reward_sum: 2940.74
TORCHFORT::WANDB: model: critic_0, step: 221, train_loss: 0.116265
TORCHFORT::WANDB: model: critic_0, step: 221, train_lr: 0.001
TORCHFORT::WANDB: model: actor, step: 221, train_loss: 0.669756
TORCHFORT::WANDB: model: actor, step: 221, train_lr: 0.001
TORCHFORT::WANDB: model: alpha, step: 221, train_loss: -2.70545
TORCHFORT::WANDB: model: alpha, step: 221, train_lr: 0.0001
TORCHFORT::WANDB: model: critic_0, step: 222, train_loss: 0.116704
TORCHFORT::WANDB: model: critic_0, step: 222, train_lr: 0.001
TORCHFORT::WANDB: model: actor, step: 222, train_loss: 0.692721
TORCHFORT::WANDB: model: actor, step: 222, train_lr: 0.001
TORCHFORT::WANDB: model: alpha, step: 222, train_loss: -2.69583
TORCHFORT::WANDB: model: alpha, step: 222, train_lr: 0.0001
TORCHFORT::WANDB: model: critic_0, step: 223, train_loss: 0.110407
TORCHFORT::WANDB: model: critic_0, step: 223, train_lr: 0.001
TORCHFORT::WANDB: model: actor, step: 223, train_loss: 0.696867
TORCHFORT::WANDB: model: actor, step: 223, train_lr: 0.001
TORCHFORT::WANDB: model: alpha, step: 223, train_loss: -2.68904
TORCHFORT::WANDB: model: alpha, step: 223, train_lr: 0.0001
TORCHFORT::WANDB: model: critic_0, step: 224, train_loss: 0.117007
TORCHFORT::WANDB: model: critic_0, step: 224, train_lr: 0.001
TORCHFORT::WANDB: model: actor, step: 224, train_loss: 0.681521
TORCHFORT::WANDB: model: actor, step: 224, train_lr: 0.001
TORCHFORT::WANDB: model: alpha, step: 224, train_loss: -2.68432
TORCHFORT::WANDB: model: alpha, step: 224, train_lr: 0.0001
TORCHFORT::WANDB: model: critic_0, step: 225, train_loss: 0.120257
TORCHFORT::WANDB: model: critic_0, step: 225, train_lr: 0.001
TORCHFORT::WANDB: model: actor, step: 225, train_loss: 0.667673
TORCHFORT::WANDB: model: actor, step: 225, train_lr: 0.001
TORCHFORT::WANDB: model: alpha, step: 225, train_loss: -2.68917
TORCHFORT::WANDB: model: alpha, step: 225, train_lr: 0.0001
TORCHFORT::WANDB: model: critic_0, step: 226, train_loss: 0.122065
TORCHFORT::WANDB: model: critic_0, step: 226, train_lr: 0.001
TORCHFORT::WANDB: model: actor, step: 226, train_loss: 0.669899
TORCHFORT::WANDB: model: actor, step: 226, train_lr: 0.001
TORCHFORT::WANDB: model: alpha, step: 226, train_loss: -2.70211
TORCHFORT::WANDB: model: alpha, step: 226, train_lr: 0.0001
TORCHFORT::WANDB: model: critic_0, step: 227, train_loss: 0.123012
TORCHFORT::WANDB: model: critic_0, step: 227, train_lr: 0.001
TORCHFORT::WANDB: model: actor, step: 227, train_loss: 0.671784
TORCHFORT::WANDB: model: actor, step: 227, train_lr: 0.001
TORCHFORT::WANDB: model: alpha, step: 227, train_loss: -2.70867
TORCHFORT::WANDB: model: alpha, step: 227, train_lr: 0.0001
TORCHFORT::WANDB: model: critic_0, step: 228, train_loss: 0.124159
TORCHFORT::WANDB: model: critic_0, step: 228, train_lr: 0.001
TORCHFORT::WANDB: model: actor, step: 228, train_loss: 0.674794
TORCHFORT::WANDB: model: actor, step: 228, train_lr: 0.001
TORCHFORT::WANDB: model: alpha, step: 228, train_loss: -2.70322
TORCHFORT::WANDB: model: alpha, step: 228, train_lr: 0.0001
TORCHFORT::WANDB: model: critic_0, step: 229, train_loss: 0.114273
TORCHFORT::WANDB: model: critic_0, step: 229, train_lr: 0.001
TORCHFORT::WANDB: model: actor, step: 229, train_loss: 0.67893
TORCHFORT::WANDB: model: actor, step: 229, train_lr: 0.001
TORCHFORT::WANDB: model: alpha, step: 229, train_loss: -2.70448
TORCHFORT::WANDB: model: alpha, step: 229, train_lr: 0.0001
TORCHFORT::WANDB: model: critic_0, step: 230, train_loss: 0.119777
TORCHFORT::WANDB: model: critic_0, step: 230, train_lr: 0.001
TORCHFORT::WANDB: model: actor, step: 230, train_loss: 0.654433
TORCHFORT::WANDB: model: actor, step: 230, train_lr: 0.001
TORCHFORT::WANDB: model: alpha, step: 230, train_loss: -2.7045
TORCHFORT::WANDB: model: alpha, step: 230, train_lr: 0.0001
TORCHFORT::WANDB: model: critic_0, step: 231, train_loss: 0.111978
TORCHFORT::WANDB: model: critic_0, step: 231, train_lr: 0.001
TORCHFORT::WANDB: model: actor, step: 231, train_loss: 0.674833
TORCHFORT::WANDB: model: actor, step: 231, train_lr: 0.001
TORCHFORT::WANDB: model: alpha, step: 231, train_loss: -2.70505
TORCHFORT::WANDB: model: alpha, step: 231, train_lr: 0.0001
TORCHFORT::WANDB: model: critic_0, step: 232, train_loss: 0.107088
TORCHFORT::WANDB: model: critic_0, step: 232, train_lr: 0.001
TORCHFORT::WANDB: model: actor, step: 232, train_loss: 0.669341
TORCHFORT::WANDB: model: actor, step: 232, train_lr: 0.001
TORCHFORT::WANDB: model: alpha, step: 232, train_loss: -2.70352
TORCHFORT::WANDB: model: alpha, step: 232, train_lr: 0.0001
TORCHFORT::WANDB: model: critic_0, step: 233, train_loss: 0.122991
TORCHFORT::WANDB: model: critic_0, step: 233, train_lr: 0.001
TORCHFORT::WANDB: model: actor, step: 233, train_loss: 0.665648
TORCHFORT::WANDB: model: actor, step: 233, train_lr: 0.001
TORCHFORT::WANDB: model: alpha, step: 233, train_loss: -2.70602
TORCHFORT::WANDB: model: alpha, step: 233, train_lr: 0.0001
TORCHFORT::WANDB: model: critic_0, step: 234, train_loss: 0.111883
TORCHFORT::WANDB: model: critic_0, step: 234, train_lr: 0.001
TORCHFORT::WANDB: model: actor, step: 234, train_loss: 0.659209
TORCHFORT::WANDB: model: actor, step: 234, train_lr: 0.001
TORCHFORT::WANDB: model: alpha, step: 234, train_loss: -2.70821
TORCHFORT::WANDB: model: alpha, step: 234, train_lr: 0.0001
TORCHFORT::WANDB: model: critic_0, step: 235, train_loss: 0.116406
TORCHFORT::WANDB: model: critic_0, step: 235, train_lr: 0.001
TORCHFORT::WANDB: model: actor, step: 235, train_loss: 0.666952
TORCHFORT::WANDB: model: actor, step: 235, train_lr: 0.001
TORCHFORT::WANDB: model: alpha, step: 235, train_loss: -2.7166
TORCHFORT::WANDB: model: alpha, step: 235, train_lr: 0.0001
TORCHFORT::WANDB: model: critic_0, step: 236, train_loss: 0.119585
TORCHFORT::WANDB: model: critic_0, step: 236, train_lr: 0.001
TORCHFORT::WANDB: model: actor, step: 236, train_loss: 0.657531
TORCHFORT::WANDB: model: actor, step: 236, train_lr: 0.001
TORCHFORT::WANDB: model: alpha, step: 236, train_loss: -2.71396
TORCHFORT::WANDB: model: alpha, step: 236, train_lr: 0.0001
TORCHFORT::WANDB: model: critic_0, step: 237, train_loss: 0.121959
TORCHFORT::WANDB: model: critic_0, step: 237, train_lr: 0.001
TORCHFORT::WANDB: model: actor, step: 237, train_loss: 0.657596
TORCHFORT::WANDB: model: actor, step: 237, train_lr: 0.001
TORCHFORT::WANDB: model: alpha, step: 237, train_loss: -2.70996
TORCHFORT::WANDB: model: alpha, step: 237, train_lr: 0.0001
TORCHFORT::WANDB: model: critic_0, step: 238, train_loss: 0.112218
TORCHFORT::WANDB: model: critic_0, step: 238, train_lr: 0.001
TORCHFORT::WANDB: model: actor, step: 238, train_loss: 0.653968
TORCHFORT::WANDB: model: actor, step: 238, train_lr: 0.001
TORCHFORT::WANDB: model: alpha, step: 238, train_loss: -2.70338
TORCHFORT::WANDB: model: alpha, step: 238, train_lr: 0.0001
TORCHFORT::WANDB: model: critic_0, step: 239, train_loss: 0.118266
TORCHFORT::WANDB: model: critic_0, step: 239, train_lr: 0.001
TORCHFORT::WANDB: model: actor, step: 239, train_loss: 0.664549
TORCHFORT::WANDB: model: actor, step: 239, train_lr: 0.001
TORCHFORT::WANDB: model: alpha, step: 239, train_loss: -2.70388
TORCHFORT::WANDB: model: alpha, step: 239, train_lr: 0.0001
TORCHFORT::WANDB: model: critic_0, step: 240, train_loss: 0.114152
TORCHFORT::WANDB: model: critic_0, step: 240, train_lr: 0.001
TORCHFORT::WANDB: model: actor, step: 240, train_loss: 0.658937
TORCHFORT::WANDB: model: actor, step: 240, train_lr: 0.001
TORCHFORT::WANDB: model: alpha, step: 240, train_loss: -2.68885
TORCHFORT::WANDB: model: alpha, step: 240, train_lr: 0.0001
TORCHFORT::WANDB: model: rlwm, step: 22, reward_sum: 3025.88
TORCHFORT::WANDB: model: rlwm, step: 22, reward_sum: 3025.88
TORCHFORT::WANDB: model: rlwm, step: 22, reward_sum: 3025.88
TORCHFORT::WANDB: model: rlwm, step: 22, reward_sum: 3025.88
TORCHFORT::WANDB: model: critic_0, step: 241, train_loss: 0.127493
TORCHFORT::WANDB: model: critic_0, step: 241, train_lr: 0.001
TORCHFORT::WANDB: model: actor, step: 241, train_loss: 0.710216
TORCHFORT::WANDB: model: actor, step: 241, train_lr: 0.001
TORCHFORT::WANDB: model: alpha, step: 241, train_loss: -2.70285
TORCHFORT::WANDB: model: alpha, step: 241, train_lr: 0.0001
TORCHFORT::WANDB: model: critic_0, step: 242, train_loss: 0.124397
TORCHFORT::WANDB: model: critic_0, step: 242, train_lr: 0.001
TORCHFORT::WANDB: model: actor, step: 242, train_loss: 0.705607
TORCHFORT::WANDB: model: actor, step: 242, train_lr: 0.001
TORCHFORT::WANDB: model: alpha, step: 242, train_loss: -2.70617
TORCHFORT::WANDB: model: alpha, step: 242, train_lr: 0.0001
TORCHFORT::WANDB: model: critic_0, step: 243, train_loss: 0.117216
TORCHFORT::WANDB: model: critic_0, step: 243, train_lr: 0.001
TORCHFORT::WANDB: model: actor, step: 243, train_loss: 0.721167
TORCHFORT::WANDB: model: actor, step: 243, train_lr: 0.001
TORCHFORT::WANDB: model: alpha, step: 243, train_loss: -2.70638
TORCHFORT::WANDB: model: alpha, step: 243, train_lr: 0.0001
TORCHFORT::WANDB: model: critic_0, step: 244, train_loss: 0.118784
TORCHFORT::WANDB: model: critic_0, step: 244, train_lr: 0.001
TORCHFORT::WANDB: model: actor, step: 244, train_loss: 0.721293
TORCHFORT::WANDB: model: actor, step: 244, train_lr: 0.001
TORCHFORT::WANDB: model: alpha, step: 244, train_loss: -2.71769
TORCHFORT::WANDB: model: alpha, step: 244, train_lr: 0.0001
TORCHFORT::WANDB: model: critic_0, step: 245, train_loss: 0.115823
TORCHFORT::WANDB: model: critic_0, step: 245, train_lr: 0.001
TORCHFORT::WANDB: model: actor, step: 245, train_loss: 0.701549
TORCHFORT::WANDB: model: actor, step: 245, train_lr: 0.001
TORCHFORT::WANDB: model: alpha, step: 245, train_loss: -2.7225
TORCHFORT::WANDB: model: alpha, step: 245, train_lr: 0.0001
TORCHFORT::WANDB: model: critic_0, step: 246, train_loss: 0.132139
TORCHFORT::WANDB: model: critic_0, step: 246, train_lr: 0.001
TORCHFORT::WANDB: model: actor, step: 246, train_loss: 0.683984
TORCHFORT::WANDB: model: actor, step: 246, train_lr: 0.001
TORCHFORT::WANDB: model: alpha, step: 246, train_loss: -2.71315
TORCHFORT::WANDB: model: alpha, step: 246, train_lr: 0.0001
TORCHFORT::WANDB: model: critic_0, step: 247, train_loss: 0.128075
TORCHFORT::WANDB: model: critic_0, step: 247, train_lr: 0.001
TORCHFORT::WANDB: model: actor, step: 247, train_loss: 0.689119
TORCHFORT::WANDB: model: actor, step: 247, train_lr: 0.001
TORCHFORT::WANDB: model: alpha, step: 247, train_loss: -2.7131
TORCHFORT::WANDB: model: alpha, step: 247, train_lr: 0.0001
TORCHFORT::WANDB: model: critic_0, step: 248, train_loss: 0.126527
TORCHFORT::WANDB: model: critic_0, step: 248, train_lr: 0.001
TORCHFORT::WANDB: model: actor, step: 248, train_loss: 0.719037
TORCHFORT::WANDB: model: actor, step: 248, train_lr: 0.001
TORCHFORT::WANDB: model: alpha, step: 248, train_loss: -2.70932
TORCHFORT::WANDB: model: alpha, step: 248, train_lr: 0.0001
TORCHFORT::WANDB: model: critic_0, step: 249, train_loss: 0.12068
TORCHFORT::WANDB: model: critic_0, step: 249, train_lr: 0.001
TORCHFORT::WANDB: model: actor, step: 249, train_loss: 0.696461
TORCHFORT::WANDB: model: actor, step: 249, train_lr: 0.001
TORCHFORT::WANDB: model: alpha, step: 249, train_loss: -2.70376
TORCHFORT::WANDB: model: alpha, step: 249, train_lr: 0.0001
TORCHFORT::WANDB: model: critic_0, step: 250, train_loss: 0.120322
TORCHFORT::WANDB: model: critic_0, step: 250, train_lr: 0.001
TORCHFORT::WANDB: model: actor, step: 250, train_loss: 0.691222
TORCHFORT::WANDB: model: actor, step: 250, train_lr: 0.001
TORCHFORT::WANDB: model: alpha, step: 250, train_loss: -2.70485
TORCHFORT::WANDB: model: alpha, step: 250, train_lr: 0.0001
TORCHFORT::WANDB: model: critic_0, step: 251, train_loss: 0.128321
TORCHFORT::WANDB: model: critic_0, step: 251, train_lr: 0.001
TORCHFORT::WANDB: model: actor, step: 251, train_loss: 0.670807
TORCHFORT::WANDB: model: actor, step: 251, train_lr: 0.001
TORCHFORT::WANDB: model: alpha, step: 251, train_loss: -2.71701
TORCHFORT::WANDB: model: alpha, step: 251, train_lr: 0.0001
TORCHFORT::WANDB: model: critic_0, step: 252, train_loss: 0.125893
TORCHFORT::WANDB: model: critic_0, step: 252, train_lr: 0.001
TORCHFORT::WANDB: model: actor, step: 252, train_loss: 0.688542
TORCHFORT::WANDB: model: actor, step: 252, train_lr: 0.001
TORCHFORT::WANDB: model: alpha, step: 252, train_loss: -2.71463
TORCHFORT::WANDB: model: alpha, step: 252, train_lr: 0.0001
TORCHFORT::WANDB: model: critic_0, step: 253, train_loss: 0.120072
TORCHFORT::WANDB: model: critic_0, step: 253, train_lr: 0.001
TORCHFORT::WANDB: model: actor, step: 253, train_loss: 0.688625
TORCHFORT::WANDB: model: actor, step: 253, train_lr: 0.001
TORCHFORT::WANDB: model: alpha, step: 253, train_loss: -2.72586
TORCHFORT::WANDB: model: alpha, step: 253, train_lr: 0.0001
TORCHFORT::WANDB: model: critic_0, step: 254, train_loss: 0.117118
TORCHFORT::WANDB: model: critic_0, step: 254, train_lr: 0.001
TORCHFORT::WANDB: model: actor, step: 254, train_loss: 0.709454
TORCHFORT::WANDB: model: actor, step: 254, train_lr: 0.001
TORCHFORT::WANDB: model: alpha, step: 254, train_loss: -2.71983
TORCHFORT::WANDB: model: alpha, step: 254, train_lr: 0.0001
TORCHFORT::WANDB: model: critic_0, step: 255, train_loss: 0.12227
TORCHFORT::WANDB: model: critic_0, step: 255, train_lr: 0.001
TORCHFORT::WANDB: model: actor, step: 255, train_loss: 0.683004
TORCHFORT::WANDB: model: actor, step: 255, train_lr: 0.001
TORCHFORT::WANDB: model: alpha, step: 255, train_loss: -2.71479
TORCHFORT::WANDB: model: alpha, step: 255, train_lr: 0.0001
TORCHFORT::WANDB: model: critic_0, step: 256, train_loss: 0.124689
TORCHFORT::WANDB: model: critic_0, step: 256, train_lr: 0.001
TORCHFORT::WANDB: model: actor, step: 256, train_loss: 0.666237
TORCHFORT::WANDB: model: actor, step: 256, train_lr: 0.001
TORCHFORT::WANDB: model: alpha, step: 256, train_loss: -2.72153
TORCHFORT::WANDB: model: alpha, step: 256, train_lr: 0.0001
TORCHFORT::WANDB: model: critic_0, step: 257, train_loss: 0.118042
TORCHFORT::WANDB: model: critic_0, step: 257, train_lr: 0.001
TORCHFORT::WANDB: model: actor, step: 257, train_loss: 0.68743
TORCHFORT::WANDB: model: actor, step: 257, train_lr: 0.001
TORCHFORT::WANDB: model: alpha, step: 257, train_loss: -2.71684
TORCHFORT::WANDB: model: alpha, step: 257, train_lr: 0.0001
TORCHFORT::WANDB: model: critic_0, step: 258, train_loss: 0.118123
TORCHFORT::WANDB: model: critic_0, step: 258, train_lr: 0.001
TORCHFORT::WANDB: model: actor, step: 258, train_loss: 0.712977
TORCHFORT::WANDB: model: actor, step: 258, train_lr: 0.001
TORCHFORT::WANDB: model: alpha, step: 258, train_loss: -2.71854
TORCHFORT::WANDB: model: alpha, step: 258, train_lr: 0.0001
TORCHFORT::WANDB: model: critic_0, step: 259, train_loss: 0.120933
TORCHFORT::WANDB: model: critic_0, step: 259, train_lr: 0.001
TORCHFORT::WANDB: model: actor, step: 259, train_loss: 0.693595
TORCHFORT::WANDB: model: actor, step: 259, train_lr: 0.001
TORCHFORT::WANDB: model: alpha, step: 259, train_loss: -2.72292
TORCHFORT::WANDB: model: alpha, step: 259, train_lr: 0.0001
TORCHFORT::WANDB: model: critic_0, step: 260, train_loss: 0.119798
TORCHFORT::WANDB: model: critic_0, step: 260, train_lr: 0.001
TORCHFORT::WANDB: model: actor, step: 260, train_loss: 0.647084
TORCHFORT::WANDB: model: actor, step: 260, train_lr: 0.001
TORCHFORT::WANDB: model: alpha, step: 260, train_loss: -2.71019
TORCHFORT::WANDB: model: alpha, step: 260, train_lr: 0.0001
TORCHFORT::WANDB: model: rlwm, step: 23, reward_sum: 3291.78
TORCHFORT::WANDB: model: rlwm, step: 23, reward_sum: 3291.78
TORCHFORT::WANDB: model: rlwm, step: 23, reward_sum: 3291.78
TORCHFORT::WANDB: model: rlwm, step: 23, reward_sum: 3291.78
TORCHFORT::WANDB: model: critic_0, step: 261, train_loss: 0.125712
TORCHFORT::WANDB: model: critic_0, step: 261, train_lr: 0.001
TORCHFORT::WANDB: model: actor, step: 261, train_loss: 0.72514
TORCHFORT::WANDB: model: actor, step: 261, train_lr: 0.001
TORCHFORT::WANDB: model: alpha, step: 261, train_loss: -2.72084
TORCHFORT::WANDB: model: alpha, step: 261, train_lr: 0.0001
TORCHFORT::WANDB: model: critic_0, step: 262, train_loss: 0.125363
TORCHFORT::WANDB: model: critic_0, step: 262, train_lr: 0.001
TORCHFORT::WANDB: model: actor, step: 262, train_loss: 0.754347
TORCHFORT::WANDB: model: actor, step: 262, train_lr: 0.001
TORCHFORT::WANDB: model: alpha, step: 262, train_loss: -2.71439
TORCHFORT::WANDB: model: alpha, step: 262, train_lr: 0.0001
TORCHFORT::WANDB: model: critic_0, step: 263, train_loss: 0.129387
TORCHFORT::WANDB: model: critic_0, step: 263, train_lr: 0.001
TORCHFORT::WANDB: model: actor, step: 263, train_loss: 0.725864
TORCHFORT::WANDB: model: actor, step: 263, train_lr: 0.001
TORCHFORT::WANDB: model: alpha, step: 263, train_loss: -2.71813
TORCHFORT::WANDB: model: alpha, step: 263, train_lr: 0.0001
TORCHFORT::WANDB: model: critic_0, step: 264, train_loss: 0.122351
TORCHFORT::WANDB: model: critic_0, step: 264, train_lr: 0.001
TORCHFORT::WANDB: model: actor, step: 264, train_loss: 0.707525
TORCHFORT::WANDB: model: actor, step: 264, train_lr: 0.001
TORCHFORT::WANDB: model: alpha, step: 264, train_loss: -2.72776
TORCHFORT::WANDB: model: alpha, step: 264, train_lr: 0.0001
TORCHFORT::WANDB: model: critic_0, step: 265, train_loss: 0.124275
TORCHFORT::WANDB: model: critic_0, step: 265, train_lr: 0.001
TORCHFORT::WANDB: model: actor, step: 265, train_loss: 0.709504
TORCHFORT::WANDB: model: actor, step: 265, train_lr: 0.001
TORCHFORT::WANDB: model: alpha, step: 265, train_loss: -2.73595
TORCHFORT::WANDB: model: alpha, step: 265, train_lr: 0.0001
TORCHFORT::WANDB: model: critic_0, step: 266, train_loss: 0.121955
TORCHFORT::WANDB: model: critic_0, step: 266, train_lr: 0.001
TORCHFORT::WANDB: model: actor, step: 266, train_loss: 0.73195
TORCHFORT::WANDB: model: actor, step: 266, train_lr: 0.001
TORCHFORT::WANDB: model: alpha, step: 266, train_loss: -2.73013
TORCHFORT::WANDB: model: alpha, step: 266, train_lr: 0.0001
TORCHFORT::WANDB: model: critic_0, step: 267, train_loss: 0.125656
TORCHFORT::WANDB: model: critic_0, step: 267, train_lr: 0.001
TORCHFORT::WANDB: model: actor, step: 267, train_loss: 0.724885
TORCHFORT::WANDB: model: actor, step: 267, train_lr: 0.001
TORCHFORT::WANDB: model: alpha, step: 267, train_loss: -2.72996
TORCHFORT::WANDB: model: alpha, step: 267, train_lr: 0.0001
TORCHFORT::WANDB: model: critic_0, step: 268, train_loss: 0.122103
TORCHFORT::WANDB: model: critic_0, step: 268, train_lr: 0.001
TORCHFORT::WANDB: model: actor, step: 268, train_loss: 0.71524
TORCHFORT::WANDB: model: actor, step: 268, train_lr: 0.001
TORCHFORT::WANDB: model: alpha, step: 268, train_loss: -2.72797
TORCHFORT::WANDB: model: alpha, step: 268, train_lr: 0.0001
TORCHFORT::WANDB: model: critic_0, step: 269, train_loss: 0.121101
TORCHFORT::WANDB: model: critic_0, step: 269, train_lr: 0.001
TORCHFORT::WANDB: model: actor, step: 269, train_loss: 0.727876
TORCHFORT::WANDB: model: actor, step: 269, train_lr: 0.001
TORCHFORT::WANDB: model: alpha, step: 269, train_loss: -2.71769
TORCHFORT::WANDB: model: alpha, step: 269, train_lr: 0.0001
TORCHFORT::WANDB: model: critic_0, step: 270, train_loss: 0.12218
TORCHFORT::WANDB: model: critic_0, step: 270, train_lr: 0.001
TORCHFORT::WANDB: model: actor, step: 270, train_loss: 0.735122
TORCHFORT::WANDB: model: actor, step: 270, train_lr: 0.001
TORCHFORT::WANDB: model: alpha, step: 270, train_loss: -2.72102
TORCHFORT::WANDB: model: alpha, step: 270, train_lr: 0.0001
TORCHFORT::WANDB: model: critic_0, step: 271, train_loss: 0.119844
TORCHFORT::WANDB: model: critic_0, step: 271, train_lr: 0.001
TORCHFORT::WANDB: model: actor, step: 271, train_loss: 0.733958
TORCHFORT::WANDB: model: actor, step: 271, train_lr: 0.001
TORCHFORT::WANDB: model: alpha, step: 271, train_loss: -2.72147
TORCHFORT::WANDB: model: alpha, step: 271, train_lr: 0.0001
TORCHFORT::WANDB: model: critic_0, step: 272, train_loss: 0.121913
TORCHFORT::WANDB: model: critic_0, step: 272, train_lr: 0.001
TORCHFORT::WANDB: model: actor, step: 272, train_loss: 0.710468
TORCHFORT::WANDB: model: actor, step: 272, train_lr: 0.001
TORCHFORT::WANDB: model: alpha, step: 272, train_loss: -2.71347
TORCHFORT::WANDB: model: alpha, step: 272, train_lr: 0.0001
TORCHFORT::WANDB: model: critic_0, step: 273, train_loss: 0.123997
TORCHFORT::WANDB: model: critic_0, step: 273, train_lr: 0.001
TORCHFORT::WANDB: model: actor, step: 273, train_loss: 0.701245
TORCHFORT::WANDB: model: actor, step: 273, train_lr: 0.001
TORCHFORT::WANDB: model: alpha, step: 273, train_loss: -2.72441
TORCHFORT::WANDB: model: alpha, step: 273, train_lr: 0.0001
TORCHFORT::WANDB: model: critic_0, step: 274, train_loss: 0.119908
TORCHFORT::WANDB: model: critic_0, step: 274, train_lr: 0.001
TORCHFORT::WANDB: model: actor, step: 274, train_loss: 0.718869
TORCHFORT::WANDB: model: actor, step: 274, train_lr: 0.001
TORCHFORT::WANDB: model: alpha, step: 274, train_loss: -2.72608
TORCHFORT::WANDB: model: alpha, step: 274, train_lr: 0.0001
TORCHFORT::WANDB: model: critic_0, step: 275, train_loss: 0.115325
TORCHFORT::WANDB: model: critic_0, step: 275, train_lr: 0.001
TORCHFORT::WANDB: model: actor, step: 275, train_loss: 0.726829
TORCHFORT::WANDB: model: actor, step: 275, train_lr: 0.001
TORCHFORT::WANDB: model: alpha, step: 275, train_loss: -2.72834
TORCHFORT::WANDB: model: alpha, step: 275, train_lr: 0.0001
TORCHFORT::WANDB: model: critic_0, step: 276, train_loss: 0.125084
TORCHFORT::WANDB: model: critic_0, step: 276, train_lr: 0.001
TORCHFORT::WANDB: model: actor, step: 276, train_loss: 0.712593
TORCHFORT::WANDB: model: actor, step: 276, train_lr: 0.001
TORCHFORT::WANDB: model: alpha, step: 276, train_loss: -2.73398
TORCHFORT::WANDB: model: alpha, step: 276, train_lr: 0.0001
TORCHFORT::WANDB: model: critic_0, step: 277, train_loss: 0.116336
TORCHFORT::WANDB: model: critic_0, step: 277, train_lr: 0.001
TORCHFORT::WANDB: model: actor, step: 277, train_loss: 0.696249
TORCHFORT::WANDB: model: actor, step: 277, train_lr: 0.001
TORCHFORT::WANDB: model: alpha, step: 277, train_loss: -2.72618
TORCHFORT::WANDB: model: alpha, step: 277, train_lr: 0.0001
TORCHFORT::WANDB: model: critic_0, step: 278, train_loss: 0.124333
TORCHFORT::WANDB: model: critic_0, step: 278, train_lr: 0.001
TORCHFORT::WANDB: model: actor, step: 278, train_loss: 0.690644
TORCHFORT::WANDB: model: actor, step: 278, train_lr: 0.001
TORCHFORT::WANDB: model: alpha, step: 278, train_loss: -2.72562
TORCHFORT::WANDB: model: alpha, step: 278, train_lr: 0.0001
TORCHFORT::WANDB: model: critic_0, step: 279, train_loss: 0.119659
TORCHFORT::WANDB: model: critic_0, step: 279, train_lr: 0.001
TORCHFORT::WANDB: model: actor, step: 279, train_loss: 0.70074
TORCHFORT::WANDB: model: actor, step: 279, train_lr: 0.001
TORCHFORT::WANDB: model: alpha, step: 279, train_loss: -2.72889
TORCHFORT::WANDB: model: alpha, step: 279, train_lr: 0.0001
TORCHFORT::WANDB: model: critic_0, step: 280, train_loss: 0.118944
TORCHFORT::WANDB: model: critic_0, step: 280, train_lr: 0.001
TORCHFORT::WANDB: model: actor, step: 280, train_loss: 0.706862
TORCHFORT::WANDB: model: actor, step: 280, train_lr: 0.001
TORCHFORT::WANDB: model: alpha, step: 280, train_loss: -2.7293
TORCHFORT::WANDB: model: alpha, step: 280, train_lr: 0.0001
TORCHFORT::WANDB: model: rlwm, step: 24, reward_sum: 3248.99
TORCHFORT::WANDB: model: rlwm, step: 24, reward_sum: 3248.99
TORCHFORT::WANDB: model: rlwm, step: 24, reward_sum: 3248.99
TORCHFORT::WANDB: model: rlwm, step: 24, reward_sum: 3248.99
TORCHFORT::WANDB: model: critic_0, step: 281, train_loss: 0.123887
TORCHFORT::WANDB: model: critic_0, step: 281, train_lr: 0.001
TORCHFORT::WANDB: model: actor, step: 281, train_loss: 0.737638
TORCHFORT::WANDB: model: actor, step: 281, train_lr: 0.001
TORCHFORT::WANDB: model: alpha, step: 281, train_loss: -2.7183
TORCHFORT::WANDB: model: alpha, step: 281, train_lr: 0.0001
TORCHFORT::WANDB: model: critic_0, step: 282, train_loss: 0.127531
TORCHFORT::WANDB: model: critic_0, step: 282, train_lr: 0.001
TORCHFORT::WANDB: model: actor, step: 282, train_loss: 0.71869
TORCHFORT::WANDB: model: actor, step: 282, train_lr: 0.001
TORCHFORT::WANDB: model: alpha, step: 282, train_loss: -2.72506
TORCHFORT::WANDB: model: alpha, step: 282, train_lr: 0.0001
TORCHFORT::WANDB: model: critic_0, step: 283, train_loss: 0.133597
TORCHFORT::WANDB: model: critic_0, step: 283, train_lr: 0.001
TORCHFORT::WANDB: model: actor, step: 283, train_loss: 0.730522
TORCHFORT::WANDB: model: actor, step: 283, train_lr: 0.001
TORCHFORT::WANDB: model: alpha, step: 283, train_loss: -2.7332
TORCHFORT::WANDB: model: alpha, step: 283, train_lr: 0.0001
TORCHFORT::WANDB: model: critic_0, step: 284, train_loss: 0.128188
TORCHFORT::WANDB: model: critic_0, step: 284, train_lr: 0.001
TORCHFORT::WANDB: model: actor, step: 284, train_loss: 0.758163
TORCHFORT::WANDB: model: actor, step: 284, train_lr: 0.001
TORCHFORT::WANDB: model: alpha, step: 284, train_loss: -2.72956
TORCHFORT::WANDB: model: alpha, step: 284, train_lr: 0.0001
TORCHFORT::WANDB: model: critic_0, step: 285, train_loss: 0.124157
TORCHFORT::WANDB: model: critic_0, step: 285, train_lr: 0.001
TORCHFORT::WANDB: model: actor, step: 285, train_loss: 0.750913
TORCHFORT::WANDB: model: actor, step: 285, train_lr: 0.001
TORCHFORT::WANDB: model: alpha, step: 285, train_loss: -2.7402
TORCHFORT::WANDB: model: alpha, step: 285, train_lr: 0.0001
TORCHFORT::WANDB: model: critic_0, step: 286, train_loss: 0.125373
TORCHFORT::WANDB: model: critic_0, step: 286, train_lr: 0.001
TORCHFORT::WANDB: model: actor, step: 286, train_loss: 0.722826
TORCHFORT::WANDB: model: actor, step: 286, train_lr: 0.001
TORCHFORT::WANDB: model: alpha, step: 286, train_loss: -2.74051
TORCHFORT::WANDB: model: alpha, step: 286, train_lr: 0.0001
TORCHFORT::WANDB: model: critic_0, step: 287, train_loss: 0.121108
TORCHFORT::WANDB: model: critic_0, step: 287, train_lr: 0.001
TORCHFORT::WANDB: model: actor, step: 287, train_loss: 0.729884
TORCHFORT::WANDB: model: actor, step: 287, train_lr: 0.001
TORCHFORT::WANDB: model: alpha, step: 287, train_loss: -2.73283
TORCHFORT::WANDB: model: alpha, step: 287, train_lr: 0.0001
TORCHFORT::WANDB: model: critic_0, step: 288, train_loss: 0.109196
TORCHFORT::WANDB: model: critic_0, step: 288, train_lr: 0.001
TORCHFORT::WANDB: model: actor, step: 288, train_loss: 0.769565
TORCHFORT::WANDB: model: actor, step: 288, train_lr: 0.001
TORCHFORT::WANDB: model: alpha, step: 288, train_loss: -2.74072
TORCHFORT::WANDB: model: alpha, step: 288, train_lr: 0.0001
TORCHFORT::WANDB: model: critic_0, step: 289, train_loss: 0.12918
TORCHFORT::WANDB: model: critic_0, step: 289, train_lr: 0.001
TORCHFORT::WANDB: model: actor, step: 289, train_loss: 0.72936
TORCHFORT::WANDB: model: actor, step: 289, train_lr: 0.001
TORCHFORT::WANDB: model: alpha, step: 289, train_loss: -2.7362
TORCHFORT::WANDB: model: alpha, step: 289, train_lr: 0.0001
TORCHFORT::WANDB: model: critic_0, step: 290, train_loss: 0.12528
TORCHFORT::WANDB: model: critic_0, step: 290, train_lr: 0.001
TORCHFORT::WANDB: model: actor, step: 290, train_loss: 0.695879
TORCHFORT::WANDB: model: actor, step: 290, train_lr: 0.001
TORCHFORT::WANDB: model: alpha, step: 290, train_loss: -2.74325
TORCHFORT::WANDB: model: alpha, step: 290, train_lr: 0.0001
TORCHFORT::WANDB: model: critic_0, step: 291, train_loss: 0.128129
TORCHFORT::WANDB: model: critic_0, step: 291, train_lr: 0.001
TORCHFORT::WANDB: model: actor, step: 291, train_loss: 0.729862
TORCHFORT::WANDB: model: actor, step: 291, train_lr: 0.001
TORCHFORT::WANDB: model: alpha, step: 291, train_loss: -2.73567
TORCHFORT::WANDB: model: alpha, step: 291, train_lr: 0.0001
TORCHFORT::WANDB: model: critic_0, step: 292, train_loss: 0.125285
TORCHFORT::WANDB: model: critic_0, step: 292, train_lr: 0.001
TORCHFORT::WANDB: model: actor, step: 292, train_loss: 0.759514
TORCHFORT::WANDB: model: actor, step: 292, train_lr: 0.001
TORCHFORT::WANDB: model: alpha, step: 292, train_loss: -2.73946
TORCHFORT::WANDB: model: alpha, step: 292, train_lr: 0.0001
TORCHFORT::WANDB: model: critic_0, step: 293, train_loss: 0.120539
TORCHFORT::WANDB: model: critic_0, step: 293, train_lr: 0.001
TORCHFORT::WANDB: model: actor, step: 293, train_loss: 0.722061
TORCHFORT::WANDB: model: actor, step: 293, train_lr: 0.001
TORCHFORT::WANDB: model: alpha, step: 293, train_loss: -2.73493
TORCHFORT::WANDB: model: alpha, step: 293, train_lr: 0.0001
TORCHFORT::WANDB: model: critic_0, step: 294, train_loss: 0.115232
TORCHFORT::WANDB: model: critic_0, step: 294, train_lr: 0.001
TORCHFORT::WANDB: model: actor, step: 294, train_loss: 0.699109
TORCHFORT::WANDB: model: actor, step: 294, train_lr: 0.001
TORCHFORT::WANDB: model: alpha, step: 294, train_loss: -2.73669
TORCHFORT::WANDB: model: alpha, step: 294, train_lr: 0.0001
TORCHFORT::WANDB: model: critic_0, step: 295, train_loss: 0.119967
TORCHFORT::WANDB: model: critic_0, step: 295, train_lr: 0.001
TORCHFORT::WANDB: model: actor, step: 295, train_loss: 0.727503
TORCHFORT::WANDB: model: actor, step: 295, train_lr: 0.001
TORCHFORT::WANDB: model: alpha, step: 295, train_loss: -2.73557
TORCHFORT::WANDB: model: alpha, step: 295, train_lr: 0.0001
TORCHFORT::WANDB: model: critic_0, step: 296, train_loss: 0.122069
TORCHFORT::WANDB: model: critic_0, step: 296, train_lr: 0.001
TORCHFORT::WANDB: model: actor, step: 296, train_loss: 0.731705
TORCHFORT::WANDB: model: actor, step: 296, train_lr: 0.001
TORCHFORT::WANDB: model: alpha, step: 296, train_loss: -2.73916
TORCHFORT::WANDB: model: alpha, step: 296, train_lr: 0.0001
TORCHFORT::WANDB: model: critic_0, step: 297, train_loss: 0.115271
TORCHFORT::WANDB: model: critic_0, step: 297, train_lr: 0.001
TORCHFORT::WANDB: model: actor, step: 297, train_loss: 0.725199
TORCHFORT::WANDB: model: actor, step: 297, train_lr: 0.001
TORCHFORT::WANDB: model: alpha, step: 297, train_loss: -2.7387
TORCHFORT::WANDB: model: alpha, step: 297, train_lr: 0.0001
TORCHFORT::WANDB: model: critic_0, step: 298, train_loss: 0.121843
TORCHFORT::WANDB: model: critic_0, step: 298, train_lr: 0.001
TORCHFORT::WANDB: model: actor, step: 298, train_loss: 0.708699
TORCHFORT::WANDB: model: actor, step: 298, train_lr: 0.001
TORCHFORT::WANDB: model: alpha, step: 298, train_loss: -2.7329
TORCHFORT::WANDB: model: alpha, step: 298, train_lr: 0.0001
TORCHFORT::WANDB: model: critic_0, step: 299, train_loss: 0.125069
TORCHFORT::WANDB: model: critic_0, step: 299, train_lr: 0.001
TORCHFORT::WANDB: model: actor, step: 299, train_loss: 0.69897
TORCHFORT::WANDB: model: actor, step: 299, train_lr: 0.001
TORCHFORT::WANDB: model: alpha, step: 299, train_loss: -2.74332
TORCHFORT::WANDB: model: alpha, step: 299, train_lr: 0.0001
TORCHFORT::WANDB: model: critic_0, step: 300, train_loss: 0.116277
TORCHFORT::WANDB: model: critic_0, step: 300, train_lr: 0.001
TORCHFORT::WANDB: model: actor, step: 300, train_loss: 0.728668
TORCHFORT::WANDB: model: actor, step: 300, train_lr: 0.001
TORCHFORT::WANDB: model: alpha, step: 300, train_loss: -2.74236
TORCHFORT::WANDB: model: alpha, step: 300, train_lr: 0.0001
TORCHFORT::WANDB: model: rlwm, step: 25, reward_sum: 3186.96
TORCHFORT::WANDB: model: rlwm, step: 25, reward_sum: 3186.96
TORCHFORT::WANDB: model: rlwm, step: 25, reward_sum: 3186.96
TORCHFORT::WANDB: model: rlwm, step: 25, reward_sum: 3186.96
TORCHFORT::WANDB: model: critic_0, step: 301, train_loss: 0.122471
TORCHFORT::WANDB: model: critic_0, step: 301, train_lr: 0.001
TORCHFORT::WANDB: model: actor, step: 301, train_loss: 0.775514
TORCHFORT::WANDB: model: actor, step: 301, train_lr: 0.001
TORCHFORT::WANDB: model: alpha, step: 301, train_loss: -2.74801
TORCHFORT::WANDB: model: alpha, step: 301, train_lr: 0.0001
TORCHFORT::WANDB: model: critic_0, step: 302, train_loss: 0.123726
TORCHFORT::WANDB: model: critic_0, step: 302, train_lr: 0.001
TORCHFORT::WANDB: model: actor, step: 302, train_loss: 0.733207
TORCHFORT::WANDB: model: actor, step: 302, train_lr: 0.001
TORCHFORT::WANDB: model: alpha, step: 302, train_loss: -2.73919
TORCHFORT::WANDB: model: alpha, step: 302, train_lr: 0.0001
TORCHFORT::WANDB: model: critic_0, step: 303, train_loss: 0.127786
TORCHFORT::WANDB: model: critic_0, step: 303, train_lr: 0.001
TORCHFORT::WANDB: model: actor, step: 303, train_loss: 0.732661
TORCHFORT::WANDB: model: actor, step: 303, train_lr: 0.001
TORCHFORT::WANDB: model: alpha, step: 303, train_loss: -2.7452
TORCHFORT::WANDB: model: alpha, step: 303, train_lr: 0.0001
TORCHFORT::WANDB: model: critic_0, step: 304, train_loss: 0.131823
TORCHFORT::WANDB: model: critic_0, step: 304, train_lr: 0.001
TORCHFORT::WANDB: model: actor, step: 304, train_loss: 0.75234
TORCHFORT::WANDB: model: actor, step: 304, train_lr: 0.001
TORCHFORT::WANDB: model: alpha, step: 304, train_loss: -2.74432
TORCHFORT::WANDB: model: alpha, step: 304, train_lr: 0.0001
TORCHFORT::WANDB: model: critic_0, step: 305, train_loss: 0.12745
TORCHFORT::WANDB: model: critic_0, step: 305, train_lr: 0.001
TORCHFORT::WANDB: model: actor, step: 305, train_loss: 0.762261
TORCHFORT::WANDB: model: actor, step: 305, train_lr: 0.001
TORCHFORT::WANDB: model: alpha, step: 305, train_loss: -2.74445
TORCHFORT::WANDB: model: alpha, step: 305, train_lr: 0.0001
TORCHFORT::WANDB: model: critic_0, step: 306, train_loss: 0.124651
TORCHFORT::WANDB: model: critic_0, step: 306, train_lr: 0.001
TORCHFORT::WANDB: model: actor, step: 306, train_loss: 0.741811
TORCHFORT::WANDB: model: actor, step: 306, train_lr: 0.001
TORCHFORT::WANDB: model: alpha, step: 306, train_loss: -2.74032
TORCHFORT::WANDB: model: alpha, step: 306, train_lr: 0.0001
TORCHFORT::WANDB: model: critic_0, step: 307, train_loss: 0.120331
TORCHFORT::WANDB: model: critic_0, step: 307, train_lr: 0.001
TORCHFORT::WANDB: model: actor, step: 307, train_loss: 0.721413
TORCHFORT::WANDB: model: actor, step: 307, train_lr: 0.001
TORCHFORT::WANDB: model: alpha, step: 307, train_loss: -2.74524
TORCHFORT::WANDB: model: alpha, step: 307, train_lr: 0.0001
TORCHFORT::WANDB: model: critic_0, step: 308, train_loss: 0.124634
TORCHFORT::WANDB: model: critic_0, step: 308, train_lr: 0.001
TORCHFORT::WANDB: model: actor, step: 308, train_loss: 0.747624
TORCHFORT::WANDB: model: actor, step: 308, train_lr: 0.001
TORCHFORT::WANDB: model: alpha, step: 308, train_loss: -2.74135
TORCHFORT::WANDB: model: alpha, step: 308, train_lr: 0.0001
TORCHFORT::WANDB: model: critic_0, step: 309, train_loss: 0.129591
TORCHFORT::WANDB: model: critic_0, step: 309, train_lr: 0.001
TORCHFORT::WANDB: model: actor, step: 309, train_loss: 0.745285
TORCHFORT::WANDB: model: actor, step: 309, train_lr: 0.001
TORCHFORT::WANDB: model: alpha, step: 309, train_loss: -2.7435
TORCHFORT::WANDB: model: alpha, step: 309, train_lr: 0.0001
TORCHFORT::WANDB: model: critic_0, step: 310, train_loss: 0.132184
TORCHFORT::WANDB: model: critic_0, step: 310, train_lr: 0.001
TORCHFORT::WANDB: model: actor, step: 310, train_loss: 0.722593
TORCHFORT::WANDB: model: actor, step: 310, train_lr: 0.001
TORCHFORT::WANDB: model: alpha, step: 310, train_loss: -2.74204
TORCHFORT::WANDB: model: alpha, step: 310, train_lr: 0.0001
TORCHFORT::WANDB: model: critic_0, step: 311, train_loss: 0.129079
TORCHFORT::WANDB: model: critic_0, step: 311, train_lr: 0.001
TORCHFORT::WANDB: model: actor, step: 311, train_loss: 0.731512
TORCHFORT::WANDB: model: actor, step: 311, train_lr: 0.001
TORCHFORT::WANDB: model: alpha, step: 311, train_loss: -2.73954
TORCHFORT::WANDB: model: alpha, step: 311, train_lr: 0.0001
TORCHFORT::WANDB: model: critic_0, step: 312, train_loss: 0.125708
TORCHFORT::WANDB: model: critic_0, step: 312, train_lr: 0.001
TORCHFORT::WANDB: model: actor, step: 312, train_loss: 0.730948
TORCHFORT::WANDB: model: actor, step: 312, train_lr: 0.001
TORCHFORT::WANDB: model: alpha, step: 312, train_loss: -2.74701
TORCHFORT::WANDB: model: alpha, step: 312, train_lr: 0.0001
TORCHFORT::WANDB: model: critic_0, step: 313, train_loss: 0.113776
TORCHFORT::WANDB: model: critic_0, step: 313, train_lr: 0.001
TORCHFORT::WANDB: model: actor, step: 313, train_loss: 0.751997
TORCHFORT::WANDB: model: actor, step: 313, train_lr: 0.001
TORCHFORT::WANDB: model: alpha, step: 313, train_loss: -2.74801
TORCHFORT::WANDB: model: alpha, step: 313, train_lr: 0.0001
TORCHFORT::WANDB: model: critic_0, step: 314, train_loss: 0.11805
TORCHFORT::WANDB: model: critic_0, step: 314, train_lr: 0.001
TORCHFORT::WANDB: model: actor, step: 314, train_loss: 0.736933
TORCHFORT::WANDB: model: actor, step: 314, train_lr: 0.001
TORCHFORT::WANDB: model: alpha, step: 314, train_loss: -2.75871
TORCHFORT::WANDB: model: alpha, step: 314, train_lr: 0.0001
TORCHFORT::WANDB: model: critic_0, step: 315, train_loss: 0.117939
TORCHFORT::WANDB: model: critic_0, step: 315, train_lr: 0.001
TORCHFORT::WANDB: model: actor, step: 315, train_loss: 0.70917
TORCHFORT::WANDB: model: actor, step: 315, train_lr: 0.001
TORCHFORT::WANDB: model: alpha, step: 315, train_loss: -2.75255
TORCHFORT::WANDB: model: alpha, step: 315, train_lr: 0.0001
TORCHFORT::WANDB: model: critic_0, step: 316, train_loss: 0.119535
TORCHFORT::WANDB: model: critic_0, step: 316, train_lr: 0.001
TORCHFORT::WANDB: model: actor, step: 316, train_loss: 0.719801
TORCHFORT::WANDB: model: actor, step: 316, train_lr: 0.001
TORCHFORT::WANDB: model: alpha, step: 316, train_loss: -2.75676
TORCHFORT::WANDB: model: alpha, step: 316, train_lr: 0.0001
TORCHFORT::WANDB: model: critic_0, step: 317, train_loss: 0.116276
TORCHFORT::WANDB: model: critic_0, step: 317, train_lr: 0.001
TORCHFORT::WANDB: model: actor, step: 317, train_loss: 0.738854
TORCHFORT::WANDB: model: actor, step: 317, train_lr: 0.001
TORCHFORT::WANDB: model: alpha, step: 317, train_loss: -2.75696
TORCHFORT::WANDB: model: alpha, step: 317, train_lr: 0.0001
TORCHFORT::WANDB: model: critic_0, step: 318, train_loss: 0.116736
TORCHFORT::WANDB: model: critic_0, step: 318, train_lr: 0.001
TORCHFORT::WANDB: model: actor, step: 318, train_loss: 0.717951
TORCHFORT::WANDB: model: actor, step: 318, train_lr: 0.001
TORCHFORT::WANDB: model: alpha, step: 318, train_loss: -2.74979
TORCHFORT::WANDB: model: alpha, step: 318, train_lr: 0.0001
TORCHFORT::WANDB: model: critic_0, step: 319, train_loss: 0.120939
TORCHFORT::WANDB: model: critic_0, step: 319, train_lr: 0.001
TORCHFORT::WANDB: model: actor, step: 319, train_loss: 0.702068
TORCHFORT::WANDB: model: actor, step: 319, train_lr: 0.001
TORCHFORT::WANDB: model: alpha, step: 319, train_loss: -2.74439
TORCHFORT::WANDB: model: alpha, step: 319, train_lr: 0.0001
TORCHFORT::WANDB: model: critic_0, step: 320, train_loss: 0.118283
TORCHFORT::WANDB: model: critic_0, step: 320, train_lr: 0.001
TORCHFORT::WANDB: model: actor, step: 320, train_loss: 0.717589
TORCHFORT::WANDB: model: actor, step: 320, train_lr: 0.001
TORCHFORT::WANDB: model: alpha, step: 320, train_loss: -2.73727
TORCHFORT::WANDB: model: alpha, step: 320, train_lr: 0.0001
TORCHFORT::WANDB: model: rlwm, step: 26, reward_sum: 3147.93
TORCHFORT::WANDB: model: rlwm, step: 26, reward_sum: 3147.93
TORCHFORT::WANDB: model: rlwm, step: 26, reward_sum: 3147.93
TORCHFORT::WANDB: model: rlwm, step: 26, reward_sum: 3147.93
TORCHFORT::WANDB: model: critic_0, step: 321, train_loss: 0.121949
TORCHFORT::WANDB: model: critic_0, step: 321, train_lr: 0.001
TORCHFORT::WANDB: model: actor, step: 321, train_loss: 0.764414
TORCHFORT::WANDB: model: actor, step: 321, train_lr: 0.001
TORCHFORT::WANDB: model: alpha, step: 321, train_loss: -2.75496
TORCHFORT::WANDB: model: alpha, step: 321, train_lr: 0.0001
TORCHFORT::WANDB: model: critic_0, step: 322, train_loss: 0.130414
TORCHFORT::WANDB: model: critic_0, step: 322, train_lr: 0.001
TORCHFORT::WANDB: model: actor, step: 322, train_loss: 0.741968
TORCHFORT::WANDB: model: actor, step: 322, train_lr: 0.001
TORCHFORT::WANDB: model: alpha, step: 322, train_loss: -2.75432
TORCHFORT::WANDB: model: alpha, step: 322, train_lr: 0.0001
TORCHFORT::WANDB: model: critic_0, step: 323, train_loss: 0.119227
TORCHFORT::WANDB: model: critic_0, step: 323, train_lr: 0.001
TORCHFORT::WANDB: model: actor, step: 323, train_loss: 0.735349
TORCHFORT::WANDB: model: actor, step: 323, train_lr: 0.001
TORCHFORT::WANDB: model: alpha, step: 323, train_loss: -2.76308
TORCHFORT::WANDB: model: alpha, step: 323, train_lr: 0.0001
TORCHFORT::WANDB: model: critic_0, step: 324, train_loss: 0.127264
TORCHFORT::WANDB: model: critic_0, step: 324, train_lr: 0.001
TORCHFORT::WANDB: model: actor, step: 324, train_loss: 0.736583
TORCHFORT::WANDB: model: actor, step: 324, train_lr: 0.001
TORCHFORT::WANDB: model: alpha, step: 324, train_loss: -2.75798
TORCHFORT::WANDB: model: alpha, step: 324, train_lr: 0.0001
TORCHFORT::WANDB: model: critic_0, step: 325, train_loss: 0.120241
TORCHFORT::WANDB: model: critic_0, step: 325, train_lr: 0.001
TORCHFORT::WANDB: model: actor, step: 325, train_loss: 0.75516
TORCHFORT::WANDB: model: actor, step: 325, train_lr: 0.001
TORCHFORT::WANDB: model: alpha, step: 325, train_loss: -2.76487
TORCHFORT::WANDB: model: alpha, step: 325, train_lr: 0.0001
TORCHFORT::WANDB: model: critic_0, step: 326, train_loss: 0.12297
TORCHFORT::WANDB: model: critic_0, step: 326, train_lr: 0.001
TORCHFORT::WANDB: model: actor, step: 326, train_loss: 0.752719
TORCHFORT::WANDB: model: actor, step: 326, train_lr: 0.001
TORCHFORT::WANDB: model: alpha, step: 326, train_loss: -2.75943
TORCHFORT::WANDB: model: alpha, step: 326, train_lr: 0.0001
TORCHFORT::WANDB: model: critic_0, step: 327, train_loss: 0.121122
TORCHFORT::WANDB: model: critic_0, step: 327, train_lr: 0.001
TORCHFORT::WANDB: model: actor, step: 327, train_loss: 0.727489
TORCHFORT::WANDB: model: actor, step: 327, train_lr: 0.001
TORCHFORT::WANDB: model: alpha, step: 327, train_loss: -2.75438
TORCHFORT::WANDB: model: alpha, step: 327, train_lr: 0.0001
TORCHFORT::WANDB: model: critic_0, step: 328, train_loss: 0.125109
TORCHFORT::WANDB: model: critic_0, step: 328, train_lr: 0.001
TORCHFORT::WANDB: model: actor, step: 328, train_loss: 0.726145
TORCHFORT::WANDB: model: actor, step: 328, train_lr: 0.001
TORCHFORT::WANDB: model: alpha, step: 328, train_loss: -2.7416
TORCHFORT::WANDB: model: alpha, step: 328, train_lr: 0.0001
TORCHFORT::WANDB: model: critic_0, step: 329, train_loss: 0.119581
TORCHFORT::WANDB: model: critic_0, step: 329, train_lr: 0.001
TORCHFORT::WANDB: model: actor, step: 329, train_loss: 0.735352
TORCHFORT::WANDB: model: actor, step: 329, train_lr: 0.001
TORCHFORT::WANDB: model: alpha, step: 329, train_loss: -2.74512
TORCHFORT::WANDB: model: alpha, step: 329, train_lr: 0.0001
TORCHFORT::WANDB: model: critic_0, step: 330, train_loss: 0.12473
TORCHFORT::WANDB: model: critic_0, step: 330, train_lr: 0.001
TORCHFORT::WANDB: model: actor, step: 330, train_loss: 0.73723
TORCHFORT::WANDB: model: actor, step: 330, train_lr: 0.001
TORCHFORT::WANDB: model: alpha, step: 330, train_loss: -2.74314
TORCHFORT::WANDB: model: alpha, step: 330, train_lr: 0.0001
TORCHFORT::WANDB: model: critic_0, step: 331, train_loss: 0.123032
TORCHFORT::WANDB: model: critic_0, step: 331, train_lr: 0.001
TORCHFORT::WANDB: model: actor, step: 331, train_loss: 0.713306
TORCHFORT::WANDB: model: actor, step: 331, train_lr: 0.001
TORCHFORT::WANDB: model: alpha, step: 331, train_loss: -2.74738
TORCHFORT::WANDB: model: alpha, step: 331, train_lr: 0.0001
TORCHFORT::WANDB: model: critic_0, step: 332, train_loss: 0.119864
TORCHFORT::WANDB: model: critic_0, step: 332, train_lr: 0.001
TORCHFORT::WANDB: model: actor, step: 332, train_loss: 0.724819
TORCHFORT::WANDB: model: actor, step: 332, train_lr: 0.001
TORCHFORT::WANDB: model: alpha, step: 332, train_loss: -2.756
TORCHFORT::WANDB: model: alpha, step: 332, train_lr: 0.0001
TORCHFORT::WANDB: model: critic_0, step: 333, train_loss: 0.121061
TORCHFORT::WANDB: model: critic_0, step: 333, train_lr: 0.001
TORCHFORT::WANDB: model: actor, step: 333, train_loss: 0.736231
TORCHFORT::WANDB: model: actor, step: 333, train_lr: 0.001
TORCHFORT::WANDB: model: alpha, step: 333, train_loss: -2.75878
TORCHFORT::WANDB: model: alpha, step: 333, train_lr: 0.0001
TORCHFORT::WANDB: model: critic_0, step: 334, train_loss: 0.120641
TORCHFORT::WANDB: model: critic_0, step: 334, train_lr: 0.001
TORCHFORT::WANDB: model: actor, step: 334, train_loss: 0.724947
TORCHFORT::WANDB: model: actor, step: 334, train_lr: 0.001
TORCHFORT::WANDB: model: alpha, step: 334, train_loss: -2.7703
TORCHFORT::WANDB: model: alpha, step: 334, train_lr: 0.0001
TORCHFORT::WANDB: model: critic_0, step: 335, train_loss: 0.116819
TORCHFORT::WANDB: model: critic_0, step: 335, train_lr: 0.001
TORCHFORT::WANDB: model: actor, step: 335, train_loss: 0.723747
TORCHFORT::WANDB: model: actor, step: 335, train_lr: 0.001
TORCHFORT::WANDB: model: alpha, step: 335, train_loss: -2.76577
TORCHFORT::WANDB: model: alpha, step: 335, train_lr: 0.0001
TORCHFORT::WANDB: model: critic_0, step: 336, train_loss: 0.117333
TORCHFORT::WANDB: model: critic_0, step: 336, train_lr: 0.001
TORCHFORT::WANDB: model: actor, step: 336, train_loss: 0.726508
TORCHFORT::WANDB: model: actor, step: 336, train_lr: 0.001
TORCHFORT::WANDB: model: alpha, step: 336, train_loss: -2.75798
TORCHFORT::WANDB: model: alpha, step: 336, train_lr: 0.0001
TORCHFORT::WANDB: model: critic_0, step: 337, train_loss: 0.122494
TORCHFORT::WANDB: model: critic_0, step: 337, train_lr: 0.001
TORCHFORT::WANDB: model: actor, step: 337, train_loss: 0.716226
TORCHFORT::WANDB: model: actor, step: 337, train_lr: 0.001
TORCHFORT::WANDB: model: alpha, step: 337, train_loss: -2.75422
TORCHFORT::WANDB: model: alpha, step: 337, train_lr: 0.0001
TORCHFORT::WANDB: model: critic_0, step: 338, train_loss: 0.118665
TORCHFORT::WANDB: model: critic_0, step: 338, train_lr: 0.001
TORCHFORT::WANDB: model: actor, step: 338, train_loss: 0.715489
TORCHFORT::WANDB: model: actor, step: 338, train_lr: 0.001
TORCHFORT::WANDB: model: alpha, step: 338, train_loss: -2.76278
TORCHFORT::WANDB: model: alpha, step: 338, train_lr: 0.0001
TORCHFORT::WANDB: model: critic_0, step: 339, train_loss: 0.117843
TORCHFORT::WANDB: model: critic_0, step: 339, train_lr: 0.001
TORCHFORT::WANDB: model: actor, step: 339, train_loss: 0.722683
TORCHFORT::WANDB: model: actor, step: 339, train_lr: 0.001
TORCHFORT::WANDB: model: alpha, step: 339, train_loss: -2.76036
TORCHFORT::WANDB: model: alpha, step: 339, train_lr: 0.0001
TORCHFORT::WANDB: model: critic_0, step: 340, train_loss: 0.115522
TORCHFORT::WANDB: model: critic_0, step: 340, train_lr: 0.001
TORCHFORT::WANDB: model: actor, step: 340, train_loss: 0.719715
TORCHFORT::WANDB: model: actor, step: 340, train_lr: 0.001
TORCHFORT::WANDB: model: alpha, step: 340, train_loss: -2.74571
TORCHFORT::WANDB: model: alpha, step: 340, train_lr: 0.0001
TORCHFORT::WANDB: model: rlwm, step: 27, reward_sum: 3197.96
TORCHFORT::WANDB: model: rlwm, step: 27, reward_sum: 3197.96
TORCHFORT::WANDB: model: rlwm, step: 27, reward_sum: 3197.96
TORCHFORT::WANDB: model: rlwm, step: 27, reward_sum: 3197.96
TORCHFORT::WANDB: model: critic_0, step: 341, train_loss: 0.117093
TORCHFORT::WANDB: model: critic_0, step: 341, train_lr: 0.001
TORCHFORT::WANDB: model: actor, step: 341, train_loss: 0.748996
TORCHFORT::WANDB: model: actor, step: 341, train_lr: 0.001
TORCHFORT::WANDB: model: alpha, step: 341, train_loss: -2.74701
TORCHFORT::WANDB: model: alpha, step: 341, train_lr: 0.0001
TORCHFORT::WANDB: model: critic_0, step: 342, train_loss: 0.116065
TORCHFORT::WANDB: model: critic_0, step: 342, train_lr: 0.001
TORCHFORT::WANDB: model: actor, step: 342, train_loss: 0.737409
TORCHFORT::WANDB: model: actor, step: 342, train_lr: 0.001
TORCHFORT::WANDB: model: alpha, step: 342, train_loss: -2.75699
TORCHFORT::WANDB: model: alpha, step: 342, train_lr: 0.0001
TORCHFORT::WANDB: model: critic_0, step: 343, train_loss: 0.125602
TORCHFORT::WANDB: model: critic_0, step: 343, train_lr: 0.001
TORCHFORT::WANDB: model: actor, step: 343, train_loss: 0.727567
TORCHFORT::WANDB: model: actor, step: 343, train_lr: 0.001
TORCHFORT::WANDB: model: alpha, step: 343, train_loss: -2.75769
TORCHFORT::WANDB: model: alpha, step: 343, train_lr: 0.0001
TORCHFORT::WANDB: model: critic_0, step: 344, train_loss: 0.122656
TORCHFORT::WANDB: model: critic_0, step: 344, train_lr: 0.001
TORCHFORT::WANDB: model: actor, step: 344, train_loss: 0.736196
TORCHFORT::WANDB: model: actor, step: 344, train_lr: 0.001
TORCHFORT::WANDB: model: alpha, step: 344, train_loss: -2.76396
TORCHFORT::WANDB: model: alpha, step: 344, train_lr: 0.0001
TORCHFORT::WANDB: model: critic_0, step: 345, train_loss: 0.121678
TORCHFORT::WANDB: model: critic_0, step: 345, train_lr: 0.001
TORCHFORT::WANDB: model: actor, step: 345, train_loss: 0.747931
TORCHFORT::WANDB: model: actor, step: 345, train_lr: 0.001
TORCHFORT::WANDB: model: alpha, step: 345, train_loss: -2.76504
TORCHFORT::WANDB: model: alpha, step: 345, train_lr: 0.0001
TORCHFORT::WANDB: model: critic_0, step: 346, train_loss: 0.121397
TORCHFORT::WANDB: model: critic_0, step: 346, train_lr: 0.001
TORCHFORT::WANDB: model: actor, step: 346, train_loss: 0.739151
TORCHFORT::WANDB: model: actor, step: 346, train_lr: 0.001
TORCHFORT::WANDB: model: alpha, step: 346, train_loss: -2.77081
TORCHFORT::WANDB: model: alpha, step: 346, train_lr: 0.0001
TORCHFORT::WANDB: model: critic_0, step: 347, train_loss: 0.117019
TORCHFORT::WANDB: model: critic_0, step: 347, train_lr: 0.001
TORCHFORT::WANDB: model: actor, step: 347, train_loss: 0.727245
TORCHFORT::WANDB: model: actor, step: 347, train_lr: 0.001
TORCHFORT::WANDB: model: alpha, step: 347, train_loss: -2.76867
TORCHFORT::WANDB: model: alpha, step: 347, train_lr: 0.0001
TORCHFORT::WANDB: model: critic_0, step: 348, train_loss: 0.118638
TORCHFORT::WANDB: model: critic_0, step: 348, train_lr: 0.001
TORCHFORT::WANDB: model: actor, step: 348, train_loss: 0.725572
TORCHFORT::WANDB: model: actor, step: 348, train_lr: 0.001
TORCHFORT::WANDB: model: alpha, step: 348, train_loss: -2.75851
TORCHFORT::WANDB: model: alpha, step: 348, train_lr: 0.0001
TORCHFORT::WANDB: model: critic_0, step: 349, train_loss: 0.116179
TORCHFORT::WANDB: model: critic_0, step: 349, train_lr: 0.001
TORCHFORT::WANDB: model: actor, step: 349, train_loss: 0.741624
TORCHFORT::WANDB: model: actor, step: 349, train_lr: 0.001
TORCHFORT::WANDB: model: alpha, step: 349, train_loss: -2.75461
TORCHFORT::WANDB: model: alpha, step: 349, train_lr: 0.0001
TORCHFORT::WANDB: model: critic_0, step: 350, train_loss: 0.121858
TORCHFORT::WANDB: model: critic_0, step: 350, train_lr: 0.001
TORCHFORT::WANDB: model: actor, step: 350, train_loss: 0.718256
TORCHFORT::WANDB: model: actor, step: 350, train_lr: 0.001
TORCHFORT::WANDB: model: alpha, step: 350, train_loss: -2.75676
TORCHFORT::WANDB: model: alpha, step: 350, train_lr: 0.0001
TORCHFORT::WANDB: model: critic_0, step: 351, train_loss: 0.120915
TORCHFORT::WANDB: model: critic_0, step: 351, train_lr: 0.001
TORCHFORT::WANDB: model: actor, step: 351, train_loss: 0.712254
TORCHFORT::WANDB: model: actor, step: 351, train_lr: 0.001
TORCHFORT::WANDB: model: alpha, step: 351, train_loss: -2.75346
TORCHFORT::WANDB: model: alpha, step: 351, train_lr: 0.0001
TORCHFORT::WANDB: model: critic_0, step: 352, train_loss: 0.117801
TORCHFORT::WANDB: model: critic_0, step: 352, train_lr: 0.001
TORCHFORT::WANDB: model: actor, step: 352, train_loss: 0.730828
TORCHFORT::WANDB: model: actor, step: 352, train_lr: 0.001
TORCHFORT::WANDB: model: alpha, step: 352, train_loss: -2.76232
TORCHFORT::WANDB: model: alpha, step: 352, train_lr: 0.0001
TORCHFORT::WANDB: model: critic_0, step: 353, train_loss: 0.115437
TORCHFORT::WANDB: model: critic_0, step: 353, train_lr: 0.001
TORCHFORT::WANDB: model: actor, step: 353, train_loss: 0.73787
TORCHFORT::WANDB: model: actor, step: 353, train_lr: 0.001
TORCHFORT::WANDB: model: alpha, step: 353, train_loss: -2.7579
TORCHFORT::WANDB: model: alpha, step: 353, train_lr: 0.0001
TORCHFORT::WANDB: model: critic_0, step: 354, train_loss: 0.113165
TORCHFORT::WANDB: model: critic_0, step: 354, train_lr: 0.001
TORCHFORT::WANDB: model: actor, step: 354, train_loss: 0.721572
TORCHFORT::WANDB: model: actor, step: 354, train_lr: 0.001
TORCHFORT::WANDB: model: alpha, step: 354, train_loss: -2.7592
TORCHFORT::WANDB: model: alpha, step: 354, train_lr: 0.0001
TORCHFORT::WANDB: model: critic_0, step: 355, train_loss: 0.118479
TORCHFORT::WANDB: model: critic_0, step: 355, train_lr: 0.001
TORCHFORT::WANDB: model: actor, step: 355, train_loss: 0.70655
TORCHFORT::WANDB: model: actor, step: 355, train_lr: 0.001
TORCHFORT::WANDB: model: alpha, step: 355, train_loss: -2.76453
TORCHFORT::WANDB: model: alpha, step: 355, train_lr: 0.0001
TORCHFORT::WANDB: model: critic_0, step: 356, train_loss: 0.114943
TORCHFORT::WANDB: model: critic_0, step: 356, train_lr: 0.001
TORCHFORT::WANDB: model: actor, step: 356, train_loss: 0.727693
TORCHFORT::WANDB: model: actor, step: 356, train_lr: 0.001
TORCHFORT::WANDB: model: alpha, step: 356, train_loss: -2.77433
TORCHFORT::WANDB: model: alpha, step: 356, train_lr: 0.0001
TORCHFORT::WANDB: model: critic_0, step: 357, train_loss: 0.11761
TORCHFORT::WANDB: model: critic_0, step: 357, train_lr: 0.001
TORCHFORT::WANDB: model: actor, step: 357, train_loss: 0.734596
TORCHFORT::WANDB: model: actor, step: 357, train_lr: 0.001
TORCHFORT::WANDB: model: alpha, step: 357, train_loss: -2.77416
TORCHFORT::WANDB: model: alpha, step: 357, train_lr: 0.0001
TORCHFORT::WANDB: model: critic_0, step: 358, train_loss: 0.113969
TORCHFORT::WANDB: model: critic_0, step: 358, train_lr: 0.001
TORCHFORT::WANDB: model: actor, step: 358, train_loss: 0.72142
TORCHFORT::WANDB: model: actor, step: 358, train_lr: 0.001
TORCHFORT::WANDB: model: alpha, step: 358, train_loss: -2.77145
TORCHFORT::WANDB: model: alpha, step: 358, train_lr: 0.0001
TORCHFORT::WANDB: model: critic_0, step: 359, train_loss: 0.118042
TORCHFORT::WANDB: model: critic_0, step: 359, train_lr: 0.001
TORCHFORT::WANDB: model: actor, step: 359, train_loss: 0.69276
TORCHFORT::WANDB: model: actor, step: 359, train_lr: 0.001
TORCHFORT::WANDB: model: alpha, step: 359, train_loss: -2.77571
TORCHFORT::WANDB: model: alpha, step: 359, train_lr: 0.0001
TORCHFORT::WANDB: model: critic_0, step: 360, train_loss: 0.112217
TORCHFORT::WANDB: model: critic_0, step: 360, train_lr: 0.001
TORCHFORT::WANDB: model: actor, step: 360, train_loss: 0.72435
TORCHFORT::WANDB: model: actor, step: 360, train_lr: 0.001
TORCHFORT::WANDB: model: alpha, step: 360, train_loss: -2.76152
TORCHFORT::WANDB: model: alpha, step: 360, train_lr: 0.0001
TORCHFORT::WANDB: model: rlwm, step: 28, reward_sum: 3510.16
TORCHFORT::WANDB: model: rlwm, step: 28, reward_sum: 3510.16
TORCHFORT::WANDB: model: rlwm, step: 28, reward_sum: 3510.16
TORCHFORT::WANDB: model: rlwm, step: 28, reward_sum: 3510.16
TORCHFORT::WANDB: model: critic_0, step: 361, train_loss: 0.122441
TORCHFORT::WANDB: model: critic_0, step: 361, train_lr: 0.001
TORCHFORT::WANDB: model: actor, step: 361, train_loss: 0.731316
TORCHFORT::WANDB: model: actor, step: 361, train_lr: 0.001
TORCHFORT::WANDB: model: alpha, step: 361, train_loss: -2.76302
TORCHFORT::WANDB: model: alpha, step: 361, train_lr: 0.0001
TORCHFORT::WANDB: model: critic_0, step: 362, train_loss: 0.11978
TORCHFORT::WANDB: model: critic_0, step: 362, train_lr: 0.001
TORCHFORT::WANDB: model: actor, step: 362, train_loss: 0.714469
TORCHFORT::WANDB: model: actor, step: 362, train_lr: 0.001
TORCHFORT::WANDB: model: alpha, step: 362, train_loss: -2.76082
TORCHFORT::WANDB: model: alpha, step: 362, train_lr: 0.0001
TORCHFORT::WANDB: model: critic_0, step: 363, train_loss: 0.120211
TORCHFORT::WANDB: model: critic_0, step: 363, train_lr: 0.001
TORCHFORT::WANDB: model: actor, step: 363, train_loss: 0.712971
TORCHFORT::WANDB: model: actor, step: 363, train_lr: 0.001
TORCHFORT::WANDB: model: alpha, step: 363, train_loss: -2.75928
TORCHFORT::WANDB: model: alpha, step: 363, train_lr: 0.0001
TORCHFORT::WANDB: model: critic_0, step: 364, train_loss: 0.120563
TORCHFORT::WANDB: model: critic_0, step: 364, train_lr: 0.001
TORCHFORT::WANDB: model: actor, step: 364, train_loss: 0.744143
TORCHFORT::WANDB: model: actor, step: 364, train_lr: 0.001
TORCHFORT::WANDB: model: alpha, step: 364, train_loss: -2.76527
TORCHFORT::WANDB: model: alpha, step: 364, train_lr: 0.0001
TORCHFORT::WANDB: model: critic_0, step: 365, train_loss: 0.116207
TORCHFORT::WANDB: model: critic_0, step: 365, train_lr: 0.001
TORCHFORT::WANDB: model: actor, step: 365, train_loss: 0.728145
TORCHFORT::WANDB: model: actor, step: 365, train_lr: 0.001
TORCHFORT::WANDB: model: alpha, step: 365, train_loss: -2.76622
TORCHFORT::WANDB: model: alpha, step: 365, train_lr: 0.0001
TORCHFORT::WANDB: model: critic_0, step: 366, train_loss: 0.112835
TORCHFORT::WANDB: model: critic_0, step: 366, train_lr: 0.001
TORCHFORT::WANDB: model: actor, step: 366, train_loss: 0.716995
TORCHFORT::WANDB: model: actor, step: 366, train_lr: 0.001
TORCHFORT::WANDB: model: alpha, step: 366, train_loss: -2.77162
TORCHFORT::WANDB: model: alpha, step: 366, train_lr: 0.0001
TORCHFORT::WANDB: model: critic_0, step: 367, train_loss: 0.120034
TORCHFORT::WANDB: model: critic_0, step: 367, train_lr: 0.001
TORCHFORT::WANDB: model: actor, step: 367, train_loss: 0.704249
TORCHFORT::WANDB: model: actor, step: 367, train_lr: 0.001
TORCHFORT::WANDB: model: alpha, step: 367, train_loss: -2.77443
TORCHFORT::WANDB: model: alpha, step: 367, train_lr: 0.0001
TORCHFORT::WANDB: model: critic_0, step: 368, train_loss: 0.11797
TORCHFORT::WANDB: model: critic_0, step: 368, train_lr: 0.001
TORCHFORT::WANDB: model: actor, step: 368, train_loss: 0.725151
TORCHFORT::WANDB: model: actor, step: 368, train_lr: 0.001
TORCHFORT::WANDB: model: alpha, step: 368, train_loss: -2.77622
TORCHFORT::WANDB: model: alpha, step: 368, train_lr: 0.0001
TORCHFORT::WANDB: model: critic_0, step: 369, train_loss: 0.114734
TORCHFORT::WANDB: model: critic_0, step: 369, train_lr: 0.001
TORCHFORT::WANDB: model: actor, step: 369, train_loss: 0.731346
TORCHFORT::WANDB: model: actor, step: 369, train_lr: 0.001
TORCHFORT::WANDB: model: alpha, step: 369, train_loss: -2.777
TORCHFORT::WANDB: model: alpha, step: 369, train_lr: 0.0001
TORCHFORT::WANDB: model: critic_0, step: 370, train_loss: 0.121626
TORCHFORT::WANDB: model: critic_0, step: 370, train_lr: 0.001
TORCHFORT::WANDB: model: actor, step: 370, train_loss: 0.697557
TORCHFORT::WANDB: model: actor, step: 370, train_lr: 0.001
TORCHFORT::WANDB: model: alpha, step: 370, train_loss: -2.77116
TORCHFORT::WANDB: model: alpha, step: 370, train_lr: 0.0001
TORCHFORT::WANDB: model: critic_0, step: 371, train_loss: 0.110862
TORCHFORT::WANDB: model: critic_0, step: 371, train_lr: 0.001
TORCHFORT::WANDB: model: actor, step: 371, train_loss: 0.71712
TORCHFORT::WANDB: model: actor, step: 371, train_lr: 0.001
TORCHFORT::WANDB: model: alpha, step: 371, train_loss: -2.77415
TORCHFORT::WANDB: model: alpha, step: 371, train_lr: 0.0001
TORCHFORT::WANDB: model: critic_0, step: 372, train_loss: 0.120636
TORCHFORT::WANDB: model: critic_0, step: 372, train_lr: 0.001
TORCHFORT::WANDB: model: actor, step: 372, train_loss: 0.718064
TORCHFORT::WANDB: model: actor, step: 372, train_lr: 0.001
TORCHFORT::WANDB: model: alpha, step: 372, train_loss: -2.76308
TORCHFORT::WANDB: model: alpha, step: 372, train_lr: 0.0001
TORCHFORT::WANDB: model: critic_0, step: 373, train_loss: 0.117487
TORCHFORT::WANDB: model: critic_0, step: 373, train_lr: 0.001
TORCHFORT::WANDB: model: actor, step: 373, train_loss: 0.704941
TORCHFORT::WANDB: model: actor, step: 373, train_lr: 0.001
TORCHFORT::WANDB: model: alpha, step: 373, train_loss: -2.77127
TORCHFORT::WANDB: model: alpha, step: 373, train_lr: 0.0001
TORCHFORT::WANDB: model: critic_0, step: 374, train_loss: 0.117944
TORCHFORT::WANDB: model: critic_0, step: 374, train_lr: 0.001
TORCHFORT::WANDB: model: actor, step: 374, train_loss: 0.688291
TORCHFORT::WANDB: model: actor, step: 374, train_lr: 0.001
TORCHFORT::WANDB: model: alpha, step: 374, train_loss: -2.77199
TORCHFORT::WANDB: model: alpha, step: 374, train_lr: 0.0001
TORCHFORT::WANDB: model: critic_0, step: 375, train_loss: 0.106006
TORCHFORT::WANDB: model: critic_0, step: 375, train_lr: 0.001
TORCHFORT::WANDB: model: actor, step: 375, train_loss: 0.720445
TORCHFORT::WANDB: model: actor, step: 375, train_lr: 0.001
TORCHFORT::WANDB: model: alpha, step: 375, train_loss: -2.76993
TORCHFORT::WANDB: model: alpha, step: 375, train_lr: 0.0001
TORCHFORT::WANDB: model: critic_0, step: 376, train_loss: 0.11956
TORCHFORT::WANDB: model: critic_0, step: 376, train_lr: 0.001
TORCHFORT::WANDB: model: actor, step: 376, train_loss: 0.696863
TORCHFORT::WANDB: model: actor, step: 376, train_lr: 0.001
TORCHFORT::WANDB: model: alpha, step: 376, train_loss: -2.77712
TORCHFORT::WANDB: model: alpha, step: 376, train_lr: 0.0001
TORCHFORT::WANDB: model: critic_0, step: 377, train_loss: 0.11523
TORCHFORT::WANDB: model: critic_0, step: 377, train_lr: 0.001
TORCHFORT::WANDB: model: actor, step: 377, train_loss: 0.68407
TORCHFORT::WANDB: model: actor, step: 377, train_lr: 0.001
TORCHFORT::WANDB: model: alpha, step: 377, train_loss: -2.78151
TORCHFORT::WANDB: model: alpha, step: 377, train_lr: 0.0001
TORCHFORT::WANDB: model: critic_0, step: 378, train_loss: 0.113839
TORCHFORT::WANDB: model: critic_0, step: 378, train_lr: 0.001
TORCHFORT::WANDB: model: actor, step: 378, train_loss: 0.699442
TORCHFORT::WANDB: model: actor, step: 378, train_lr: 0.001
TORCHFORT::WANDB: model: alpha, step: 378, train_loss: -2.77605
TORCHFORT::WANDB: model: alpha, step: 378, train_lr: 0.0001
TORCHFORT::WANDB: model: critic_0, step: 379, train_loss: 0.113938
TORCHFORT::WANDB: model: critic_0, step: 379, train_lr: 0.001
TORCHFORT::WANDB: model: actor, step: 379, train_loss: 0.727107
TORCHFORT::WANDB: model: actor, step: 379, train_lr: 0.001
TORCHFORT::WANDB: model: alpha, step: 379, train_loss: -2.77789
TORCHFORT::WANDB: model: alpha, step: 379, train_lr: 0.0001
TORCHFORT::WANDB: model: critic_0, step: 380, train_loss: 0.116227
TORCHFORT::WANDB: model: critic_0, step: 380, train_lr: 0.001
TORCHFORT::WANDB: model: actor, step: 380, train_loss: 0.695219
TORCHFORT::WANDB: model: actor, step: 380, train_lr: 0.001
TORCHFORT::WANDB: model: alpha, step: 380, train_loss: -2.77839
TORCHFORT::WANDB: model: alpha, step: 380, train_lr: 0.0001
TORCHFORT::WANDB: model: rlwm, step: 29, reward_sum: 3574.43
TORCHFORT::WANDB: model: rlwm, step: 29, reward_sum: 3574.43
TORCHFORT::WANDB: model: rlwm, step: 29, reward_sum: 3574.43
TORCHFORT::WANDB: model: rlwm, step: 29, reward_sum: 3574.43
TORCHFORT::WANDB: model: critic_0, step: 381, train_loss: 0.118701
TORCHFORT::WANDB: model: critic_0, step: 381, train_lr: 0.001
TORCHFORT::WANDB: model: actor, step: 381, train_loss: 0.682997
TORCHFORT::WANDB: model: actor, step: 381, train_lr: 0.001
TORCHFORT::WANDB: model: alpha, step: 381, train_loss: -2.77691
TORCHFORT::WANDB: model: alpha, step: 381, train_lr: 0.0001
TORCHFORT::WANDB: model: critic_0, step: 382, train_loss: 0.114894
TORCHFORT::WANDB: model: critic_0, step: 382, train_lr: 0.001
TORCHFORT::WANDB: model: actor, step: 382, train_loss: 0.7135
TORCHFORT::WANDB: model: actor, step: 382, train_lr: 0.001
TORCHFORT::WANDB: model: alpha, step: 382, train_loss: -2.77281
TORCHFORT::WANDB: model: alpha, step: 382, train_lr: 0.0001
TORCHFORT::WANDB: model: critic_0, step: 383, train_loss: 0.117129
TORCHFORT::WANDB: model: critic_0, step: 383, train_lr: 0.001
TORCHFORT::WANDB: model: actor, step: 383, train_loss: 0.724928
TORCHFORT::WANDB: model: actor, step: 383, train_lr: 0.001
TORCHFORT::WANDB: model: alpha, step: 383, train_loss: -2.77624
TORCHFORT::WANDB: model: alpha, step: 383, train_lr: 0.0001
TORCHFORT::WANDB: model: critic_0, step: 384, train_loss: 0.116519
TORCHFORT::WANDB: model: critic_0, step: 384, train_lr: 0.001
TORCHFORT::WANDB: model: actor, step: 384, train_loss: 0.695989
TORCHFORT::WANDB: model: actor, step: 384, train_lr: 0.001
TORCHFORT::WANDB: model: alpha, step: 384, train_loss: -2.77283
TORCHFORT::WANDB: model: alpha, step: 384, train_lr: 0.0001
TORCHFORT::WANDB: model: critic_0, step: 385, train_loss: 0.110679
TORCHFORT::WANDB: model: critic_0, step: 385, train_lr: 0.001
TORCHFORT::WANDB: model: actor, step: 385, train_loss: 0.691522
TORCHFORT::WANDB: model: actor, step: 385, train_lr: 0.001
TORCHFORT::WANDB: model: alpha, step: 385, train_loss: -2.78185
TORCHFORT::WANDB: model: alpha, step: 385, train_lr: 0.0001
TORCHFORT::WANDB: model: critic_0, step: 386, train_loss: 0.11271
TORCHFORT::WANDB: model: critic_0, step: 386, train_lr: 0.001
TORCHFORT::WANDB: model: actor, step: 386, train_loss: 0.713153
TORCHFORT::WANDB: model: actor, step: 386, train_lr: 0.001
TORCHFORT::WANDB: model: alpha, step: 386, train_loss: -2.77735
TORCHFORT::WANDB: model: alpha, step: 386, train_lr: 0.0001
TORCHFORT::WANDB: model: critic_0, step: 387, train_loss: 0.112097
TORCHFORT::WANDB: model: critic_0, step: 387, train_lr: 0.001
TORCHFORT::WANDB: model: actor, step: 387, train_loss: 0.716294
TORCHFORT::WANDB: model: actor, step: 387, train_lr: 0.001
TORCHFORT::WANDB: model: alpha, step: 387, train_loss: -2.78547
TORCHFORT::WANDB: model: alpha, step: 387, train_lr: 0.0001
TORCHFORT::WANDB: model: critic_0, step: 388, train_loss: 0.108695
TORCHFORT::WANDB: model: critic_0, step: 388, train_lr: 0.001
TORCHFORT::WANDB: model: actor, step: 388, train_loss: 0.696578
TORCHFORT::WANDB: model: actor, step: 388, train_lr: 0.001
TORCHFORT::WANDB: model: alpha, step: 388, train_loss: -2.78283
TORCHFORT::WANDB: model: alpha, step: 388, train_lr: 0.0001
TORCHFORT::WANDB: model: critic_0, step: 389, train_loss: 0.110409
TORCHFORT::WANDB: model: critic_0, step: 389, train_lr: 0.001
TORCHFORT::WANDB: model: actor, step: 389, train_loss: 0.685978
TORCHFORT::WANDB: model: actor, step: 389, train_lr: 0.001
TORCHFORT::WANDB: model: alpha, step: 389, train_loss: -2.78395
TORCHFORT::WANDB: model: alpha, step: 389, train_lr: 0.0001
TORCHFORT::WANDB: model: critic_0, step: 390, train_loss: 0.114509
TORCHFORT::WANDB: model: critic_0, step: 390, train_lr: 0.001
TORCHFORT::WANDB: model: actor, step: 390, train_loss: 0.68702
TORCHFORT::WANDB: model: actor, step: 390, train_lr: 0.001
TORCHFORT::WANDB: model: alpha, step: 390, train_loss: -2.7794
TORCHFORT::WANDB: model: alpha, step: 390, train_lr: 0.0001
TORCHFORT::WANDB: model: critic_0, step: 391, train_loss: 0.113024
TORCHFORT::WANDB: model: critic_0, step: 391, train_lr: 0.001
TORCHFORT::WANDB: model: actor, step: 391, train_loss: 0.710918
TORCHFORT::WANDB: model: actor, step: 391, train_lr: 0.001
TORCHFORT::WANDB: model: alpha, step: 391, train_loss: -2.77448
TORCHFORT::WANDB: model: alpha, step: 391, train_lr: 0.0001
TORCHFORT::WANDB: model: critic_0, step: 392, train_loss: 0.106682
TORCHFORT::WANDB: model: critic_0, step: 392, train_lr: 0.001
TORCHFORT::WANDB: model: actor, step: 392, train_loss: 0.708522
TORCHFORT::WANDB: model: actor, step: 392, train_lr: 0.001
TORCHFORT::WANDB: model: alpha, step: 392, train_loss: -2.77934
TORCHFORT::WANDB: model: alpha, step: 392, train_lr: 0.0001
TORCHFORT::WANDB: model: critic_0, step: 393, train_loss: 0.114537
TORCHFORT::WANDB: model: critic_0, step: 393, train_lr: 0.001
TORCHFORT::WANDB: model: actor, step: 393, train_loss: 0.687449
TORCHFORT::WANDB: model: actor, step: 393, train_lr: 0.001
TORCHFORT::WANDB: model: alpha, step: 393, train_loss: -2.78284
TORCHFORT::WANDB: model: alpha, step: 393, train_lr: 0.0001
TORCHFORT::WANDB: model: critic_0, step: 394, train_loss: 0.112127
TORCHFORT::WANDB: model: critic_0, step: 394, train_lr: 0.001
TORCHFORT::WANDB: model: actor, step: 394, train_loss: 0.679221
TORCHFORT::WANDB: model: actor, step: 394, train_lr: 0.001
TORCHFORT::WANDB: model: alpha, step: 394, train_loss: -2.7775
TORCHFORT::WANDB: model: alpha, step: 394, train_lr: 0.0001
TORCHFORT::WANDB: model: critic_0, step: 395, train_loss: 0.109351
TORCHFORT::WANDB: model: critic_0, step: 395, train_lr: 0.001
TORCHFORT::WANDB: model: actor, step: 395, train_loss: 0.696907
TORCHFORT::WANDB: model: actor, step: 395, train_lr: 0.001
TORCHFORT::WANDB: model: alpha, step: 395, train_loss: -2.78697
TORCHFORT::WANDB: model: alpha, step: 395, train_lr: 0.0001
TORCHFORT::WANDB: model: critic_0, step: 396, train_loss: 0.108709
TORCHFORT::WANDB: model: critic_0, step: 396, train_lr: 0.001
TORCHFORT::WANDB: model: actor, step: 396, train_loss: 0.700058
TORCHFORT::WANDB: model: actor, step: 396, train_lr: 0.001
TORCHFORT::WANDB: model: alpha, step: 396, train_loss: -2.77351
TORCHFORT::WANDB: model: alpha, step: 396, train_lr: 0.0001
TORCHFORT::WANDB: model: critic_0, step: 397, train_loss: 0.106951
TORCHFORT::WANDB: model: critic_0, step: 397, train_lr: 0.001
TORCHFORT::WANDB: model: actor, step: 397, train_loss: 0.676937
TORCHFORT::WANDB: model: actor, step: 397, train_lr: 0.001
TORCHFORT::WANDB: model: alpha, step: 397, train_loss: -2.77928
TORCHFORT::WANDB: model: alpha, step: 397, train_lr: 0.0001
TORCHFORT::WANDB: model: critic_0, step: 398, train_loss: 0.109102
TORCHFORT::WANDB: model: critic_0, step: 398, train_lr: 0.001
TORCHFORT::WANDB: model: actor, step: 398, train_loss: 0.678079
TORCHFORT::WANDB: model: actor, step: 398, train_lr: 0.001
TORCHFORT::WANDB: model: alpha, step: 398, train_loss: -2.77856
TORCHFORT::WANDB: model: alpha, step: 398, train_lr: 0.0001
TORCHFORT::WANDB: model: critic_0, step: 399, train_loss: 0.111413
TORCHFORT::WANDB: model: critic_0, step: 399, train_lr: 0.001
TORCHFORT::WANDB: model: actor, step: 399, train_loss: 0.686236
TORCHFORT::WANDB: model: actor, step: 399, train_lr: 0.001
TORCHFORT::WANDB: model: alpha, step: 399, train_loss: -2.77811
TORCHFORT::WANDB: model: alpha, step: 399, train_lr: 0.0001
TORCHFORT::WANDB: model: critic_0, step: 400, train_loss: 0.108218
TORCHFORT::WANDB: model: critic_0, step: 400, train_lr: 0.001
TORCHFORT::WANDB: model: actor, step: 400, train_loss: 0.68637
TORCHFORT::WANDB: model: actor, step: 400, train_lr: 0.001
TORCHFORT::WANDB: model: alpha, step: 400, train_loss: -2.77733
TORCHFORT::WANDB: model: alpha, step: 400, train_lr: 0.0001
TORCHFORT::WANDB: model: rlwm, step: 30, reward_sum: 3215.3
TORCHFORT::WANDB: model: rlwm, step: 30, reward_sum: 3215.3
TORCHFORT::WANDB: model: rlwm, step: 30, reward_sum: 3215.3
TORCHFORT::WANDB: model: rlwm, step: 30, reward_sum: 3215.3
TORCHFORT::WANDB: model: critic_0, step: 401, train_loss: 0.103728
TORCHFORT::WANDB: model: critic_0, step: 401, train_lr: 0.001
TORCHFORT::WANDB: model: actor, step: 401, train_loss: 0.704713
TORCHFORT::WANDB: model: actor, step: 401, train_lr: 0.001
TORCHFORT::WANDB: model: alpha, step: 401, train_loss: -2.78186
TORCHFORT::WANDB: model: alpha, step: 401, train_lr: 0.0001
TORCHFORT::WANDB: model: critic_0, step: 402, train_loss: 0.109314
TORCHFORT::WANDB: model: critic_0, step: 402, train_lr: 0.001
TORCHFORT::WANDB: model: actor, step: 402, train_loss: 0.701624
TORCHFORT::WANDB: model: actor, step: 402, train_lr: 0.001
TORCHFORT::WANDB: model: alpha, step: 402, train_loss: -2.79094
TORCHFORT::WANDB: model: alpha, step: 402, train_lr: 0.0001
TORCHFORT::WANDB: model: critic_0, step: 403, train_loss: 0.114534
TORCHFORT::WANDB: model: critic_0, step: 403, train_lr: 0.001
TORCHFORT::WANDB: model: actor, step: 403, train_loss: 0.665078
TORCHFORT::WANDB: model: actor, step: 403, train_lr: 0.001
TORCHFORT::WANDB: model: alpha, step: 403, train_loss: -2.77993
TORCHFORT::WANDB: model: alpha, step: 403, train_lr: 0.0001
TORCHFORT::WANDB: model: critic_0, step: 404, train_loss: 0.111325
TORCHFORT::WANDB: model: critic_0, step: 404, train_lr: 0.001
TORCHFORT::WANDB: model: actor, step: 404, train_loss: 0.687683
TORCHFORT::WANDB: model: actor, step: 404, train_lr: 0.001
TORCHFORT::WANDB: model: alpha, step: 404, train_loss: -2.78923
TORCHFORT::WANDB: model: alpha, step: 404, train_lr: 0.0001
TORCHFORT::WANDB: model: critic_0, step: 405, train_loss: 0.106619
TORCHFORT::WANDB: model: critic_0, step: 405, train_lr: 0.001
TORCHFORT::WANDB: model: actor, step: 405, train_loss: 0.72534
TORCHFORT::WANDB: model: actor, step: 405, train_lr: 0.001
TORCHFORT::WANDB: model: alpha, step: 405, train_loss: -2.78345
TORCHFORT::WANDB: model: alpha, step: 405, train_lr: 0.0001
TORCHFORT::WANDB: model: critic_0, step: 406, train_loss: 0.111808
TORCHFORT::WANDB: model: critic_0, step: 406, train_lr: 0.001
TORCHFORT::WANDB: model: actor, step: 406, train_loss: 0.689773
TORCHFORT::WANDB: model: actor, step: 406, train_lr: 0.001
TORCHFORT::WANDB: model: alpha, step: 406, train_loss: -2.78523
TORCHFORT::WANDB: model: alpha, step: 406, train_lr: 0.0001
TORCHFORT::WANDB: model: critic_0, step: 407, train_loss: 0.107795
TORCHFORT::WANDB: model: critic_0, step: 407, train_lr: 0.001
TORCHFORT::WANDB: model: actor, step: 407, train_loss: 0.659565
TORCHFORT::WANDB: model: actor, step: 407, train_lr: 0.001
TORCHFORT::WANDB: model: alpha, step: 407, train_loss: -2.7827
TORCHFORT::WANDB: model: alpha, step: 407, train_lr: 0.0001
TORCHFORT::WANDB: model: critic_0, step: 408, train_loss: 0.109985
TORCHFORT::WANDB: model: critic_0, step: 408, train_lr: 0.001
TORCHFORT::WANDB: model: actor, step: 408, train_loss: 0.699767
TORCHFORT::WANDB: model: actor, step: 408, train_lr: 0.001
TORCHFORT::WANDB: model: alpha, step: 408, train_loss: -2.78837
TORCHFORT::WANDB: model: alpha, step: 408, train_lr: 0.0001
TORCHFORT::WANDB: model: critic_0, step: 409, train_loss: 0.111021
TORCHFORT::WANDB: model: critic_0, step: 409, train_lr: 0.001
TORCHFORT::WANDB: model: actor, step: 409, train_loss: 0.702781
TORCHFORT::WANDB: model: actor, step: 409, train_lr: 0.001
TORCHFORT::WANDB: model: alpha, step: 409, train_loss: -2.78487
TORCHFORT::WANDB: model: alpha, step: 409, train_lr: 0.0001
TORCHFORT::WANDB: model: critic_0, step: 410, train_loss: 0.11178
TORCHFORT::WANDB: model: critic_0, step: 410, train_lr: 0.001
TORCHFORT::WANDB: model: actor, step: 410, train_loss: 0.669273
TORCHFORT::WANDB: model: actor, step: 410, train_lr: 0.001
TORCHFORT::WANDB: model: alpha, step: 410, train_loss: -2.78944
TORCHFORT::WANDB: model: alpha, step: 410, train_lr: 0.0001
TORCHFORT::WANDB: model: critic_0, step: 411, train_loss: 0.106297
TORCHFORT::WANDB: model: critic_0, step: 411, train_lr: 0.001
TORCHFORT::WANDB: model: actor, step: 411, train_loss: 0.677737
TORCHFORT::WANDB: model: actor, step: 411, train_lr: 0.001
TORCHFORT::WANDB: model: alpha, step: 411, train_loss: -2.78757
TORCHFORT::WANDB: model: alpha, step: 411, train_lr: 0.0001
TORCHFORT::WANDB: model: critic_0, step: 412, train_loss: 0.100907
TORCHFORT::WANDB: model: critic_0, step: 412, train_lr: 0.001
TORCHFORT::WANDB: model: actor, step: 412, train_loss: 0.698919
TORCHFORT::WANDB: model: actor, step: 412, train_lr: 0.001
TORCHFORT::WANDB: model: alpha, step: 412, train_loss: -2.78938
TORCHFORT::WANDB: model: alpha, step: 412, train_lr: 0.0001
TORCHFORT::WANDB: model: critic_0, step: 413, train_loss: 0.108613
TORCHFORT::WANDB: model: critic_0, step: 413, train_lr: 0.001
TORCHFORT::WANDB: model: actor, step: 413, train_loss: 0.676094
TORCHFORT::WANDB: model: actor, step: 413, train_lr: 0.001
TORCHFORT::WANDB: model: alpha, step: 413, train_loss: -2.78766
TORCHFORT::WANDB: model: alpha, step: 413, train_lr: 0.0001
TORCHFORT::WANDB: model: critic_0, step: 414, train_loss: 0.107019
TORCHFORT::WANDB: model: critic_0, step: 414, train_lr: 0.001
TORCHFORT::WANDB: model: actor, step: 414, train_loss: 0.650275
TORCHFORT::WANDB: model: actor, step: 414, train_lr: 0.001
TORCHFORT::WANDB: model: alpha, step: 414, train_loss: -2.78735
TORCHFORT::WANDB: model: alpha, step: 414, train_lr: 0.0001
TORCHFORT::WANDB: model: critic_0, step: 415, train_loss: 0.106227
TORCHFORT::WANDB: model: critic_0, step: 415, train_lr: 0.001
TORCHFORT::WANDB: model: actor, step: 415, train_loss: 0.672326
TORCHFORT::WANDB: model: actor, step: 415, train_lr: 0.001
TORCHFORT::WANDB: model: alpha, step: 415, train_loss: -2.78817
TORCHFORT::WANDB: model: alpha, step: 415, train_lr: 0.0001
TORCHFORT::WANDB: model: critic_0, step: 416, train_loss: 0.108182
TORCHFORT::WANDB: model: critic_0, step: 416, train_lr: 0.001
TORCHFORT::WANDB: model: actor, step: 416, train_loss: 0.684739
TORCHFORT::WANDB: model: actor, step: 416, train_lr: 0.001
TORCHFORT::WANDB: model: alpha, step: 416, train_loss: -2.78765
TORCHFORT::WANDB: model: alpha, step: 416, train_lr: 0.0001
TORCHFORT::WANDB: model: critic_0, step: 417, train_loss: 0.110453
TORCHFORT::WANDB: model: critic_0, step: 417, train_lr: 0.001
TORCHFORT::WANDB: model: actor, step: 417, train_loss: 0.665894
TORCHFORT::WANDB: model: actor, step: 417, train_lr: 0.001
TORCHFORT::WANDB: model: alpha, step: 417, train_loss: -2.79236
TORCHFORT::WANDB: model: alpha, step: 417, train_lr: 0.0001
TORCHFORT::WANDB: model: critic_0, step: 418, train_loss: 0.103916
TORCHFORT::WANDB: model: critic_0, step: 418, train_lr: 0.001
TORCHFORT::WANDB: model: actor, step: 418, train_loss: 0.648209
TORCHFORT::WANDB: model: actor, step: 418, train_lr: 0.001
TORCHFORT::WANDB: model: alpha, step: 418, train_loss: -2.78675
TORCHFORT::WANDB: model: alpha, step: 418, train_lr: 0.0001
TORCHFORT::WANDB: model: critic_0, step: 419, train_loss: 0.108284
TORCHFORT::WANDB: model: critic_0, step: 419, train_lr: 0.001
TORCHFORT::WANDB: model: actor, step: 419, train_loss: 0.665857
TORCHFORT::WANDB: model: actor, step: 419, train_lr: 0.001
TORCHFORT::WANDB: model: alpha, step: 419, train_loss: -2.78848
TORCHFORT::WANDB: model: alpha, step: 419, train_lr: 0.0001
TORCHFORT::WANDB: model: critic_0, step: 420, train_loss: 0.10716
TORCHFORT::WANDB: model: critic_0, step: 420, train_lr: 0.001
TORCHFORT::WANDB: model: actor, step: 420, train_loss: 0.680698
TORCHFORT::WANDB: model: actor, step: 420, train_lr: 0.001
TORCHFORT::WANDB: model: alpha, step: 420, train_loss: -2.79477
TORCHFORT::WANDB: model: alpha, step: 420, train_lr: 0.0001
TORCHFORT::WANDB: model: rlwm, step: 31, reward_sum: 3511.1
TORCHFORT::WANDB: model: rlwm, step: 31, reward_sum: 3511.1
TORCHFORT::WANDB: model: rlwm, step: 31, reward_sum: 3511.1
TORCHFORT::WANDB: model: rlwm, step: 31, reward_sum: 3511.1
TORCHFORT::WANDB: model: critic_0, step: 421, train_loss: 0.110853
TORCHFORT::WANDB: model: critic_0, step: 421, train_lr: 0.001
TORCHFORT::WANDB: model: actor, step: 421, train_loss: 0.662867
TORCHFORT::WANDB: model: actor, step: 421, train_lr: 0.001
TORCHFORT::WANDB: model: alpha, step: 421, train_loss: -2.79548
TORCHFORT::WANDB: model: alpha, step: 421, train_lr: 0.0001
TORCHFORT::WANDB: model: critic_0, step: 422, train_loss: 0.113195
TORCHFORT::WANDB: model: critic_0, step: 422, train_lr: 0.001
TORCHFORT::WANDB: model: actor, step: 422, train_loss: 0.658935
TORCHFORT::WANDB: model: actor, step: 422, train_lr: 0.001
TORCHFORT::WANDB: model: alpha, step: 422, train_loss: -2.78761
TORCHFORT::WANDB: model: alpha, step: 422, train_lr: 0.0001
TORCHFORT::WANDB: model: critic_0, step: 423, train_loss: 0.110582
TORCHFORT::WANDB: model: critic_0, step: 423, train_lr: 0.001
TORCHFORT::WANDB: model: actor, step: 423, train_loss: 0.678126
TORCHFORT::WANDB: model: actor, step: 423, train_lr: 0.001
TORCHFORT::WANDB: model: alpha, step: 423, train_loss: -2.78901
TORCHFORT::WANDB: model: alpha, step: 423, train_lr: 0.0001
TORCHFORT::WANDB: model: critic_0, step: 424, train_loss: 0.110601
TORCHFORT::WANDB: model: critic_0, step: 424, train_lr: 0.001
TORCHFORT::WANDB: model: actor, step: 424, train_loss: 0.678045
TORCHFORT::WANDB: model: actor, step: 424, train_lr: 0.001
TORCHFORT::WANDB: model: alpha, step: 424, train_loss: -2.78148
TORCHFORT::WANDB: model: alpha, step: 424, train_lr: 0.0001
TORCHFORT::WANDB: model: critic_0, step: 425, train_loss: 0.104241
TORCHFORT::WANDB: model: critic_0, step: 425, train_lr: 0.001
TORCHFORT::WANDB: model: actor, step: 425, train_loss: 0.673061
TORCHFORT::WANDB: model: actor, step: 425, train_lr: 0.001
TORCHFORT::WANDB: model: alpha, step: 425, train_loss: -2.78512
TORCHFORT::WANDB: model: alpha, step: 425, train_lr: 0.0001
TORCHFORT::WANDB: model: critic_0, step: 426, train_loss: 0.104671
TORCHFORT::WANDB: model: critic_0, step: 426, train_lr: 0.001
TORCHFORT::WANDB: model: actor, step: 426, train_loss: 0.665269
TORCHFORT::WANDB: model: actor, step: 426, train_lr: 0.001
TORCHFORT::WANDB: model: alpha, step: 426, train_loss: -2.79156
TORCHFORT::WANDB: model: alpha, step: 426, train_lr: 0.0001
TORCHFORT::WANDB: model: critic_0, step: 427, train_loss: 0.107043
TORCHFORT::WANDB: model: critic_0, step: 427, train_lr: 0.001
TORCHFORT::WANDB: model: actor, step: 427, train_loss: 0.649762
TORCHFORT::WANDB: model: actor, step: 427, train_lr: 0.001
TORCHFORT::WANDB: model: alpha, step: 427, train_loss: -2.79409
TORCHFORT::WANDB: model: alpha, step: 427, train_lr: 0.0001
TORCHFORT::WANDB: model: critic_0, step: 428, train_loss: 0.109411
TORCHFORT::WANDB: model: critic_0, step: 428, train_lr: 0.001
TORCHFORT::WANDB: model: actor, step: 428, train_loss: 0.659513
TORCHFORT::WANDB: model: actor, step: 428, train_lr: 0.001
TORCHFORT::WANDB: model: alpha, step: 428, train_loss: -2.79139
TORCHFORT::WANDB: model: alpha, step: 428, train_lr: 0.0001
TORCHFORT::WANDB: model: critic_0, step: 429, train_loss: 0.105847
TORCHFORT::WANDB: model: critic_0, step: 429, train_lr: 0.001
TORCHFORT::WANDB: model: actor, step: 429, train_loss: 0.677397
TORCHFORT::WANDB: model: actor, step: 429, train_lr: 0.001
TORCHFORT::WANDB: model: alpha, step: 429, train_loss: -2.79201
TORCHFORT::WANDB: model: alpha, step: 429, train_lr: 0.0001
TORCHFORT::WANDB: model: critic_0, step: 430, train_loss: 0.105132
TORCHFORT::WANDB: model: critic_0, step: 430, train_lr: 0.001
TORCHFORT::WANDB: model: actor, step: 430, train_loss: 0.659748
TORCHFORT::WANDB: model: actor, step: 430, train_lr: 0.001
TORCHFORT::WANDB: model: alpha, step: 430, train_loss: -2.79582
TORCHFORT::WANDB: model: alpha, step: 430, train_lr: 0.0001
TORCHFORT::WANDB: model: critic_0, step: 431, train_loss: 0.108376
TORCHFORT::WANDB: model: critic_0, step: 431, train_lr: 0.001
TORCHFORT::WANDB: model: actor, step: 431, train_loss: 0.635639
TORCHFORT::WANDB: model: actor, step: 431, train_lr: 0.001
TORCHFORT::WANDB: model: alpha, step: 431, train_loss: -2.7924
TORCHFORT::WANDB: model: alpha, step: 431, train_lr: 0.0001
TORCHFORT::WANDB: model: critic_0, step: 432, train_loss: 0.103141
TORCHFORT::WANDB: model: critic_0, step: 432, train_lr: 0.001
TORCHFORT::WANDB: model: actor, step: 432, train_loss: 0.660515
TORCHFORT::WANDB: model: actor, step: 432, train_lr: 0.001
TORCHFORT::WANDB: model: alpha, step: 432, train_loss: -2.79461
TORCHFORT::WANDB: model: alpha, step: 432, train_lr: 0.0001
TORCHFORT::WANDB: model: critic_0, step: 433, train_loss: 0.103485
TORCHFORT::WANDB: model: critic_0, step: 433, train_lr: 0.001
TORCHFORT::WANDB: model: actor, step: 433, train_loss: 0.680528
TORCHFORT::WANDB: model: actor, step: 433, train_lr: 0.001
TORCHFORT::WANDB: model: alpha, step: 433, train_loss: -2.78815
TORCHFORT::WANDB: model: alpha, step: 433, train_lr: 0.0001
TORCHFORT::WANDB: model: critic_0, step: 434, train_loss: 0.102112
TORCHFORT::WANDB: model: critic_0, step: 434, train_lr: 0.001
TORCHFORT::WANDB: model: actor, step: 434, train_loss: 0.654132
TORCHFORT::WANDB: model: actor, step: 434, train_lr: 0.001
TORCHFORT::WANDB: model: alpha, step: 434, train_loss: -2.80054
TORCHFORT::WANDB: model: alpha, step: 434, train_lr: 0.0001
TORCHFORT::WANDB: model: critic_0, step: 435, train_loss: 0.10399
TORCHFORT::WANDB: model: critic_0, step: 435, train_lr: 0.001
TORCHFORT::WANDB: model: actor, step: 435, train_loss: 0.629273
TORCHFORT::WANDB: model: actor, step: 435, train_lr: 0.001
TORCHFORT::WANDB: model: alpha, step: 435, train_loss: -2.78042
TORCHFORT::WANDB: model: alpha, step: 435, train_lr: 0.0001
TORCHFORT::WANDB: model: critic_0, step: 436, train_loss: 0.107584
TORCHFORT::WANDB: model: critic_0, step: 436, train_lr: 0.001
TORCHFORT::WANDB: model: actor, step: 436, train_loss: 0.641393
TORCHFORT::WANDB: model: actor, step: 436, train_lr: 0.001
TORCHFORT::WANDB: model: alpha, step: 436, train_loss: -2.7962
TORCHFORT::WANDB: model: alpha, step: 436, train_lr: 0.0001
TORCHFORT::WANDB: model: critic_0, step: 437, train_loss: 0.0993092
TORCHFORT::WANDB: model: critic_0, step: 437, train_lr: 0.001
TORCHFORT::WANDB: model: actor, step: 437, train_loss: 0.675725
TORCHFORT::WANDB: model: actor, step: 437, train_lr: 0.001
TORCHFORT::WANDB: model: alpha, step: 437, train_loss: -2.79679
TORCHFORT::WANDB: model: alpha, step: 437, train_lr: 0.0001
TORCHFORT::WANDB: model: critic_0, step: 438, train_loss: 0.0998244
TORCHFORT::WANDB: model: critic_0, step: 438, train_lr: 0.001
TORCHFORT::WANDB: model: actor, step: 438, train_loss: 0.656803
TORCHFORT::WANDB: model: actor, step: 438, train_lr: 0.001
TORCHFORT::WANDB: model: alpha, step: 438, train_loss: -2.80346
TORCHFORT::WANDB: model: alpha, step: 438, train_lr: 0.0001
TORCHFORT::WANDB: model: critic_0, step: 439, train_loss: 0.104414
TORCHFORT::WANDB: model: critic_0, step: 439, train_lr: 0.001
TORCHFORT::WANDB: model: actor, step: 439, train_loss: 0.620951
TORCHFORT::WANDB: model: actor, step: 439, train_lr: 0.001
TORCHFORT::WANDB: model: alpha, step: 439, train_loss: -2.80462
TORCHFORT::WANDB: model: alpha, step: 439, train_lr: 0.0001
TORCHFORT::WANDB: model: critic_0, step: 440, train_loss: 0.10693
TORCHFORT::WANDB: model: critic_0, step: 440, train_lr: 0.001
TORCHFORT::WANDB: model: actor, step: 440, train_loss: 0.624444
TORCHFORT::WANDB: model: actor, step: 440, train_lr: 0.001
TORCHFORT::WANDB: model: alpha, step: 440, train_loss: -2.80081
TORCHFORT::WANDB: model: alpha, step: 440, train_lr: 0.0001
TORCHFORT::WANDB: model: rlwm, step: 32, reward_sum: 3319.83
TORCHFORT::WANDB: model: rlwm, step: 32, reward_sum: 3319.83
TORCHFORT::WANDB: model: rlwm, step: 32, reward_sum: 3319.83
TORCHFORT::WANDB: model: rlwm, step: 32, reward_sum: 3319.83
TORCHFORT::WANDB: model: critic_0, step: 441, train_loss: 0.104897
TORCHFORT::WANDB: model: critic_0, step: 441, train_lr: 0.001
TORCHFORT::WANDB: model: actor, step: 441, train_loss: 0.677408
TORCHFORT::WANDB: model: actor, step: 441, train_lr: 0.001
TORCHFORT::WANDB: model: alpha, step: 441, train_loss: -2.80278
TORCHFORT::WANDB: model: alpha, step: 441, train_lr: 0.0001
TORCHFORT::WANDB: model: critic_0, step: 442, train_loss: 0.109253
TORCHFORT::WANDB: model: critic_0, step: 442, train_lr: 0.001
TORCHFORT::WANDB: model: actor, step: 442, train_loss: 0.658282
TORCHFORT::WANDB: model: actor, step: 442, train_lr: 0.001
TORCHFORT::WANDB: model: alpha, step: 442, train_loss: -2.79531
TORCHFORT::WANDB: model: alpha, step: 442, train_lr: 0.0001
TORCHFORT::WANDB: model: critic_0, step: 443, train_loss: 0.108969
TORCHFORT::WANDB: model: critic_0, step: 443, train_lr: 0.001
TORCHFORT::WANDB: model: actor, step: 443, train_loss: 0.626303
TORCHFORT::WANDB: model: actor, step: 443, train_lr: 0.001
TORCHFORT::WANDB: model: alpha, step: 443, train_loss: -2.80282
TORCHFORT::WANDB: model: alpha, step: 443, train_lr: 0.0001
TORCHFORT::WANDB: model: critic_0, step: 444, train_loss: 0.109471
TORCHFORT::WANDB: model: critic_0, step: 444, train_lr: 0.001
TORCHFORT::WANDB: model: actor, step: 444, train_loss: 0.641932
TORCHFORT::WANDB: model: actor, step: 444, train_lr: 0.001
TORCHFORT::WANDB: model: alpha, step: 444, train_loss: -2.79093
TORCHFORT::WANDB: model: alpha, step: 444, train_lr: 0.0001
TORCHFORT::WANDB: model: critic_0, step: 445, train_loss: 0.106122
TORCHFORT::WANDB: model: critic_0, step: 445, train_lr: 0.001
TORCHFORT::WANDB: model: actor, step: 445, train_loss: 0.672408
TORCHFORT::WANDB: model: actor, step: 445, train_lr: 0.001
TORCHFORT::WANDB: model: alpha, step: 445, train_loss: -2.79279
TORCHFORT::WANDB: model: alpha, step: 445, train_lr: 0.0001
TORCHFORT::WANDB: model: critic_0, step: 446, train_loss: 0.107436
TORCHFORT::WANDB: model: critic_0, step: 446, train_lr: 0.001
TORCHFORT::WANDB: model: actor, step: 446, train_loss: 0.642783
TORCHFORT::WANDB: model: actor, step: 446, train_lr: 0.001
TORCHFORT::WANDB: model: alpha, step: 446, train_loss: -2.79191
TORCHFORT::WANDB: model: alpha, step: 446, train_lr: 0.0001
TORCHFORT::WANDB: model: critic_0, step: 447, train_loss: 0.0998138
TORCHFORT::WANDB: model: critic_0, step: 447, train_lr: 0.001
TORCHFORT::WANDB: model: actor, step: 447, train_loss: 0.634066
TORCHFORT::WANDB: model: actor, step: 447, train_lr: 0.001
TORCHFORT::WANDB: model: alpha, step: 447, train_loss: -2.80346
TORCHFORT::WANDB: model: alpha, step: 447, train_lr: 0.0001
TORCHFORT::WANDB: model: critic_0, step: 448, train_loss: 0.108195
TORCHFORT::WANDB: model: critic_0, step: 448, train_lr: 0.001
TORCHFORT::WANDB: model: actor, step: 448, train_loss: 0.63996
TORCHFORT::WANDB: model: actor, step: 448, train_lr: 0.001
TORCHFORT::WANDB: model: alpha, step: 448, train_loss: -2.80234
TORCHFORT::WANDB: model: alpha, step: 448, train_lr: 0.0001
TORCHFORT::WANDB: model: critic_0, step: 449, train_loss: 0.101119
TORCHFORT::WANDB: model: critic_0, step: 449, train_lr: 0.001
TORCHFORT::WANDB: model: actor, step: 449, train_loss: 0.656796
TORCHFORT::WANDB: model: actor, step: 449, train_lr: 0.001
TORCHFORT::WANDB: model: alpha, step: 449, train_loss: -2.79869
TORCHFORT::WANDB: model: alpha, step: 449, train_lr: 0.0001
TORCHFORT::WANDB: model: critic_0, step: 450, train_loss: 0.101742
TORCHFORT::WANDB: model: critic_0, step: 450, train_lr: 0.001
TORCHFORT::WANDB: model: actor, step: 450, train_loss: 0.660694
TORCHFORT::WANDB: model: actor, step: 450, train_lr: 0.001
TORCHFORT::WANDB: model: alpha, step: 450, train_loss: -2.79312
TORCHFORT::WANDB: model: alpha, step: 450, train_lr: 0.0001
TORCHFORT::WANDB: model: critic_0, step: 451, train_loss: 0.102954
TORCHFORT::WANDB: model: critic_0, step: 451, train_lr: 0.001
TORCHFORT::WANDB: model: actor, step: 451, train_loss: 0.619502
TORCHFORT::WANDB: model: actor, step: 451, train_lr: 0.001
TORCHFORT::WANDB: model: alpha, step: 451, train_loss: -2.79569
TORCHFORT::WANDB: model: alpha, step: 451, train_lr: 0.0001
TORCHFORT::WANDB: model: critic_0, step: 452, train_loss: 0.101667
TORCHFORT::WANDB: model: critic_0, step: 452, train_lr: 0.001
TORCHFORT::WANDB: model: actor, step: 452, train_loss: 0.616244
TORCHFORT::WANDB: model: actor, step: 452, train_lr: 0.001
TORCHFORT::WANDB: model: alpha, step: 452, train_loss: -2.80328
TORCHFORT::WANDB: model: alpha, step: 452, train_lr: 0.0001
TORCHFORT::WANDB: model: critic_0, step: 453, train_loss: 0.0992779
TORCHFORT::WANDB: model: critic_0, step: 453, train_lr: 0.001
TORCHFORT::WANDB: model: actor, step: 453, train_loss: 0.642569
TORCHFORT::WANDB: model: actor, step: 453, train_lr: 0.001
TORCHFORT::WANDB: model: alpha, step: 453, train_loss: -2.80093
TORCHFORT::WANDB: model: alpha, step: 453, train_lr: 0.0001
TORCHFORT::WANDB: model: critic_0, step: 454, train_loss: 0.102364
TORCHFORT::WANDB: model: critic_0, step: 454, train_lr: 0.001
TORCHFORT::WANDB: model: actor, step: 454, train_loss: 0.654582
TORCHFORT::WANDB: model: actor, step: 454, train_lr: 0.001
TORCHFORT::WANDB: model: alpha, step: 454, train_loss: -2.80678
TORCHFORT::WANDB: model: alpha, step: 454, train_lr: 0.0001
TORCHFORT::WANDB: model: critic_0, step: 455, train_loss: 0.104629
TORCHFORT::WANDB: model: critic_0, step: 455, train_lr: 0.001
TORCHFORT::WANDB: model: actor, step: 455, train_loss: 0.607344
TORCHFORT::WANDB: model: actor, step: 455, train_lr: 0.001
TORCHFORT::WANDB: model: alpha, step: 455, train_loss: -2.80758
TORCHFORT::WANDB: model: alpha, step: 455, train_lr: 0.0001
TORCHFORT::WANDB: model: critic_0, step: 456, train_loss: 0.0995659
TORCHFORT::WANDB: model: critic_0, step: 456, train_lr: 0.001
TORCHFORT::WANDB: model: actor, step: 456, train_loss: 0.614494
TORCHFORT::WANDB: model: actor, step: 456, train_lr: 0.001
TORCHFORT::WANDB: model: alpha, step: 456, train_loss: -2.80067
TORCHFORT::WANDB: model: alpha, step: 456, train_lr: 0.0001
TORCHFORT::WANDB: model: critic_0, step: 457, train_loss: 0.101159
TORCHFORT::WANDB: model: critic_0, step: 457, train_lr: 0.001
TORCHFORT::WANDB: model: actor, step: 457, train_loss: 0.652444
TORCHFORT::WANDB: model: actor, step: 457, train_lr: 0.001
TORCHFORT::WANDB: model: alpha, step: 457, train_loss: -2.80405
TORCHFORT::WANDB: model: alpha, step: 457, train_lr: 0.0001
TORCHFORT::WANDB: model: critic_0, step: 458, train_loss: 0.0986929
TORCHFORT::WANDB: model: critic_0, step: 458, train_lr: 0.001
TORCHFORT::WANDB: model: actor, step: 458, train_loss: 0.634744
TORCHFORT::WANDB: model: actor, step: 458, train_lr: 0.001
TORCHFORT::WANDB: model: alpha, step: 458, train_loss: -2.80475
TORCHFORT::WANDB: model: alpha, step: 458, train_lr: 0.0001
TORCHFORT::WANDB: model: critic_0, step: 459, train_loss: 0.104467
TORCHFORT::WANDB: model: critic_0, step: 459, train_lr: 0.001
TORCHFORT::WANDB: model: actor, step: 459, train_loss: 0.600882
TORCHFORT::WANDB: model: actor, step: 459, train_lr: 0.001
TORCHFORT::WANDB: model: alpha, step: 459, train_loss: -2.80075
TORCHFORT::WANDB: model: alpha, step: 459, train_lr: 0.0001
TORCHFORT::WANDB: model: critic_0, step: 460, train_loss: 0.100605
TORCHFORT::WANDB: model: critic_0, step: 460, train_lr: 0.001
TORCHFORT::WANDB: model: actor, step: 460, train_loss: 0.608854
TORCHFORT::WANDB: model: actor, step: 460, train_lr: 0.001
TORCHFORT::WANDB: model: alpha, step: 460, train_loss: -2.80481
TORCHFORT::WANDB: model: alpha, step: 460, train_lr: 0.0001
TORCHFORT::WANDB: model: rlwm, step: 33, reward_sum: 3221.61
TORCHFORT::WANDB: model: rlwm, step: 33, reward_sum: 3221.61
TORCHFORT::WANDB: model: rlwm, step: 33, reward_sum: 3221.61
TORCHFORT::WANDB: model: rlwm, step: 33, reward_sum: 3221.61
TORCHFORT::WANDB: model: critic_0, step: 461, train_loss: 0.103268
TORCHFORT::WANDB: model: critic_0, step: 461, train_lr: 0.001
TORCHFORT::WANDB: model: actor, step: 461, train_loss: 0.656462
TORCHFORT::WANDB: model: actor, step: 461, train_lr: 0.001
TORCHFORT::WANDB: model: alpha, step: 461, train_loss: -2.80122
TORCHFORT::WANDB: model: alpha, step: 461, train_lr: 0.0001
TORCHFORT::WANDB: model: critic_0, step: 462, train_loss: 0.105341
TORCHFORT::WANDB: model: critic_0, step: 462, train_lr: 0.001
TORCHFORT::WANDB: model: actor, step: 462, train_loss: 0.625672
TORCHFORT::WANDB: model: actor, step: 462, train_lr: 0.001
TORCHFORT::WANDB: model: alpha, step: 462, train_loss: -2.80911
TORCHFORT::WANDB: model: alpha, step: 462, train_lr: 0.0001
TORCHFORT::WANDB: model: critic_0, step: 463, train_loss: 0.105035
TORCHFORT::WANDB: model: critic_0, step: 463, train_lr: 0.001
TORCHFORT::WANDB: model: actor, step: 463, train_loss: 0.602695
TORCHFORT::WANDB: model: actor, step: 463, train_lr: 0.001
TORCHFORT::WANDB: model: alpha, step: 463, train_loss: -2.80179
TORCHFORT::WANDB: model: alpha, step: 463, train_lr: 0.0001
TORCHFORT::WANDB: model: critic_0, step: 464, train_loss: 0.104866
TORCHFORT::WANDB: model: critic_0, step: 464, train_lr: 0.001
TORCHFORT::WANDB: model: actor, step: 464, train_loss: 0.638329
TORCHFORT::WANDB: model: actor, step: 464, train_lr: 0.001
TORCHFORT::WANDB: model: alpha, step: 464, train_loss: -2.80599
TORCHFORT::WANDB: model: alpha, step: 464, train_lr: 0.0001
TORCHFORT::WANDB: model: critic_0, step: 465, train_loss: 0.103131
TORCHFORT::WANDB: model: critic_0, step: 465, train_lr: 0.001
TORCHFORT::WANDB: model: actor, step: 465, train_loss: 0.635969
TORCHFORT::WANDB: model: actor, step: 465, train_lr: 0.001
TORCHFORT::WANDB: model: alpha, step: 465, train_loss: -2.8127
TORCHFORT::WANDB: model: alpha, step: 465, train_lr: 0.0001
TORCHFORT::WANDB: model: critic_0, step: 466, train_loss: 0.100108
TORCHFORT::WANDB: model: critic_0, step: 466, train_lr: 0.001
TORCHFORT::WANDB: model: actor, step: 466, train_loss: 0.610766
TORCHFORT::WANDB: model: actor, step: 466, train_lr: 0.001
TORCHFORT::WANDB: model: alpha, step: 466, train_loss: -2.81036
TORCHFORT::WANDB: model: alpha, step: 466, train_lr: 0.0001
TORCHFORT::WANDB: model: critic_0, step: 467, train_loss: 0.100578
TORCHFORT::WANDB: model: critic_0, step: 467, train_lr: 0.001
TORCHFORT::WANDB: model: actor, step: 467, train_loss: 0.596463
TORCHFORT::WANDB: model: actor, step: 467, train_lr: 0.001
TORCHFORT::WANDB: model: alpha, step: 467, train_loss: -2.8051
TORCHFORT::WANDB: model: alpha, step: 467, train_lr: 0.0001
TORCHFORT::WANDB: model: critic_0, step: 468, train_loss: 0.101304
TORCHFORT::WANDB: model: critic_0, step: 468, train_lr: 0.001
TORCHFORT::WANDB: model: actor, step: 468, train_loss: 0.623225
TORCHFORT::WANDB: model: actor, step: 468, train_lr: 0.001
TORCHFORT::WANDB: model: alpha, step: 468, train_loss: -2.81528
TORCHFORT::WANDB: model: alpha, step: 468, train_lr: 0.0001
TORCHFORT::WANDB: model: critic_0, step: 469, train_loss: 0.102354
TORCHFORT::WANDB: model: critic_0, step: 469, train_lr: 0.001
TORCHFORT::WANDB: model: actor, step: 469, train_loss: 0.622272
TORCHFORT::WANDB: model: actor, step: 469, train_lr: 0.001
TORCHFORT::WANDB: model: alpha, step: 469, train_loss: -2.81332
TORCHFORT::WANDB: model: alpha, step: 469, train_lr: 0.0001
TORCHFORT::WANDB: model: critic_0, step: 470, train_loss: 0.0974379
TORCHFORT::WANDB: model: critic_0, step: 470, train_lr: 0.001
TORCHFORT::WANDB: model: actor, step: 470, train_loss: 0.616248
TORCHFORT::WANDB: model: actor, step: 470, train_lr: 0.001
TORCHFORT::WANDB: model: alpha, step: 470, train_loss: -2.81402
TORCHFORT::WANDB: model: alpha, step: 470, train_lr: 0.0001
TORCHFORT::WANDB: model: critic_0, step: 471, train_loss: 0.10118
TORCHFORT::WANDB: model: critic_0, step: 471, train_lr: 0.001
TORCHFORT::WANDB: model: actor, step: 471, train_loss: 0.601332
TORCHFORT::WANDB: model: actor, step: 471, train_lr: 0.001
TORCHFORT::WANDB: model: alpha, step: 471, train_loss: -2.81198
TORCHFORT::WANDB: model: alpha, step: 471, train_lr: 0.0001
TORCHFORT::WANDB: model: critic_0, step: 472, train_loss: 0.10286
TORCHFORT::WANDB: model: critic_0, step: 472, train_lr: 0.001
TORCHFORT::WANDB: model: actor, step: 472, train_loss: 0.603707
TORCHFORT::WANDB: model: actor, step: 472, train_lr: 0.001
TORCHFORT::WANDB: model: alpha, step: 472, train_loss: -2.80865
TORCHFORT::WANDB: model: alpha, step: 472, train_lr: 0.0001
TORCHFORT::WANDB: model: critic_0, step: 473, train_loss: 0.101715
TORCHFORT::WANDB: model: critic_0, step: 473, train_lr: 0.001
TORCHFORT::WANDB: model: actor, step: 473, train_loss: 0.62192
TORCHFORT::WANDB: model: actor, step: 473, train_lr: 0.001
TORCHFORT::WANDB: model: alpha, step: 473, train_loss: -2.80953
TORCHFORT::WANDB: model: alpha, step: 473, train_lr: 0.0001
TORCHFORT::WANDB: model: critic_0, step: 474, train_loss: 0.0973042
TORCHFORT::WANDB: model: critic_0, step: 474, train_lr: 0.001
TORCHFORT::WANDB: model: actor, step: 474, train_loss: 0.622141
TORCHFORT::WANDB: model: actor, step: 474, train_lr: 0.001
TORCHFORT::WANDB: model: alpha, step: 474, train_loss: -2.80826
TORCHFORT::WANDB: model: alpha, step: 474, train_lr: 0.0001
TORCHFORT::WANDB: model: critic_0, step: 475, train_loss: 0.100892
TORCHFORT::WANDB: model: critic_0, step: 475, train_lr: 0.001
TORCHFORT::WANDB: model: actor, step: 475, train_loss: 0.614631
TORCHFORT::WANDB: model: actor, step: 475, train_lr: 0.001
TORCHFORT::WANDB: model: alpha, step: 475, train_loss: -2.81304
TORCHFORT::WANDB: model: alpha, step: 475, train_lr: 0.0001
TORCHFORT::WANDB: model: critic_0, step: 476, train_loss: 0.0980739
TORCHFORT::WANDB: model: critic_0, step: 476, train_lr: 0.001
TORCHFORT::WANDB: model: actor, step: 476, train_loss: 0.583946
TORCHFORT::WANDB: model: actor, step: 476, train_lr: 0.001
TORCHFORT::WANDB: model: alpha, step: 476, train_loss: -2.81307
TORCHFORT::WANDB: model: alpha, step: 476, train_lr: 0.0001
TORCHFORT::WANDB: model: critic_0, step: 477, train_loss: 0.101222
TORCHFORT::WANDB: model: critic_0, step: 477, train_lr: 0.001
TORCHFORT::WANDB: model: actor, step: 477, train_loss: 0.592341
TORCHFORT::WANDB: model: actor, step: 477, train_lr: 0.001
TORCHFORT::WANDB: model: alpha, step: 477, train_loss: -2.80792
TORCHFORT::WANDB: model: alpha, step: 477, train_lr: 0.0001
TORCHFORT::WANDB: model: critic_0, step: 478, train_loss: 0.0957333
TORCHFORT::WANDB: model: critic_0, step: 478, train_lr: 0.001
TORCHFORT::WANDB: model: actor, step: 478, train_loss: 0.614271
TORCHFORT::WANDB: model: actor, step: 478, train_lr: 0.001
TORCHFORT::WANDB: model: alpha, step: 478, train_loss: -2.80428
TORCHFORT::WANDB: model: alpha, step: 478, train_lr: 0.0001
TORCHFORT::WANDB: model: critic_0, step: 479, train_loss: 0.0965481
TORCHFORT::WANDB: model: critic_0, step: 479, train_lr: 0.001
TORCHFORT::WANDB: model: actor, step: 479, train_loss: 0.597954
TORCHFORT::WANDB: model: actor, step: 479, train_lr: 0.001
TORCHFORT::WANDB: model: alpha, step: 479, train_loss: -2.80948
TORCHFORT::WANDB: model: alpha, step: 479, train_lr: 0.0001
TORCHFORT::WANDB: model: critic_0, step: 480, train_loss: 0.0962194
TORCHFORT::WANDB: model: critic_0, step: 480, train_lr: 0.001
TORCHFORT::WANDB: model: actor, step: 480, train_loss: 0.569715
TORCHFORT::WANDB: model: actor, step: 480, train_lr: 0.001
TORCHFORT::WANDB: model: alpha, step: 480, train_loss: -2.81369
TORCHFORT::WANDB: model: alpha, step: 480, train_lr: 0.0001
TORCHFORT::WANDB: model: rlwm, step: 34, reward_sum: 3342.38
TORCHFORT::WANDB: model: rlwm, step: 34, reward_sum: 3342.38
TORCHFORT::WANDB: model: rlwm, step: 34, reward_sum: 3342.38
TORCHFORT::WANDB: model: rlwm, step: 34, reward_sum: 3342.38
TORCHFORT::WANDB: model: critic_0, step: 481, train_loss: 0.103189
TORCHFORT::WANDB: model: critic_0, step: 481, train_lr: 0.001
TORCHFORT::WANDB: model: actor, step: 481, train_loss: 0.606453
TORCHFORT::WANDB: model: actor, step: 481, train_lr: 0.001
TORCHFORT::WANDB: model: alpha, step: 481, train_loss: -2.81035
TORCHFORT::WANDB: model: alpha, step: 481, train_lr: 0.0001
TORCHFORT::WANDB: model: critic_0, step: 482, train_loss: 0.0979755
TORCHFORT::WANDB: model: critic_0, step: 482, train_lr: 0.001
TORCHFORT::WANDB: model: actor, step: 482, train_loss: 0.634966
TORCHFORT::WANDB: model: actor, step: 482, train_lr: 0.001
TORCHFORT::WANDB: model: alpha, step: 482, train_loss: -2.81268
TORCHFORT::WANDB: model: alpha, step: 482, train_lr: 0.0001
TORCHFORT::WANDB: model: critic_0, step: 483, train_loss: 0.106913
TORCHFORT::WANDB: model: critic_0, step: 483, train_lr: 0.001
TORCHFORT::WANDB: model: actor, step: 483, train_loss: 0.591956
TORCHFORT::WANDB: model: actor, step: 483, train_lr: 0.001
TORCHFORT::WANDB: model: alpha, step: 483, train_loss: -2.81677
TORCHFORT::WANDB: model: alpha, step: 483, train_lr: 0.0001
TORCHFORT::WANDB: model: critic_0, step: 484, train_loss: 0.0960558
TORCHFORT::WANDB: model: critic_0, step: 484, train_lr: 0.001
TORCHFORT::WANDB: model: actor, step: 484, train_loss: 0.581977
TORCHFORT::WANDB: model: actor, step: 484, train_lr: 0.001
TORCHFORT::WANDB: model: alpha, step: 484, train_loss: -2.80738
TORCHFORT::WANDB: model: alpha, step: 484, train_lr: 0.0001
TORCHFORT::WANDB: model: critic_0, step: 485, train_loss: 0.100309
TORCHFORT::WANDB: model: critic_0, step: 485, train_lr: 0.001
TORCHFORT::WANDB: model: actor, step: 485, train_loss: 0.609608
TORCHFORT::WANDB: model: actor, step: 485, train_lr: 0.001
TORCHFORT::WANDB: model: alpha, step: 485, train_loss: -2.81117
TORCHFORT::WANDB: model: alpha, step: 485, train_lr: 0.0001
TORCHFORT::WANDB: model: critic_0, step: 486, train_loss: 0.107628
TORCHFORT::WANDB: model: critic_0, step: 486, train_lr: 0.001
TORCHFORT::WANDB: model: actor, step: 486, train_loss: 0.592033
TORCHFORT::WANDB: model: actor, step: 486, train_lr: 0.001
TORCHFORT::WANDB: model: alpha, step: 486, train_loss: -2.81828
TORCHFORT::WANDB: model: alpha, step: 486, train_lr: 0.0001
TORCHFORT::WANDB: model: critic_0, step: 487, train_loss: 0.103184
TORCHFORT::WANDB: model: critic_0, step: 487, train_lr: 0.001
TORCHFORT::WANDB: model: actor, step: 487, train_loss: 0.580055
TORCHFORT::WANDB: model: actor, step: 487, train_lr: 0.001
TORCHFORT::WANDB: model: alpha, step: 487, train_loss: -2.8162
TORCHFORT::WANDB: model: alpha, step: 487, train_lr: 0.0001
TORCHFORT::WANDB: model: critic_0, step: 488, train_loss: 0.0937116
TORCHFORT::WANDB: model: critic_0, step: 488, train_lr: 0.001
TORCHFORT::WANDB: model: actor, step: 488, train_loss: 0.606105
TORCHFORT::WANDB: model: actor, step: 488, train_lr: 0.001
TORCHFORT::WANDB: model: alpha, step: 488, train_loss: -2.82207
TORCHFORT::WANDB: model: alpha, step: 488, train_lr: 0.0001
TORCHFORT::WANDB: model: critic_0, step: 489, train_loss: 0.0937886
TORCHFORT::WANDB: model: critic_0, step: 489, train_lr: 0.001
TORCHFORT::WANDB: model: actor, step: 489, train_loss: 0.612563
TORCHFORT::WANDB: model: actor, step: 489, train_lr: 0.001
TORCHFORT::WANDB: model: alpha, step: 489, train_loss: -2.81681
TORCHFORT::WANDB: model: alpha, step: 489, train_lr: 0.0001
TORCHFORT::WANDB: model: critic_0, step: 490, train_loss: 0.0973141
TORCHFORT::WANDB: model: critic_0, step: 490, train_lr: 0.001
TORCHFORT::WANDB: model: actor, step: 490, train_loss: 0.590036
TORCHFORT::WANDB: model: actor, step: 490, train_lr: 0.001
TORCHFORT::WANDB: model: alpha, step: 490, train_loss: -2.82638
TORCHFORT::WANDB: model: alpha, step: 490, train_lr: 0.0001
TORCHFORT::WANDB: model: critic_0, step: 491, train_loss: 0.0962549
TORCHFORT::WANDB: model: critic_0, step: 491, train_lr: 0.001
TORCHFORT::WANDB: model: actor, step: 491, train_loss: 0.566943
TORCHFORT::WANDB: model: actor, step: 491, train_lr: 0.001
TORCHFORT::WANDB: model: alpha, step: 491, train_loss: -2.82165
TORCHFORT::WANDB: model: alpha, step: 491, train_lr: 0.0001
TORCHFORT::WANDB: model: critic_0, step: 492, train_loss: 0.0952173
TORCHFORT::WANDB: model: critic_0, step: 492, train_lr: 0.001
TORCHFORT::WANDB: model: actor, step: 492, train_loss: 0.613188
TORCHFORT::WANDB: model: actor, step: 492, train_lr: 0.001
TORCHFORT::WANDB: model: alpha, step: 492, train_loss: -2.81833
TORCHFORT::WANDB: model: alpha, step: 492, train_lr: 0.0001
TORCHFORT::WANDB: model: critic_0, step: 493, train_loss: 0.100709
TORCHFORT::WANDB: model: critic_0, step: 493, train_lr: 0.001
TORCHFORT::WANDB: model: actor, step: 493, train_loss: 0.594092
TORCHFORT::WANDB: model: actor, step: 493, train_lr: 0.001
TORCHFORT::WANDB: model: alpha, step: 493, train_loss: -2.81453
TORCHFORT::WANDB: model: alpha, step: 493, train_lr: 0.0001
TORCHFORT::WANDB: model: critic_0, step: 494, train_loss: 0.0894734
TORCHFORT::WANDB: model: critic_0, step: 494, train_lr: 0.001
TORCHFORT::WANDB: model: actor, step: 494, train_loss: 0.576771
TORCHFORT::WANDB: model: actor, step: 494, train_lr: 0.001
TORCHFORT::WANDB: model: alpha, step: 494, train_loss: -2.81406
TORCHFORT::WANDB: model: alpha, step: 494, train_lr: 0.0001
TORCHFORT::WANDB: model: critic_0, step: 495, train_loss: 0.0892622
TORCHFORT::WANDB: model: critic_0, step: 495, train_lr: 0.001
TORCHFORT::WANDB: model: actor, step: 495, train_loss: 0.580508
TORCHFORT::WANDB: model: actor, step: 495, train_lr: 0.001
TORCHFORT::WANDB: model: alpha, step: 495, train_loss: -2.81962
TORCHFORT::WANDB: model: alpha, step: 495, train_lr: 0.0001
TORCHFORT::WANDB: model: critic_0, step: 496, train_loss: 0.0950503
TORCHFORT::WANDB: model: critic_0, step: 496, train_lr: 0.001
TORCHFORT::WANDB: model: actor, step: 496, train_loss: 0.578424
TORCHFORT::WANDB: model: actor, step: 496, train_lr: 0.001
TORCHFORT::WANDB: model: alpha, step: 496, train_loss: -2.81384
TORCHFORT::WANDB: model: alpha, step: 496, train_lr: 0.0001
TORCHFORT::WANDB: model: critic_0, step: 497, train_loss: 0.0963343
TORCHFORT::WANDB: model: critic_0, step: 497, train_lr: 0.001
TORCHFORT::WANDB: model: actor, step: 497, train_loss: 0.568036
TORCHFORT::WANDB: model: actor, step: 497, train_lr: 0.001
TORCHFORT::WANDB: model: alpha, step: 497, train_loss: -2.81456
TORCHFORT::WANDB: model: alpha, step: 497, train_lr: 0.0001
TORCHFORT::WANDB: model: critic_0, step: 498, train_loss: 0.0946197
TORCHFORT::WANDB: model: critic_0, step: 498, train_lr: 0.001
TORCHFORT::WANDB: model: actor, step: 498, train_loss: 0.576718
TORCHFORT::WANDB: model: actor, step: 498, train_lr: 0.001
TORCHFORT::WANDB: model: alpha, step: 498, train_loss: -2.81709
TORCHFORT::WANDB: model: alpha, step: 498, train_lr: 0.0001
TORCHFORT::WANDB: model: critic_0, step: 499, train_loss: 0.0986659
TORCHFORT::WANDB: model: critic_0, step: 499, train_lr: 0.001
TORCHFORT::WANDB: model: actor, step: 499, train_loss: 0.573411
TORCHFORT::WANDB: model: actor, step: 499, train_lr: 0.001
TORCHFORT::WANDB: model: alpha, step: 499, train_loss: -2.8202
TORCHFORT::WANDB: model: alpha, step: 499, train_lr: 0.0001
TORCHFORT::WANDB: model: critic_0, step: 500, train_loss: 0.0947893
TORCHFORT::WANDB: model: critic_0, step: 500, train_lr: 0.001
TORCHFORT::WANDB: model: actor, step: 500, train_loss: 0.564337
TORCHFORT::WANDB: model: actor, step: 500, train_lr: 0.001
TORCHFORT::WANDB: model: alpha, step: 500, train_loss: -2.81931
TORCHFORT::WANDB: model: alpha, step: 500, train_lr: 0.0001
TORCHFORT::WANDB: model: rlwm, step: 35, reward_sum: 3208.96
TORCHFORT::WANDB: model: rlwm, step: 35, reward_sum: 3208.96
TORCHFORT::WANDB: model: rlwm, step: 35, reward_sum: 3208.96
TORCHFORT::WANDB: model: rlwm, step: 35, reward_sum: 3208.96
TORCHFORT::WANDB: model: critic_0, step: 501, train_loss: 0.0917003
TORCHFORT::WANDB: model: critic_0, step: 501, train_lr: 0.001
TORCHFORT::WANDB: model: actor, step: 501, train_loss: 0.591774
TORCHFORT::WANDB: model: actor, step: 501, train_lr: 0.001
TORCHFORT::WANDB: model: alpha, step: 501, train_loss: -2.82144
TORCHFORT::WANDB: model: alpha, step: 501, train_lr: 0.0001
TORCHFORT::WANDB: model: critic_0, step: 502, train_loss: 0.0990384
TORCHFORT::WANDB: model: critic_0, step: 502, train_lr: 0.001
TORCHFORT::WANDB: model: actor, step: 502, train_loss: 0.577229
TORCHFORT::WANDB: model: actor, step: 502, train_lr: 0.001
TORCHFORT::WANDB: model: alpha, step: 502, train_loss: -2.82356
TORCHFORT::WANDB: model: alpha, step: 502, train_lr: 0.0001
TORCHFORT::WANDB: model: critic_0, step: 503, train_loss: 0.0955912
TORCHFORT::WANDB: model: critic_0, step: 503, train_lr: 0.001
TORCHFORT::WANDB: model: actor, step: 503, train_loss: 0.566874
TORCHFORT::WANDB: model: actor, step: 503, train_lr: 0.001
TORCHFORT::WANDB: model: alpha, step: 503, train_loss: -2.81439
TORCHFORT::WANDB: model: alpha, step: 503, train_lr: 0.0001
TORCHFORT::WANDB: model: critic_0, step: 504, train_loss: 0.100106
TORCHFORT::WANDB: model: critic_0, step: 504, train_lr: 0.001
TORCHFORT::WANDB: model: actor, step: 504, train_loss: 0.588651
TORCHFORT::WANDB: model: actor, step: 504, train_lr: 0.001
TORCHFORT::WANDB: model: alpha, step: 504, train_loss: -2.81372
TORCHFORT::WANDB: model: alpha, step: 504, train_lr: 0.0001
TORCHFORT::WANDB: model: critic_0, step: 505, train_loss: 0.0955365
TORCHFORT::WANDB: model: critic_0, step: 505, train_lr: 0.001
TORCHFORT::WANDB: model: actor, step: 505, train_loss: 0.580596
TORCHFORT::WANDB: model: actor, step: 505, train_lr: 0.001
TORCHFORT::WANDB: model: alpha, step: 505, train_loss: -2.82063
TORCHFORT::WANDB: model: alpha, step: 505, train_lr: 0.0001
TORCHFORT::WANDB: model: critic_0, step: 506, train_loss: 0.09477
TORCHFORT::WANDB: model: critic_0, step: 506, train_lr: 0.001
TORCHFORT::WANDB: model: actor, step: 506, train_loss: 0.574902
TORCHFORT::WANDB: model: actor, step: 506, train_lr: 0.001
TORCHFORT::WANDB: model: alpha, step: 506, train_loss: -2.82191
TORCHFORT::WANDB: model: alpha, step: 506, train_lr: 0.0001
TORCHFORT::WANDB: model: critic_0, step: 507, train_loss: 0.0930395
TORCHFORT::WANDB: model: critic_0, step: 507, train_lr: 0.001
TORCHFORT::WANDB: model: actor, step: 507, train_loss: 0.565685
TORCHFORT::WANDB: model: actor, step: 507, train_lr: 0.001
TORCHFORT::WANDB: model: alpha, step: 507, train_loss: -2.82181
TORCHFORT::WANDB: model: alpha, step: 507, train_lr: 0.0001
TORCHFORT::WANDB: model: critic_0, step: 508, train_loss: 0.099348
TORCHFORT::WANDB: model: critic_0, step: 508, train_lr: 0.001
TORCHFORT::WANDB: model: actor, step: 508, train_loss: 0.564574
TORCHFORT::WANDB: model: actor, step: 508, train_lr: 0.001
TORCHFORT::WANDB: model: alpha, step: 508, train_loss: -2.81672
TORCHFORT::WANDB: model: alpha, step: 508, train_lr: 0.0001
TORCHFORT::WANDB: model: critic_0, step: 509, train_loss: 0.0970128
TORCHFORT::WANDB: model: critic_0, step: 509, train_lr: 0.001
TORCHFORT::WANDB: model: actor, step: 509, train_loss: 0.554245
TORCHFORT::WANDB: model: actor, step: 509, train_lr: 0.001
TORCHFORT::WANDB: model: alpha, step: 509, train_loss: -2.822
TORCHFORT::WANDB: model: alpha, step: 509, train_lr: 0.0001
TORCHFORT::WANDB: model: critic_0, step: 510, train_loss: 0.0968639
TORCHFORT::WANDB: model: critic_0, step: 510, train_lr: 0.001
TORCHFORT::WANDB: model: actor, step: 510, train_loss: 0.568377
TORCHFORT::WANDB: model: actor, step: 510, train_lr: 0.001
TORCHFORT::WANDB: model: alpha, step: 510, train_loss: -2.82167
TORCHFORT::WANDB: model: alpha, step: 510, train_lr: 0.0001
TORCHFORT::WANDB: model: critic_0, step: 511, train_loss: 0.100627
TORCHFORT::WANDB: model: critic_0, step: 511, train_lr: 0.001
TORCHFORT::WANDB: model: actor, step: 511, train_loss: 0.563407
TORCHFORT::WANDB: model: actor, step: 511, train_lr: 0.001
TORCHFORT::WANDB: model: alpha, step: 511, train_loss: -2.82568
TORCHFORT::WANDB: model: alpha, step: 511, train_lr: 0.0001
TORCHFORT::WANDB: model: critic_0, step: 512, train_loss: 0.0937841
TORCHFORT::WANDB: model: critic_0, step: 512, train_lr: 0.001
TORCHFORT::WANDB: model: actor, step: 512, train_loss: 0.55009
TORCHFORT::WANDB: model: actor, step: 512, train_lr: 0.001
TORCHFORT::WANDB: model: alpha, step: 512, train_loss: -2.8299
TORCHFORT::WANDB: model: alpha, step: 512, train_lr: 0.0001
TORCHFORT::WANDB: model: critic_0, step: 513, train_loss: 0.0919551
TORCHFORT::WANDB: model: critic_0, step: 513, train_lr: 0.001
TORCHFORT::WANDB: model: actor, step: 513, train_loss: 0.57274
TORCHFORT::WANDB: model: actor, step: 513, train_lr: 0.001
TORCHFORT::WANDB: model: alpha, step: 513, train_loss: -2.82995
TORCHFORT::WANDB: model: alpha, step: 513, train_lr: 0.0001
TORCHFORT::WANDB: model: critic_0, step: 514, train_loss: 0.096632
TORCHFORT::WANDB: model: critic_0, step: 514, train_lr: 0.001
TORCHFORT::WANDB: model: actor, step: 514, train_loss: 0.562321
TORCHFORT::WANDB: model: actor, step: 514, train_lr: 0.001
TORCHFORT::WANDB: model: alpha, step: 514, train_loss: -2.82971
TORCHFORT::WANDB: model: alpha, step: 514, train_lr: 0.0001
TORCHFORT::WANDB: model: critic_0, step: 515, train_loss: 0.0945838
TORCHFORT::WANDB: model: critic_0, step: 515, train_lr: 0.001
TORCHFORT::WANDB: model: actor, step: 515, train_loss: 0.54497
TORCHFORT::WANDB: model: actor, step: 515, train_lr: 0.001
TORCHFORT::WANDB: model: alpha, step: 515, train_loss: -2.82557
TORCHFORT::WANDB: model: alpha, step: 515, train_lr: 0.0001
TORCHFORT::WANDB: model: critic_0, step: 516, train_loss: 0.0908616
TORCHFORT::WANDB: model: critic_0, step: 516, train_lr: 0.001
TORCHFORT::WANDB: model: actor, step: 516, train_loss: 0.561608
TORCHFORT::WANDB: model: actor, step: 516, train_lr: 0.001
TORCHFORT::WANDB: model: alpha, step: 516, train_loss: -2.8227
TORCHFORT::WANDB: model: alpha, step: 516, train_lr: 0.0001
TORCHFORT::WANDB: model: critic_0, step: 517, train_loss: 0.0952433
TORCHFORT::WANDB: model: critic_0, step: 517, train_lr: 0.001
TORCHFORT::WANDB: model: actor, step: 517, train_loss: 0.559388
TORCHFORT::WANDB: model: actor, step: 517, train_lr: 0.001
TORCHFORT::WANDB: model: alpha, step: 517, train_loss: -2.82303
TORCHFORT::WANDB: model: alpha, step: 517, train_lr: 0.0001
TORCHFORT::WANDB: model: critic_0, step: 518, train_loss: 0.0954897
TORCHFORT::WANDB: model: critic_0, step: 518, train_lr: 0.001
TORCHFORT::WANDB: model: actor, step: 518, train_loss: 0.547652
TORCHFORT::WANDB: model: actor, step: 518, train_lr: 0.001
TORCHFORT::WANDB: model: alpha, step: 518, train_loss: -2.82339
TORCHFORT::WANDB: model: alpha, step: 518, train_lr: 0.0001
TORCHFORT::WANDB: model: critic_0, step: 519, train_loss: 0.0894795
TORCHFORT::WANDB: model: critic_0, step: 519, train_lr: 0.001
TORCHFORT::WANDB: model: actor, step: 519, train_loss: 0.546442
TORCHFORT::WANDB: model: actor, step: 519, train_lr: 0.001
TORCHFORT::WANDB: model: alpha, step: 519, train_loss: -2.82407
TORCHFORT::WANDB: model: alpha, step: 519, train_lr: 0.0001
TORCHFORT::WANDB: model: critic_0, step: 520, train_loss: 0.094037
TORCHFORT::WANDB: model: critic_0, step: 520, train_lr: 0.001
TORCHFORT::WANDB: model: actor, step: 520, train_loss: 0.552243
TORCHFORT::WANDB: model: actor, step: 520, train_lr: 0.001
TORCHFORT::WANDB: model: alpha, step: 520, train_loss: -2.82561
TORCHFORT::WANDB: model: alpha, step: 520, train_lr: 0.0001
TORCHFORT::WANDB: model: rlwm, step: 36, reward_sum: 3306.77
TORCHFORT::WANDB: model: rlwm, step: 36, reward_sum: 3306.77
TORCHFORT::WANDB: model: rlwm, step: 36, reward_sum: 3306.77
TORCHFORT::WANDB: model: rlwm, step: 36, reward_sum: 3306.77
TORCHFORT::WANDB: model: critic_0, step: 521, train_loss: 0.0989406
TORCHFORT::WANDB: model: critic_0, step: 521, train_lr: 0.001
TORCHFORT::WANDB: model: actor, step: 521, train_loss: 0.567241
TORCHFORT::WANDB: model: actor, step: 521, train_lr: 0.001
TORCHFORT::WANDB: model: alpha, step: 521, train_loss: -2.8295
TORCHFORT::WANDB: model: alpha, step: 521, train_lr: 0.0001
TORCHFORT::WANDB: model: critic_0, step: 522, train_loss: 0.096058
TORCHFORT::WANDB: model: critic_0, step: 522, train_lr: 0.001
TORCHFORT::WANDB: model: actor, step: 522, train_loss: 0.550892
TORCHFORT::WANDB: model: actor, step: 522, train_lr: 0.001
TORCHFORT::WANDB: model: alpha, step: 522, train_loss: -2.83043
TORCHFORT::WANDB: model: alpha, step: 522, train_lr: 0.0001
TORCHFORT::WANDB: model: critic_0, step: 523, train_loss: 0.0928723
TORCHFORT::WANDB: model: critic_0, step: 523, train_lr: 0.001
TORCHFORT::WANDB: model: actor, step: 523, train_loss: 0.549684
TORCHFORT::WANDB: model: actor, step: 523, train_lr: 0.001
TORCHFORT::WANDB: model: alpha, step: 523, train_loss: -2.82796
TORCHFORT::WANDB: model: alpha, step: 523, train_lr: 0.0001
TORCHFORT::WANDB: model: critic_0, step: 524, train_loss: 0.0936822
TORCHFORT::WANDB: model: critic_0, step: 524, train_lr: 0.001
TORCHFORT::WANDB: model: actor, step: 524, train_loss: 0.565739
TORCHFORT::WANDB: model: actor, step: 524, train_lr: 0.001
TORCHFORT::WANDB: model: alpha, step: 524, train_loss: -2.83208
TORCHFORT::WANDB: model: alpha, step: 524, train_lr: 0.0001
TORCHFORT::WANDB: model: critic_0, step: 525, train_loss: 0.0964287
TORCHFORT::WANDB: model: critic_0, step: 525, train_lr: 0.001
TORCHFORT::WANDB: model: actor, step: 525, train_loss: 0.542676
TORCHFORT::WANDB: model: actor, step: 525, train_lr: 0.001
TORCHFORT::WANDB: model: alpha, step: 525, train_loss: -2.82464
TORCHFORT::WANDB: model: alpha, step: 525, train_lr: 0.0001
TORCHFORT::WANDB: model: critic_0, step: 526, train_loss: 0.0934168
TORCHFORT::WANDB: model: critic_0, step: 526, train_lr: 0.001
TORCHFORT::WANDB: model: actor, step: 526, train_loss: 0.541995
TORCHFORT::WANDB: model: actor, step: 526, train_lr: 0.001
TORCHFORT::WANDB: model: alpha, step: 526, train_loss: -2.8329
TORCHFORT::WANDB: model: alpha, step: 526, train_lr: 0.0001
TORCHFORT::WANDB: model: critic_0, step: 527, train_loss: 0.0933608
TORCHFORT::WANDB: model: critic_0, step: 527, train_lr: 0.001
TORCHFORT::WANDB: model: actor, step: 527, train_loss: 0.542943
TORCHFORT::WANDB: model: actor, step: 527, train_lr: 0.001
TORCHFORT::WANDB: model: alpha, step: 527, train_loss: -2.82974
TORCHFORT::WANDB: model: alpha, step: 527, train_lr: 0.0001
TORCHFORT::WANDB: model: critic_0, step: 528, train_loss: 0.0969041
TORCHFORT::WANDB: model: critic_0, step: 528, train_lr: 0.001
TORCHFORT::WANDB: model: actor, step: 528, train_loss: 0.543569
TORCHFORT::WANDB: model: actor, step: 528, train_lr: 0.001
TORCHFORT::WANDB: model: alpha, step: 528, train_loss: -2.82692
TORCHFORT::WANDB: model: alpha, step: 528, train_lr: 0.0001
TORCHFORT::WANDB: model: critic_0, step: 529, train_loss: 0.0931608
TORCHFORT::WANDB: model: critic_0, step: 529, train_lr: 0.001
TORCHFORT::WANDB: model: actor, step: 529, train_loss: 0.534929
TORCHFORT::WANDB: model: actor, step: 529, train_lr: 0.001
TORCHFORT::WANDB: model: alpha, step: 529, train_loss: -2.82483
TORCHFORT::WANDB: model: alpha, step: 529, train_lr: 0.0001
TORCHFORT::WANDB: model: critic_0, step: 530, train_loss: 0.0948616
TORCHFORT::WANDB: model: critic_0, step: 530, train_lr: 0.001
TORCHFORT::WANDB: model: actor, step: 530, train_loss: 0.539616
TORCHFORT::WANDB: model: actor, step: 530, train_lr: 0.001
TORCHFORT::WANDB: model: alpha, step: 530, train_loss: -2.8314
TORCHFORT::WANDB: model: alpha, step: 530, train_lr: 0.0001
TORCHFORT::WANDB: model: critic_0, step: 531, train_loss: 0.0955564
TORCHFORT::WANDB: model: critic_0, step: 531, train_lr: 0.001
TORCHFORT::WANDB: model: actor, step: 531, train_loss: 0.544084
TORCHFORT::WANDB: model: actor, step: 531, train_lr: 0.001
TORCHFORT::WANDB: model: alpha, step: 531, train_loss: -2.83142
TORCHFORT::WANDB: model: alpha, step: 531, train_lr: 0.0001
TORCHFORT::WANDB: model: critic_0, step: 532, train_loss: 0.0983869
TORCHFORT::WANDB: model: critic_0, step: 532, train_lr: 0.001
TORCHFORT::WANDB: model: actor, step: 532, train_loss: 0.533672
TORCHFORT::WANDB: model: actor, step: 532, train_lr: 0.001
TORCHFORT::WANDB: model: alpha, step: 532, train_loss: -2.83298
TORCHFORT::WANDB: model: alpha, step: 532, train_lr: 0.0001
TORCHFORT::WANDB: model: critic_0, step: 533, train_loss: 0.0902653
TORCHFORT::WANDB: model: critic_0, step: 533, train_lr: 0.001
TORCHFORT::WANDB: model: actor, step: 533, train_loss: 0.532758
TORCHFORT::WANDB: model: actor, step: 533, train_lr: 0.001
TORCHFORT::WANDB: model: alpha, step: 533, train_loss: -2.83582
TORCHFORT::WANDB: model: alpha, step: 533, train_lr: 0.0001
TORCHFORT::WANDB: model: critic_0, step: 534, train_loss: 0.0918249
TORCHFORT::WANDB: model: critic_0, step: 534, train_lr: 0.001
TORCHFORT::WANDB: model: actor, step: 534, train_loss: 0.544605
TORCHFORT::WANDB: model: actor, step: 534, train_lr: 0.001
TORCHFORT::WANDB: model: alpha, step: 534, train_loss: -2.83156
TORCHFORT::WANDB: model: alpha, step: 534, train_lr: 0.0001
TORCHFORT::WANDB: model: critic_0, step: 535, train_loss: 0.0954699
TORCHFORT::WANDB: model: critic_0, step: 535, train_lr: 0.001
TORCHFORT::WANDB: model: actor, step: 535, train_loss: 0.53619
TORCHFORT::WANDB: model: actor, step: 535, train_lr: 0.001
TORCHFORT::WANDB: model: alpha, step: 535, train_loss: -2.8353
TORCHFORT::WANDB: model: alpha, step: 535, train_lr: 0.0001
TORCHFORT::WANDB: model: critic_0, step: 536, train_loss: 0.0923529
TORCHFORT::WANDB: model: critic_0, step: 536, train_lr: 0.001
TORCHFORT::WANDB: model: actor, step: 536, train_loss: 0.50614
TORCHFORT::WANDB: model: actor, step: 536, train_lr: 0.001
TORCHFORT::WANDB: model: alpha, step: 536, train_loss: -2.82621
TORCHFORT::WANDB: model: alpha, step: 536, train_lr: 0.0001
TORCHFORT::WANDB: model: critic_0, step: 537, train_loss: 0.093192
TORCHFORT::WANDB: model: critic_0, step: 537, train_lr: 0.001
TORCHFORT::WANDB: model: actor, step: 537, train_loss: 0.529168
TORCHFORT::WANDB: model: actor, step: 537, train_lr: 0.001
TORCHFORT::WANDB: model: alpha, step: 537, train_loss: -2.83435
TORCHFORT::WANDB: model: alpha, step: 537, train_lr: 0.0001
TORCHFORT::WANDB: model: critic_0, step: 538, train_loss: 0.0907057
TORCHFORT::WANDB: model: critic_0, step: 538, train_lr: 0.001
TORCHFORT::WANDB: model: actor, step: 538, train_loss: 0.550122
TORCHFORT::WANDB: model: actor, step: 538, train_lr: 0.001
TORCHFORT::WANDB: model: alpha, step: 538, train_loss: -2.82925
TORCHFORT::WANDB: model: alpha, step: 538, train_lr: 0.0001
TORCHFORT::WANDB: model: critic_0, step: 539, train_loss: 0.0946004
TORCHFORT::WANDB: model: critic_0, step: 539, train_lr: 0.001
TORCHFORT::WANDB: model: actor, step: 539, train_loss: 0.525809
TORCHFORT::WANDB: model: actor, step: 539, train_lr: 0.001
TORCHFORT::WANDB: model: alpha, step: 539, train_loss: -2.83445
TORCHFORT::WANDB: model: alpha, step: 539, train_lr: 0.0001
TORCHFORT::WANDB: model: critic_0, step: 540, train_loss: 0.0918253
TORCHFORT::WANDB: model: critic_0, step: 540, train_lr: 0.001
TORCHFORT::WANDB: model: actor, step: 540, train_loss: 0.493597
TORCHFORT::WANDB: model: actor, step: 540, train_lr: 0.001
TORCHFORT::WANDB: model: alpha, step: 540, train_loss: -2.8315
TORCHFORT::WANDB: model: alpha, step: 540, train_lr: 0.0001
TORCHFORT::WANDB: model: rlwm, step: 37, reward_sum: 3062.86
TORCHFORT::WANDB: model: rlwm, step: 37, reward_sum: 3062.86
TORCHFORT::WANDB: model: rlwm, step: 37, reward_sum: 3062.86
TORCHFORT::WANDB: model: rlwm, step: 37, reward_sum: 3062.86
TORCHFORT::WANDB: model: critic_0, step: 541, train_loss: 0.0941193
TORCHFORT::WANDB: model: critic_0, step: 541, train_lr: 0.001
TORCHFORT::WANDB: model: actor, step: 541, train_loss: 0.554426
TORCHFORT::WANDB: model: actor, step: 541, train_lr: 0.001
TORCHFORT::WANDB: model: alpha, step: 541, train_loss: -2.83541
TORCHFORT::WANDB: model: alpha, step: 541, train_lr: 0.0001
TORCHFORT::WANDB: model: critic_0, step: 542, train_loss: 0.0953735
TORCHFORT::WANDB: model: critic_0, step: 542, train_lr: 0.001
TORCHFORT::WANDB: model: actor, step: 542, train_loss: 0.54699
TORCHFORT::WANDB: model: actor, step: 542, train_lr: 0.001
TORCHFORT::WANDB: model: alpha, step: 542, train_loss: -2.84051
TORCHFORT::WANDB: model: alpha, step: 542, train_lr: 0.0001
TORCHFORT::WANDB: model: critic_0, step: 543, train_loss: 0.0991839
TORCHFORT::WANDB: model: critic_0, step: 543, train_lr: 0.001
TORCHFORT::WANDB: model: actor, step: 543, train_loss: 0.503739
TORCHFORT::WANDB: model: actor, step: 543, train_lr: 0.001
TORCHFORT::WANDB: model: alpha, step: 543, train_loss: -2.83805
TORCHFORT::WANDB: model: alpha, step: 543, train_lr: 0.0001
TORCHFORT::WANDB: model: critic_0, step: 544, train_loss: 0.0980333
TORCHFORT::WANDB: model: critic_0, step: 544, train_lr: 0.001
TORCHFORT::WANDB: model: actor, step: 544, train_loss: 0.505245
TORCHFORT::WANDB: model: actor, step: 544, train_lr: 0.001
TORCHFORT::WANDB: model: alpha, step: 544, train_loss: -2.83895
TORCHFORT::WANDB: model: alpha, step: 544, train_lr: 0.0001
TORCHFORT::WANDB: model: critic_0, step: 545, train_loss: 0.0935328
TORCHFORT::WANDB: model: critic_0, step: 545, train_lr: 0.001
TORCHFORT::WANDB: model: actor, step: 545, train_loss: 0.544429
TORCHFORT::WANDB: model: actor, step: 545, train_lr: 0.001
TORCHFORT::WANDB: model: alpha, step: 545, train_loss: -2.83279
TORCHFORT::WANDB: model: alpha, step: 545, train_lr: 0.0001
TORCHFORT::WANDB: model: critic_0, step: 546, train_loss: 0.0968864
TORCHFORT::WANDB: model: critic_0, step: 546, train_lr: 0.001
TORCHFORT::WANDB: model: actor, step: 546, train_loss: 0.537609
TORCHFORT::WANDB: model: actor, step: 546, train_lr: 0.001
TORCHFORT::WANDB: model: alpha, step: 546, train_loss: -2.83452
TORCHFORT::WANDB: model: alpha, step: 546, train_lr: 0.0001
TORCHFORT::WANDB: model: critic_0, step: 547, train_loss: 0.0925134
TORCHFORT::WANDB: model: critic_0, step: 547, train_lr: 0.001
TORCHFORT::WANDB: model: actor, step: 547, train_loss: 0.499076
TORCHFORT::WANDB: model: actor, step: 547, train_lr: 0.001
TORCHFORT::WANDB: model: alpha, step: 547, train_loss: -2.8364
TORCHFORT::WANDB: model: alpha, step: 547, train_lr: 0.0001
TORCHFORT::WANDB: model: critic_0, step: 548, train_loss: 0.0986282
TORCHFORT::WANDB: model: critic_0, step: 548, train_lr: 0.001
TORCHFORT::WANDB: model: actor, step: 548, train_loss: 0.50398
TORCHFORT::WANDB: model: actor, step: 548, train_lr: 0.001
TORCHFORT::WANDB: model: alpha, step: 548, train_loss: -2.82865
TORCHFORT::WANDB: model: alpha, step: 548, train_lr: 0.0001
TORCHFORT::WANDB: model: critic_0, step: 549, train_loss: 0.0958581
TORCHFORT::WANDB: model: critic_0, step: 549, train_lr: 0.001
TORCHFORT::WANDB: model: actor, step: 549, train_loss: 0.543144
TORCHFORT::WANDB: model: actor, step: 549, train_lr: 0.001
TORCHFORT::WANDB: model: alpha, step: 549, train_loss: -2.83265
TORCHFORT::WANDB: model: alpha, step: 549, train_lr: 0.0001
TORCHFORT::WANDB: model: critic_0, step: 550, train_loss: 0.0947548
TORCHFORT::WANDB: model: critic_0, step: 550, train_lr: 0.001
TORCHFORT::WANDB: model: actor, step: 550, train_loss: 0.53058
TORCHFORT::WANDB: model: actor, step: 550, train_lr: 0.001
TORCHFORT::WANDB: model: alpha, step: 550, train_loss: -2.83317
TORCHFORT::WANDB: model: alpha, step: 550, train_lr: 0.0001
TORCHFORT::WANDB: model: critic_0, step: 551, train_loss: 0.0970394
TORCHFORT::WANDB: model: critic_0, step: 551, train_lr: 0.001
TORCHFORT::WANDB: model: actor, step: 551, train_loss: 0.484872
TORCHFORT::WANDB: model: actor, step: 551, train_lr: 0.001
TORCHFORT::WANDB: model: alpha, step: 551, train_loss: -2.83661
TORCHFORT::WANDB: model: alpha, step: 551, train_lr: 0.0001
TORCHFORT::WANDB: model: critic_0, step: 552, train_loss: 0.0910406
TORCHFORT::WANDB: model: critic_0, step: 552, train_lr: 0.001
TORCHFORT::WANDB: model: actor, step: 552, train_loss: 0.49743
TORCHFORT::WANDB: model: actor, step: 552, train_lr: 0.001
TORCHFORT::WANDB: model: alpha, step: 552, train_loss: -2.83287
TORCHFORT::WANDB: model: alpha, step: 552, train_lr: 0.0001
TORCHFORT::WANDB: model: critic_0, step: 553, train_loss: 0.0953261
TORCHFORT::WANDB: model: critic_0, step: 553, train_lr: 0.001
TORCHFORT::WANDB: model: actor, step: 553, train_loss: 0.533628
TORCHFORT::WANDB: model: actor, step: 553, train_lr: 0.001
TORCHFORT::WANDB: model: alpha, step: 553, train_loss: -2.83802
TORCHFORT::WANDB: model: alpha, step: 553, train_lr: 0.0001
TORCHFORT::WANDB: model: critic_0, step: 554, train_loss: 0.0929608
TORCHFORT::WANDB: model: critic_0, step: 554, train_lr: 0.001
TORCHFORT::WANDB: model: actor, step: 554, train_loss: 0.524855
TORCHFORT::WANDB: model: actor, step: 554, train_lr: 0.001
TORCHFORT::WANDB: model: alpha, step: 554, train_loss: -2.83805
TORCHFORT::WANDB: model: alpha, step: 554, train_lr: 0.0001
TORCHFORT::WANDB: model: critic_0, step: 555, train_loss: 0.0944086
TORCHFORT::WANDB: model: critic_0, step: 555, train_lr: 0.001
TORCHFORT::WANDB: model: actor, step: 555, train_loss: 0.470446
TORCHFORT::WANDB: model: actor, step: 555, train_lr: 0.001
TORCHFORT::WANDB: model: alpha, step: 555, train_loss: -2.83733
TORCHFORT::WANDB: model: alpha, step: 555, train_lr: 0.0001
TORCHFORT::WANDB: model: critic_0, step: 556, train_loss: 0.0934268
TORCHFORT::WANDB: model: critic_0, step: 556, train_lr: 0.001
TORCHFORT::WANDB: model: actor, step: 556, train_loss: 0.495581
TORCHFORT::WANDB: model: actor, step: 556, train_lr: 0.001
TORCHFORT::WANDB: model: alpha, step: 556, train_loss: -2.83832
TORCHFORT::WANDB: model: alpha, step: 556, train_lr: 0.0001
TORCHFORT::WANDB: model: critic_0, step: 557, train_loss: 0.0908865
TORCHFORT::WANDB: model: critic_0, step: 557, train_lr: 0.001
TORCHFORT::WANDB: model: actor, step: 557, train_loss: 0.535402
TORCHFORT::WANDB: model: actor, step: 557, train_lr: 0.001
TORCHFORT::WANDB: model: alpha, step: 557, train_loss: -2.83609
TORCHFORT::WANDB: model: alpha, step: 557, train_lr: 0.0001
TORCHFORT::WANDB: model: critic_0, step: 558, train_loss: 0.0903069
TORCHFORT::WANDB: model: critic_0, step: 558, train_lr: 0.001
TORCHFORT::WANDB: model: actor, step: 558, train_loss: 0.517951
TORCHFORT::WANDB: model: actor, step: 558, train_lr: 0.001
TORCHFORT::WANDB: model: alpha, step: 558, train_loss: -2.84473
TORCHFORT::WANDB: model: alpha, step: 558, train_lr: 0.0001
TORCHFORT::WANDB: model: critic_0, step: 559, train_loss: 0.0906278
TORCHFORT::WANDB: model: critic_0, step: 559, train_lr: 0.001
TORCHFORT::WANDB: model: actor, step: 559, train_loss: 0.466076
TORCHFORT::WANDB: model: actor, step: 559, train_lr: 0.001
TORCHFORT::WANDB: model: alpha, step: 559, train_loss: -2.83591
TORCHFORT::WANDB: model: alpha, step: 559, train_lr: 0.0001
TORCHFORT::WANDB: model: critic_0, step: 560, train_loss: 0.0907717
TORCHFORT::WANDB: model: critic_0, step: 560, train_lr: 0.001
TORCHFORT::WANDB: model: actor, step: 560, train_loss: 0.491335
TORCHFORT::WANDB: model: actor, step: 560, train_lr: 0.001
TORCHFORT::WANDB: model: alpha, step: 560, train_loss: -2.83172
TORCHFORT::WANDB: model: alpha, step: 560, train_lr: 0.0001
TORCHFORT::WANDB: model: rlwm, step: 38, reward_sum: 3078.65
TORCHFORT::WANDB: model: rlwm, step: 38, reward_sum: 3078.65
TORCHFORT::WANDB: model: rlwm, step: 38, reward_sum: 3078.65
TORCHFORT::WANDB: model: rlwm, step: 38, reward_sum: 3078.65
TORCHFORT::WANDB: model: critic_0, step: 561, train_loss: 0.0880873
TORCHFORT::WANDB: model: critic_0, step: 561, train_lr: 0.001
TORCHFORT::WANDB: model: actor, step: 561, train_loss: 0.549084
TORCHFORT::WANDB: model: actor, step: 561, train_lr: 0.001
TORCHFORT::WANDB: model: alpha, step: 561, train_loss: -2.83899
TORCHFORT::WANDB: model: alpha, step: 561, train_lr: 0.0001
TORCHFORT::WANDB: model: critic_0, step: 562, train_loss: 0.0932573
TORCHFORT::WANDB: model: critic_0, step: 562, train_lr: 0.001
TORCHFORT::WANDB: model: actor, step: 562, train_loss: 0.507955
TORCHFORT::WANDB: model: actor, step: 562, train_lr: 0.001
TORCHFORT::WANDB: model: alpha, step: 562, train_loss: -2.83357
TORCHFORT::WANDB: model: alpha, step: 562, train_lr: 0.0001
TORCHFORT::WANDB: model: critic_0, step: 563, train_loss: 0.0909396
TORCHFORT::WANDB: model: critic_0, step: 563, train_lr: 0.001
TORCHFORT::WANDB: model: actor, step: 563, train_loss: 0.473403
TORCHFORT::WANDB: model: actor, step: 563, train_lr: 0.001
TORCHFORT::WANDB: model: alpha, step: 563, train_loss: -2.84357
TORCHFORT::WANDB: model: alpha, step: 563, train_lr: 0.0001
TORCHFORT::WANDB: model: critic_0, step: 564, train_loss: 0.0988808
TORCHFORT::WANDB: model: critic_0, step: 564, train_lr: 0.001
TORCHFORT::WANDB: model: actor, step: 564, train_loss: 0.477422
TORCHFORT::WANDB: model: actor, step: 564, train_lr: 0.001
TORCHFORT::WANDB: model: alpha, step: 564, train_loss: -2.84217
TORCHFORT::WANDB: model: alpha, step: 564, train_lr: 0.0001
TORCHFORT::WANDB: model: critic_0, step: 565, train_loss: 0.0920259
TORCHFORT::WANDB: model: critic_0, step: 565, train_lr: 0.001
TORCHFORT::WANDB: model: actor, step: 565, train_loss: 0.537653
TORCHFORT::WANDB: model: actor, step: 565, train_lr: 0.001
TORCHFORT::WANDB: model: alpha, step: 565, train_loss: -2.84021
TORCHFORT::WANDB: model: alpha, step: 565, train_lr: 0.0001
TORCHFORT::WANDB: model: critic_0, step: 566, train_loss: 0.0933832
TORCHFORT::WANDB: model: critic_0, step: 566, train_lr: 0.001
TORCHFORT::WANDB: model: actor, step: 566, train_loss: 0.51173
TORCHFORT::WANDB: model: actor, step: 566, train_lr: 0.001
TORCHFORT::WANDB: model: alpha, step: 566, train_loss: -2.8406
TORCHFORT::WANDB: model: alpha, step: 566, train_lr: 0.0001
TORCHFORT::WANDB: model: critic_0, step: 567, train_loss: 0.0910075
TORCHFORT::WANDB: model: critic_0, step: 567, train_lr: 0.001
TORCHFORT::WANDB: model: actor, step: 567, train_loss: 0.469924
TORCHFORT::WANDB: model: actor, step: 567, train_lr: 0.001
TORCHFORT::WANDB: model: alpha, step: 567, train_loss: -2.84005
TORCHFORT::WANDB: model: alpha, step: 567, train_lr: 0.0001
TORCHFORT::WANDB: model: critic_0, step: 568, train_loss: 0.0951156
TORCHFORT::WANDB: model: critic_0, step: 568, train_lr: 0.001
TORCHFORT::WANDB: model: actor, step: 568, train_loss: 0.480038
TORCHFORT::WANDB: model: actor, step: 568, train_lr: 0.001
TORCHFORT::WANDB: model: alpha, step: 568, train_loss: -2.84554
TORCHFORT::WANDB: model: alpha, step: 568, train_lr: 0.0001
TORCHFORT::WANDB: model: critic_0, step: 569, train_loss: 0.0951035
TORCHFORT::WANDB: model: critic_0, step: 569, train_lr: 0.001
TORCHFORT::WANDB: model: actor, step: 569, train_loss: 0.506308
TORCHFORT::WANDB: model: actor, step: 569, train_lr: 0.001
TORCHFORT::WANDB: model: alpha, step: 569, train_loss: -2.84541
TORCHFORT::WANDB: model: alpha, step: 569, train_lr: 0.0001
TORCHFORT::WANDB: model: critic_0, step: 570, train_loss: 0.0923592
TORCHFORT::WANDB: model: critic_0, step: 570, train_lr: 0.001
TORCHFORT::WANDB: model: actor, step: 570, train_loss: 0.501602
TORCHFORT::WANDB: model: actor, step: 570, train_lr: 0.001
TORCHFORT::WANDB: model: alpha, step: 570, train_loss: -2.84349
TORCHFORT::WANDB: model: alpha, step: 570, train_lr: 0.0001
TORCHFORT::WANDB: model: critic_0, step: 571, train_loss: 0.0925028
TORCHFORT::WANDB: model: critic_0, step: 571, train_lr: 0.001
TORCHFORT::WANDB: model: actor, step: 571, train_loss: 0.476604
TORCHFORT::WANDB: model: actor, step: 571, train_lr: 0.001
TORCHFORT::WANDB: model: alpha, step: 571, train_loss: -2.84772
TORCHFORT::WANDB: model: alpha, step: 571, train_lr: 0.0001
TORCHFORT::WANDB: model: critic_0, step: 572, train_loss: 0.0883601
TORCHFORT::WANDB: model: critic_0, step: 572, train_lr: 0.001
TORCHFORT::WANDB: model: actor, step: 572, train_loss: 0.469575
TORCHFORT::WANDB: model: actor, step: 572, train_lr: 0.001
TORCHFORT::WANDB: model: alpha, step: 572, train_loss: -2.84462
TORCHFORT::WANDB: model: alpha, step: 572, train_lr: 0.0001
TORCHFORT::WANDB: model: critic_0, step: 573, train_loss: 0.0915823
TORCHFORT::WANDB: model: critic_0, step: 573, train_lr: 0.001
TORCHFORT::WANDB: model: actor, step: 573, train_loss: 0.492529
TORCHFORT::WANDB: model: actor, step: 573, train_lr: 0.001
TORCHFORT::WANDB: model: alpha, step: 573, train_loss: -2.84452
TORCHFORT::WANDB: model: alpha, step: 573, train_lr: 0.0001
TORCHFORT::WANDB: model: critic_0, step: 574, train_loss: 0.0911298
TORCHFORT::WANDB: model: critic_0, step: 574, train_lr: 0.001
TORCHFORT::WANDB: model: actor, step: 574, train_loss: 0.497363
TORCHFORT::WANDB: model: actor, step: 574, train_lr: 0.001
TORCHFORT::WANDB: model: alpha, step: 574, train_loss: -2.83981
TORCHFORT::WANDB: model: alpha, step: 574, train_lr: 0.0001
TORCHFORT::WANDB: model: critic_0, step: 575, train_loss: 0.0867043
TORCHFORT::WANDB: model: critic_0, step: 575, train_lr: 0.001
TORCHFORT::WANDB: model: actor, step: 575, train_loss: 0.479243
TORCHFORT::WANDB: model: actor, step: 575, train_lr: 0.001
TORCHFORT::WANDB: model: alpha, step: 575, train_loss: -2.83691
TORCHFORT::WANDB: model: alpha, step: 575, train_lr: 0.0001
TORCHFORT::WANDB: model: critic_0, step: 576, train_loss: 0.0865758
TORCHFORT::WANDB: model: critic_0, step: 576, train_lr: 0.001
TORCHFORT::WANDB: model: actor, step: 576, train_loss: 0.480168
TORCHFORT::WANDB: model: actor, step: 576, train_lr: 0.001
TORCHFORT::WANDB: model: alpha, step: 576, train_loss: -2.84708
TORCHFORT::WANDB: model: alpha, step: 576, train_lr: 0.0001
TORCHFORT::WANDB: model: critic_0, step: 577, train_loss: 0.0877516
TORCHFORT::WANDB: model: critic_0, step: 577, train_lr: 0.001
TORCHFORT::WANDB: model: actor, step: 577, train_loss: 0.47941
TORCHFORT::WANDB: model: actor, step: 577, train_lr: 0.001
TORCHFORT::WANDB: model: alpha, step: 577, train_loss: -2.84164
TORCHFORT::WANDB: model: alpha, step: 577, train_lr: 0.0001
TORCHFORT::WANDB: model: critic_0, step: 578, train_loss: 0.0902769
TORCHFORT::WANDB: model: critic_0, step: 578, train_lr: 0.001
TORCHFORT::WANDB: model: actor, step: 578, train_loss: 0.479605
TORCHFORT::WANDB: model: actor, step: 578, train_lr: 0.001
TORCHFORT::WANDB: model: alpha, step: 578, train_loss: -2.84307
TORCHFORT::WANDB: model: alpha, step: 578, train_lr: 0.0001
TORCHFORT::WANDB: model: critic_0, step: 579, train_loss: 0.091257
TORCHFORT::WANDB: model: critic_0, step: 579, train_lr: 0.001
TORCHFORT::WANDB: model: actor, step: 579, train_loss: 0.477819
TORCHFORT::WANDB: model: actor, step: 579, train_lr: 0.001
TORCHFORT::WANDB: model: alpha, step: 579, train_loss: -2.84576
TORCHFORT::WANDB: model: alpha, step: 579, train_lr: 0.0001
TORCHFORT::WANDB: model: critic_0, step: 580, train_loss: 0.0895712
TORCHFORT::WANDB: model: critic_0, step: 580, train_lr: 0.001
TORCHFORT::WANDB: model: actor, step: 580, train_loss: 0.470953
TORCHFORT::WANDB: model: actor, step: 580, train_lr: 0.001
TORCHFORT::WANDB: model: alpha, step: 580, train_loss: -2.84402
TORCHFORT::WANDB: model: alpha, step: 580, train_lr: 0.0001
TORCHFORT::WANDB: model: rlwm, step: 39, reward_sum: 4061.86
TORCHFORT::WANDB: model: rlwm, step: 39, reward_sum: 4061.86
TORCHFORT::WANDB: model: rlwm, step: 39, reward_sum: 4061.86
TORCHFORT::WANDB: model: rlwm, step: 39, reward_sum: 4061.86
TORCHFORT::WANDB: model: critic_0, step: 581, train_loss: 0.092554
TORCHFORT::WANDB: model: critic_0, step: 581, train_lr: 0.001
TORCHFORT::WANDB: model: actor, step: 581, train_loss: 0.473667
TORCHFORT::WANDB: model: actor, step: 581, train_lr: 0.001
TORCHFORT::WANDB: model: alpha, step: 581, train_loss: -2.85327
TORCHFORT::WANDB: model: alpha, step: 581, train_lr: 0.0001
TORCHFORT::WANDB: model: critic_0, step: 582, train_loss: 0.0919012
TORCHFORT::WANDB: model: critic_0, step: 582, train_lr: 0.001
TORCHFORT::WANDB: model: actor, step: 582, train_loss: 0.470677
TORCHFORT::WANDB: model: actor, step: 582, train_lr: 0.001
TORCHFORT::WANDB: model: alpha, step: 582, train_loss: -2.84491
TORCHFORT::WANDB: model: alpha, step: 582, train_lr: 0.0001
TORCHFORT::WANDB: model: critic_0, step: 583, train_loss: 0.0966831
TORCHFORT::WANDB: model: critic_0, step: 583, train_lr: 0.001
TORCHFORT::WANDB: model: actor, step: 583, train_loss: 0.460934
TORCHFORT::WANDB: model: actor, step: 583, train_lr: 0.001
TORCHFORT::WANDB: model: alpha, step: 583, train_loss: -2.84322
TORCHFORT::WANDB: model: alpha, step: 583, train_lr: 0.0001
TORCHFORT::WANDB: model: critic_0, step: 584, train_loss: 0.0937023
TORCHFORT::WANDB: model: critic_0, step: 584, train_lr: 0.001
TORCHFORT::WANDB: model: actor, step: 584, train_loss: 0.461826
TORCHFORT::WANDB: model: actor, step: 584, train_lr: 0.001
TORCHFORT::WANDB: model: alpha, step: 584, train_loss: -2.84024
TORCHFORT::WANDB: model: alpha, step: 584, train_lr: 0.0001
TORCHFORT::WANDB: model: critic_0, step: 585, train_loss: 0.0910786
TORCHFORT::WANDB: model: critic_0, step: 585, train_lr: 0.001
TORCHFORT::WANDB: model: actor, step: 585, train_loss: 0.486232
TORCHFORT::WANDB: model: actor, step: 585, train_lr: 0.001
TORCHFORT::WANDB: model: alpha, step: 585, train_loss: -2.8447
TORCHFORT::WANDB: model: alpha, step: 585, train_lr: 0.0001
TORCHFORT::WANDB: model: critic_0, step: 586, train_loss: 0.0953416
TORCHFORT::WANDB: model: critic_0, step: 586, train_lr: 0.001
TORCHFORT::WANDB: model: actor, step: 586, train_loss: 0.476436
TORCHFORT::WANDB: model: actor, step: 586, train_lr: 0.001
TORCHFORT::WANDB: model: alpha, step: 586, train_loss: -2.84099
TORCHFORT::WANDB: model: alpha, step: 586, train_lr: 0.0001
TORCHFORT::WANDB: model: critic_0, step: 587, train_loss: 0.0906167
TORCHFORT::WANDB: model: critic_0, step: 587, train_lr: 0.001
TORCHFORT::WANDB: model: actor, step: 587, train_loss: 0.459776
TORCHFORT::WANDB: model: actor, step: 587, train_lr: 0.001
TORCHFORT::WANDB: model: alpha, step: 587, train_loss: -2.84358
TORCHFORT::WANDB: model: alpha, step: 587, train_lr: 0.0001
TORCHFORT::WANDB: model: critic_0, step: 588, train_loss: 0.0895155
TORCHFORT::WANDB: model: critic_0, step: 588, train_lr: 0.001
TORCHFORT::WANDB: model: actor, step: 588, train_loss: 0.467464
TORCHFORT::WANDB: model: actor, step: 588, train_lr: 0.001
TORCHFORT::WANDB: model: alpha, step: 588, train_loss: -2.847
TORCHFORT::WANDB: model: alpha, step: 588, train_lr: 0.0001
TORCHFORT::WANDB: model: critic_0, step: 589, train_loss: 0.0906963
TORCHFORT::WANDB: model: critic_0, step: 589, train_lr: 0.001
TORCHFORT::WANDB: model: actor, step: 589, train_loss: 0.476221
TORCHFORT::WANDB: model: actor, step: 589, train_lr: 0.001
TORCHFORT::WANDB: model: alpha, step: 589, train_loss: -2.85117
TORCHFORT::WANDB: model: alpha, step: 589, train_lr: 0.0001
TORCHFORT::WANDB: model: critic_0, step: 590, train_loss: 0.0942198
TORCHFORT::WANDB: model: critic_0, step: 590, train_lr: 0.001
TORCHFORT::WANDB: model: actor, step: 590, train_loss: 0.442199
TORCHFORT::WANDB: model: actor, step: 590, train_lr: 0.001
TORCHFORT::WANDB: model: alpha, step: 590, train_loss: -2.85599
TORCHFORT::WANDB: model: alpha, step: 590, train_lr: 0.0001
TORCHFORT::WANDB: model: critic_0, step: 591, train_loss: 0.087996
TORCHFORT::WANDB: model: critic_0, step: 591, train_lr: 0.001
TORCHFORT::WANDB: model: actor, step: 591, train_loss: 0.454329
TORCHFORT::WANDB: model: actor, step: 591, train_lr: 0.001
TORCHFORT::WANDB: model: alpha, step: 591, train_loss: -2.85469
TORCHFORT::WANDB: model: alpha, step: 591, train_lr: 0.0001
TORCHFORT::WANDB: model: critic_0, step: 592, train_loss: 0.0915352
TORCHFORT::WANDB: model: critic_0, step: 592, train_lr: 0.001
TORCHFORT::WANDB: model: actor, step: 592, train_loss: 0.485302
TORCHFORT::WANDB: model: actor, step: 592, train_lr: 0.001
TORCHFORT::WANDB: model: alpha, step: 592, train_loss: -2.84945
TORCHFORT::WANDB: model: alpha, step: 592, train_lr: 0.0001
TORCHFORT::WANDB: model: critic_0, step: 593, train_loss: 0.0936278
TORCHFORT::WANDB: model: critic_0, step: 593, train_lr: 0.001
TORCHFORT::WANDB: model: actor, step: 593, train_loss: 0.466766
TORCHFORT::WANDB: model: actor, step: 593, train_lr: 0.001
TORCHFORT::WANDB: model: alpha, step: 593, train_loss: -2.85012
TORCHFORT::WANDB: model: alpha, step: 593, train_lr: 0.0001
TORCHFORT::WANDB: model: critic_0, step: 594, train_loss: 0.0897085
TORCHFORT::WANDB: model: critic_0, step: 594, train_lr: 0.001
TORCHFORT::WANDB: model: actor, step: 594, train_loss: 0.447766
TORCHFORT::WANDB: model: actor, step: 594, train_lr: 0.001
TORCHFORT::WANDB: model: alpha, step: 594, train_loss: -2.85151
TORCHFORT::WANDB: model: alpha, step: 594, train_lr: 0.0001
TORCHFORT::WANDB: model: critic_0, step: 595, train_loss: 0.0933932
TORCHFORT::WANDB: model: critic_0, step: 595, train_lr: 0.001
TORCHFORT::WANDB: model: actor, step: 595, train_loss: 0.452259
TORCHFORT::WANDB: model: actor, step: 595, train_lr: 0.001
TORCHFORT::WANDB: model: alpha, step: 595, train_loss: -2.84811
TORCHFORT::WANDB: model: alpha, step: 595, train_lr: 0.0001
TORCHFORT::WANDB: model: critic_0, step: 596, train_loss: 0.0896522
TORCHFORT::WANDB: model: critic_0, step: 596, train_lr: 0.001
TORCHFORT::WANDB: model: actor, step: 596, train_loss: 0.462437
TORCHFORT::WANDB: model: actor, step: 596, train_lr: 0.001
TORCHFORT::WANDB: model: alpha, step: 596, train_loss: -2.85017
TORCHFORT::WANDB: model: alpha, step: 596, train_lr: 0.0001
TORCHFORT::WANDB: model: critic_0, step: 597, train_loss: 0.0916779
TORCHFORT::WANDB: model: critic_0, step: 597, train_lr: 0.001
TORCHFORT::WANDB: model: actor, step: 597, train_loss: 0.453665
TORCHFORT::WANDB: model: actor, step: 597, train_lr: 0.001
TORCHFORT::WANDB: model: alpha, step: 597, train_loss: -2.85174
TORCHFORT::WANDB: model: alpha, step: 597, train_lr: 0.0001
TORCHFORT::WANDB: model: critic_0, step: 598, train_loss: 0.0940036
TORCHFORT::WANDB: model: critic_0, step: 598, train_lr: 0.001
TORCHFORT::WANDB: model: actor, step: 598, train_loss: 0.442605
TORCHFORT::WANDB: model: actor, step: 598, train_lr: 0.001
TORCHFORT::WANDB: model: alpha, step: 598, train_loss: -2.85363
TORCHFORT::WANDB: model: alpha, step: 598, train_lr: 0.0001
TORCHFORT::WANDB: model: critic_0, step: 599, train_loss: 0.0885312
TORCHFORT::WANDB: model: critic_0, step: 599, train_lr: 0.001
TORCHFORT::WANDB: model: actor, step: 599, train_loss: 0.450392
TORCHFORT::WANDB: model: actor, step: 599, train_lr: 0.001
TORCHFORT::WANDB: model: alpha, step: 599, train_loss: -2.85449
TORCHFORT::WANDB: model: alpha, step: 599, train_lr: 0.0001
TORCHFORT::WANDB: model: critic_0, step: 600, train_loss: 0.0905368
TORCHFORT::WANDB: model: critic_0, step: 600, train_lr: 0.001
TORCHFORT::WANDB: model: actor, step: 600, train_loss: 0.451369
TORCHFORT::WANDB: model: actor, step: 600, train_lr: 0.001
TORCHFORT::WANDB: model: alpha, step: 600, train_loss: -2.85317
TORCHFORT::WANDB: model: alpha, step: 600, train_lr: 0.0001
TORCHFORT::WANDB: model: rlwm, step: 40, reward_sum: 3161.39
TORCHFORT::WANDB: model: rlwm, step: 40, reward_sum: 3161.39
TORCHFORT::WANDB: model: rlwm, step: 40, reward_sum: 3161.39
TORCHFORT::WANDB: model: rlwm, step: 40, reward_sum: 3161.39
TORCHFORT::WANDB: model: critic_0, step: 601, train_loss: 0.0959793
TORCHFORT::WANDB: model: critic_0, step: 601, train_lr: 0.001
TORCHFORT::WANDB: model: actor, step: 601, train_loss: 0.445998
TORCHFORT::WANDB: model: actor, step: 601, train_lr: 0.001
TORCHFORT::WANDB: model: alpha, step: 601, train_loss: -2.85132
TORCHFORT::WANDB: model: alpha, step: 601, train_lr: 0.0001
TORCHFORT::WANDB: model: critic_0, step: 602, train_loss: 0.0947209
TORCHFORT::WANDB: model: critic_0, step: 602, train_lr: 0.001
TORCHFORT::WANDB: model: actor, step: 602, train_loss: 0.444322
TORCHFORT::WANDB: model: actor, step: 602, train_lr: 0.001
TORCHFORT::WANDB: model: alpha, step: 602, train_loss: -2.85568
TORCHFORT::WANDB: model: alpha, step: 602, train_lr: 0.0001
TORCHFORT::WANDB: model: critic_0, step: 603, train_loss: 0.0936677
TORCHFORT::WANDB: model: critic_0, step: 603, train_lr: 0.001
TORCHFORT::WANDB: model: actor, step: 603, train_loss: 0.458503
TORCHFORT::WANDB: model: actor, step: 603, train_lr: 0.001
TORCHFORT::WANDB: model: alpha, step: 603, train_loss: -2.85577
TORCHFORT::WANDB: model: alpha, step: 603, train_lr: 0.0001
TORCHFORT::WANDB: model: critic_0, step: 604, train_loss: 0.0918849
TORCHFORT::WANDB: model: critic_0, step: 604, train_lr: 0.001
TORCHFORT::WANDB: model: actor, step: 604, train_loss: 0.454393
TORCHFORT::WANDB: model: actor, step: 604, train_lr: 0.001
TORCHFORT::WANDB: model: alpha, step: 604, train_loss: -2.85676
TORCHFORT::WANDB: model: alpha, step: 604, train_lr: 0.0001
TORCHFORT::WANDB: model: critic_0, step: 605, train_loss: 0.0913392
TORCHFORT::WANDB: model: critic_0, step: 605, train_lr: 0.001
TORCHFORT::WANDB: model: actor, step: 605, train_loss: 0.441395
TORCHFORT::WANDB: model: actor, step: 605, train_lr: 0.001
TORCHFORT::WANDB: model: alpha, step: 605, train_loss: -2.85704
TORCHFORT::WANDB: model: alpha, step: 605, train_lr: 0.0001
TORCHFORT::WANDB: model: critic_0, step: 606, train_loss: 0.0942932
TORCHFORT::WANDB: model: critic_0, step: 606, train_lr: 0.001
TORCHFORT::WANDB: model: actor, step: 606, train_loss: 0.448528
TORCHFORT::WANDB: model: actor, step: 606, train_lr: 0.001
TORCHFORT::WANDB: model: alpha, step: 606, train_loss: -2.851
TORCHFORT::WANDB: model: alpha, step: 606, train_lr: 0.0001
TORCHFORT::WANDB: model: critic_0, step: 607, train_loss: 0.0923695
TORCHFORT::WANDB: model: critic_0, step: 607, train_lr: 0.001
TORCHFORT::WANDB: model: actor, step: 607, train_loss: 0.435975
TORCHFORT::WANDB: model: actor, step: 607, train_lr: 0.001
TORCHFORT::WANDB: model: alpha, step: 607, train_loss: -2.84914
TORCHFORT::WANDB: model: alpha, step: 607, train_lr: 0.0001
TORCHFORT::WANDB: model: critic_0, step: 608, train_loss: 0.0930358
TORCHFORT::WANDB: model: critic_0, step: 608, train_lr: 0.001
TORCHFORT::WANDB: model: actor, step: 608, train_loss: 0.443877
TORCHFORT::WANDB: model: actor, step: 608, train_lr: 0.001
TORCHFORT::WANDB: model: alpha, step: 608, train_loss: -2.8464
TORCHFORT::WANDB: model: alpha, step: 608, train_lr: 0.0001
TORCHFORT::WANDB: model: critic_0, step: 609, train_loss: 0.0931097
TORCHFORT::WANDB: model: critic_0, step: 609, train_lr: 0.001
TORCHFORT::WANDB: model: actor, step: 609, train_loss: 0.441416
TORCHFORT::WANDB: model: actor, step: 609, train_lr: 0.001
TORCHFORT::WANDB: model: alpha, step: 609, train_loss: -2.85039
TORCHFORT::WANDB: model: alpha, step: 609, train_lr: 0.0001
TORCHFORT::WANDB: model: critic_0, step: 610, train_loss: 0.0900242
TORCHFORT::WANDB: model: critic_0, step: 610, train_lr: 0.001
TORCHFORT::WANDB: model: actor, step: 610, train_loss: 0.431115
TORCHFORT::WANDB: model: actor, step: 610, train_lr: 0.001
TORCHFORT::WANDB: model: alpha, step: 610, train_loss: -2.85046
TORCHFORT::WANDB: model: alpha, step: 610, train_lr: 0.0001
TORCHFORT::WANDB: model: critic_0, step: 611, train_loss: 0.0922085
TORCHFORT::WANDB: model: critic_0, step: 611, train_lr: 0.001
TORCHFORT::WANDB: model: actor, step: 611, train_loss: 0.431659
TORCHFORT::WANDB: model: actor, step: 611, train_lr: 0.001
TORCHFORT::WANDB: model: alpha, step: 611, train_loss: -2.85609
TORCHFORT::WANDB: model: alpha, step: 611, train_lr: 0.0001
TORCHFORT::WANDB: model: critic_0, step: 612, train_loss: 0.0910011
TORCHFORT::WANDB: model: critic_0, step: 612, train_lr: 0.001
TORCHFORT::WANDB: model: actor, step: 612, train_loss: 0.437366
TORCHFORT::WANDB: model: actor, step: 612, train_lr: 0.001
TORCHFORT::WANDB: model: alpha, step: 612, train_loss: -2.85816
TORCHFORT::WANDB: model: alpha, step: 612, train_lr: 0.0001
TORCHFORT::WANDB: model: critic_0, step: 613, train_loss: 0.0874589
TORCHFORT::WANDB: model: critic_0, step: 613, train_lr: 0.001
TORCHFORT::WANDB: model: actor, step: 613, train_loss: 0.432627
TORCHFORT::WANDB: model: actor, step: 613, train_lr: 0.001
TORCHFORT::WANDB: model: alpha, step: 613, train_loss: -2.85974
TORCHFORT::WANDB: model: alpha, step: 613, train_lr: 0.0001
TORCHFORT::WANDB: model: critic_0, step: 614, train_loss: 0.0900777
TORCHFORT::WANDB: model: critic_0, step: 614, train_lr: 0.001
TORCHFORT::WANDB: model: actor, step: 614, train_loss: 0.416219
TORCHFORT::WANDB: model: actor, step: 614, train_lr: 0.001
TORCHFORT::WANDB: model: alpha, step: 614, train_loss: -2.8631
TORCHFORT::WANDB: model: alpha, step: 614, train_lr: 0.0001
TORCHFORT::WANDB: model: critic_0, step: 615, train_loss: 0.0884249
TORCHFORT::WANDB: model: critic_0, step: 615, train_lr: 0.001
TORCHFORT::WANDB: model: actor, step: 615, train_loss: 0.429593
TORCHFORT::WANDB: model: actor, step: 615, train_lr: 0.001
TORCHFORT::WANDB: model: alpha, step: 615, train_loss: -2.85831
TORCHFORT::WANDB: model: alpha, step: 615, train_lr: 0.0001
TORCHFORT::WANDB: model: critic_0, step: 616, train_loss: 0.0917476
TORCHFORT::WANDB: model: critic_0, step: 616, train_lr: 0.001
TORCHFORT::WANDB: model: actor, step: 616, train_loss: 0.432316
TORCHFORT::WANDB: model: actor, step: 616, train_lr: 0.001
TORCHFORT::WANDB: model: alpha, step: 616, train_loss: -2.86135
TORCHFORT::WANDB: model: alpha, step: 616, train_lr: 0.0001
TORCHFORT::WANDB: model: critic_0, step: 617, train_loss: 0.0879954
TORCHFORT::WANDB: model: critic_0, step: 617, train_lr: 0.001
TORCHFORT::WANDB: model: actor, step: 617, train_loss: 0.424787
TORCHFORT::WANDB: model: actor, step: 617, train_lr: 0.001
TORCHFORT::WANDB: model: alpha, step: 617, train_loss: -2.85866
TORCHFORT::WANDB: model: alpha, step: 617, train_lr: 0.0001
TORCHFORT::WANDB: model: critic_0, step: 618, train_loss: 0.0893811
TORCHFORT::WANDB: model: critic_0, step: 618, train_lr: 0.001
TORCHFORT::WANDB: model: actor, step: 618, train_loss: 0.415939
TORCHFORT::WANDB: model: actor, step: 618, train_lr: 0.001
TORCHFORT::WANDB: model: alpha, step: 618, train_loss: -2.85694
TORCHFORT::WANDB: model: alpha, step: 618, train_lr: 0.0001
TORCHFORT::WANDB: model: critic_0, step: 619, train_loss: 0.0923105
TORCHFORT::WANDB: model: critic_0, step: 619, train_lr: 0.001
TORCHFORT::WANDB: model: actor, step: 619, train_loss: 0.417365
TORCHFORT::WANDB: model: actor, step: 619, train_lr: 0.001
TORCHFORT::WANDB: model: alpha, step: 619, train_loss: -2.85639
TORCHFORT::WANDB: model: alpha, step: 619, train_lr: 0.0001
TORCHFORT::WANDB: model: critic_0, step: 620, train_loss: 0.0857766
TORCHFORT::WANDB: model: critic_0, step: 620, train_lr: 0.001
TORCHFORT::WANDB: model: actor, step: 620, train_loss: 0.420457
TORCHFORT::WANDB: model: actor, step: 620, train_lr: 0.001
TORCHFORT::WANDB: model: alpha, step: 620, train_loss: -2.86226
TORCHFORT::WANDB: model: alpha, step: 620, train_lr: 0.0001
TORCHFORT::WANDB: model: rlwm, step: 41, reward_sum: 2725.18
TORCHFORT::WANDB: model: rlwm, step: 41, reward_sum: 2725.18
TORCHFORT::WANDB: model: rlwm, step: 41, reward_sum: 2725.18
TORCHFORT::WANDB: model: rlwm, step: 41, reward_sum: 2725.18
TORCHFORT::WANDB: model: critic_0, step: 621, train_loss: 0.0945162
TORCHFORT::WANDB: model: critic_0, step: 621, train_lr: 0.001
TORCHFORT::WANDB: model: actor, step: 621, train_loss: 0.429792
TORCHFORT::WANDB: model: actor, step: 621, train_lr: 0.001
TORCHFORT::WANDB: model: alpha, step: 621, train_loss: -2.86222
TORCHFORT::WANDB: model: alpha, step: 621, train_lr: 0.0001
TORCHFORT::WANDB: model: critic_0, step: 622, train_loss: 0.0958692
TORCHFORT::WANDB: model: critic_0, step: 622, train_lr: 0.001
TORCHFORT::WANDB: model: actor, step: 622, train_loss: 0.404028
TORCHFORT::WANDB: model: actor, step: 622, train_lr: 0.001
TORCHFORT::WANDB: model: alpha, step: 622, train_loss: -2.8585
TORCHFORT::WANDB: model: alpha, step: 622, train_lr: 0.0001
TORCHFORT::WANDB: model: critic_0, step: 623, train_loss: 0.0929512
TORCHFORT::WANDB: model: critic_0, step: 623, train_lr: 0.001
TORCHFORT::WANDB: model: actor, step: 623, train_loss: 0.407745
TORCHFORT::WANDB: model: actor, step: 623, train_lr: 0.001
TORCHFORT::WANDB: model: alpha, step: 623, train_loss: -2.86376
TORCHFORT::WANDB: model: alpha, step: 623, train_lr: 0.0001
TORCHFORT::WANDB: model: critic_0, step: 624, train_loss: 0.0940948
TORCHFORT::WANDB: model: critic_0, step: 624, train_lr: 0.001
TORCHFORT::WANDB: model: actor, step: 624, train_loss: 0.423373
TORCHFORT::WANDB: model: actor, step: 624, train_lr: 0.001
TORCHFORT::WANDB: model: alpha, step: 624, train_loss: -2.86194
TORCHFORT::WANDB: model: alpha, step: 624, train_lr: 0.0001
TORCHFORT::WANDB: model: critic_0, step: 625, train_loss: 0.0944174
TORCHFORT::WANDB: model: critic_0, step: 625, train_lr: 0.001
TORCHFORT::WANDB: model: actor, step: 625, train_loss: 0.414663
TORCHFORT::WANDB: model: actor, step: 625, train_lr: 0.001
TORCHFORT::WANDB: model: alpha, step: 625, train_loss: -2.85929
TORCHFORT::WANDB: model: alpha, step: 625, train_lr: 0.0001
TORCHFORT::WANDB: model: critic_0, step: 626, train_loss: 0.0934746
TORCHFORT::WANDB: model: critic_0, step: 626, train_lr: 0.001
TORCHFORT::WANDB: model: actor, step: 626, train_loss: 0.417802
TORCHFORT::WANDB: model: actor, step: 626, train_lr: 0.001
TORCHFORT::WANDB: model: alpha, step: 626, train_loss: -2.86118
TORCHFORT::WANDB: model: alpha, step: 626, train_lr: 0.0001
TORCHFORT::WANDB: model: critic_0, step: 627, train_loss: 0.0917934
TORCHFORT::WANDB: model: critic_0, step: 627, train_lr: 0.001
TORCHFORT::WANDB: model: actor, step: 627, train_loss: 0.413469
TORCHFORT::WANDB: model: actor, step: 627, train_lr: 0.001
TORCHFORT::WANDB: model: alpha, step: 627, train_loss: -2.8678
TORCHFORT::WANDB: model: alpha, step: 627, train_lr: 0.0001
TORCHFORT::WANDB: model: critic_0, step: 628, train_loss: 0.0905515
TORCHFORT::WANDB: model: critic_0, step: 628, train_lr: 0.001
TORCHFORT::WANDB: model: actor, step: 628, train_loss: 0.414784
TORCHFORT::WANDB: model: actor, step: 628, train_lr: 0.001
TORCHFORT::WANDB: model: alpha, step: 628, train_loss: -2.86285
TORCHFORT::WANDB: model: alpha, step: 628, train_lr: 0.0001
TORCHFORT::WANDB: model: critic_0, step: 629, train_loss: 0.0893257
TORCHFORT::WANDB: model: critic_0, step: 629, train_lr: 0.001
TORCHFORT::WANDB: model: actor, step: 629, train_loss: 0.401552
TORCHFORT::WANDB: model: actor, step: 629, train_lr: 0.001
TORCHFORT::WANDB: model: alpha, step: 629, train_loss: -2.86591
TORCHFORT::WANDB: model: alpha, step: 629, train_lr: 0.0001
TORCHFORT::WANDB: model: critic_0, step: 630, train_loss: 0.0961206
TORCHFORT::WANDB: model: critic_0, step: 630, train_lr: 0.001
TORCHFORT::WANDB: model: actor, step: 630, train_loss: 0.414921
TORCHFORT::WANDB: model: actor, step: 630, train_lr: 0.001
TORCHFORT::WANDB: model: alpha, step: 630, train_loss: -2.86652
TORCHFORT::WANDB: model: alpha, step: 630, train_lr: 0.0001
TORCHFORT::WANDB: model: critic_0, step: 631, train_loss: 0.0939737
TORCHFORT::WANDB: model: critic_0, step: 631, train_lr: 0.001
TORCHFORT::WANDB: model: actor, step: 631, train_loss: 0.403904
TORCHFORT::WANDB: model: actor, step: 631, train_lr: 0.001
TORCHFORT::WANDB: model: alpha, step: 631, train_loss: -2.86431
TORCHFORT::WANDB: model: alpha, step: 631, train_lr: 0.0001
TORCHFORT::WANDB: model: critic_0, step: 632, train_loss: 0.0928343
TORCHFORT::WANDB: model: critic_0, step: 632, train_lr: 0.001
TORCHFORT::WANDB: model: actor, step: 632, train_loss: 0.405849
TORCHFORT::WANDB: model: actor, step: 632, train_lr: 0.001
TORCHFORT::WANDB: model: alpha, step: 632, train_loss: -2.86549
TORCHFORT::WANDB: model: alpha, step: 632, train_lr: 0.0001
TORCHFORT::WANDB: model: critic_0, step: 633, train_loss: 0.0893895
TORCHFORT::WANDB: model: critic_0, step: 633, train_lr: 0.001
TORCHFORT::WANDB: model: actor, step: 633, train_loss: 0.411234
TORCHFORT::WANDB: model: actor, step: 633, train_lr: 0.001
TORCHFORT::WANDB: model: alpha, step: 633, train_loss: -2.86515
TORCHFORT::WANDB: model: alpha, step: 633, train_lr: 0.0001
TORCHFORT::WANDB: model: critic_0, step: 634, train_loss: 0.0900245
TORCHFORT::WANDB: model: critic_0, step: 634, train_lr: 0.001
TORCHFORT::WANDB: model: actor, step: 634, train_loss: 0.400587
TORCHFORT::WANDB: model: actor, step: 634, train_lr: 0.001
TORCHFORT::WANDB: model: alpha, step: 634, train_loss: -2.86462
TORCHFORT::WANDB: model: alpha, step: 634, train_lr: 0.0001
TORCHFORT::WANDB: model: critic_0, step: 635, train_loss: 0.0899003
TORCHFORT::WANDB: model: critic_0, step: 635, train_lr: 0.001
TORCHFORT::WANDB: model: actor, step: 635, train_loss: 0.395334
TORCHFORT::WANDB: model: actor, step: 635, train_lr: 0.001
TORCHFORT::WANDB: model: alpha, step: 635, train_loss: -2.87055
TORCHFORT::WANDB: model: alpha, step: 635, train_lr: 0.0001
TORCHFORT::WANDB: model: critic_0, step: 636, train_loss: 0.0889069
TORCHFORT::WANDB: model: critic_0, step: 636, train_lr: 0.001
TORCHFORT::WANDB: model: actor, step: 636, train_loss: 0.415992
TORCHFORT::WANDB: model: actor, step: 636, train_lr: 0.001
TORCHFORT::WANDB: model: alpha, step: 636, train_loss: -2.86515
TORCHFORT::WANDB: model: alpha, step: 636, train_lr: 0.0001
TORCHFORT::WANDB: model: critic_0, step: 637, train_loss: 0.0901083
TORCHFORT::WANDB: model: critic_0, step: 637, train_lr: 0.001
TORCHFORT::WANDB: model: actor, step: 637, train_loss: 0.403194
TORCHFORT::WANDB: model: actor, step: 637, train_lr: 0.001
TORCHFORT::WANDB: model: alpha, step: 637, train_loss: -2.86584
TORCHFORT::WANDB: model: alpha, step: 637, train_lr: 0.0001
TORCHFORT::WANDB: model: critic_0, step: 638, train_loss: 0.0912398
TORCHFORT::WANDB: model: critic_0, step: 638, train_lr: 0.001
TORCHFORT::WANDB: model: actor, step: 638, train_loss: 0.37628
TORCHFORT::WANDB: model: actor, step: 638, train_lr: 0.001
TORCHFORT::WANDB: model: alpha, step: 638, train_loss: -2.86614
TORCHFORT::WANDB: model: alpha, step: 638, train_lr: 0.0001
TORCHFORT::WANDB: model: critic_0, step: 639, train_loss: 0.0909908
TORCHFORT::WANDB: model: critic_0, step: 639, train_lr: 0.001
TORCHFORT::WANDB: model: actor, step: 639, train_loss: 0.389788
TORCHFORT::WANDB: model: actor, step: 639, train_lr: 0.001
TORCHFORT::WANDB: model: alpha, step: 639, train_loss: -2.86657
TORCHFORT::WANDB: model: alpha, step: 639, train_lr: 0.0001
TORCHFORT::WANDB: model: critic_0, step: 640, train_loss: 0.0888084
TORCHFORT::WANDB: model: critic_0, step: 640, train_lr: 0.001
TORCHFORT::WANDB: model: actor, step: 640, train_loss: 0.407066
TORCHFORT::WANDB: model: actor, step: 640, train_lr: 0.001
TORCHFORT::WANDB: model: alpha, step: 640, train_loss: -2.86302
TORCHFORT::WANDB: model: alpha, step: 640, train_lr: 0.0001
TORCHFORT::WANDB: model: rlwm, step: 42, reward_sum: 3087.34
TORCHFORT::WANDB: model: rlwm, step: 42, reward_sum: 3087.34
TORCHFORT::WANDB: model: rlwm, step: 42, reward_sum: 3087.34
TORCHFORT::WANDB: model: rlwm, step: 42, reward_sum: 3087.34
TORCHFORT::WANDB: model: critic_0, step: 641, train_loss: 0.0943776
TORCHFORT::WANDB: model: critic_0, step: 641, train_lr: 0.001
TORCHFORT::WANDB: model: actor, step: 641, train_loss: 0.408337
TORCHFORT::WANDB: model: actor, step: 641, train_lr: 0.001
TORCHFORT::WANDB: model: alpha, step: 641, train_loss: -2.86251
TORCHFORT::WANDB: model: alpha, step: 641, train_lr: 0.0001
TORCHFORT::WANDB: model: critic_0, step: 642, train_loss: 0.0936171
TORCHFORT::WANDB: model: critic_0, step: 642, train_lr: 0.001
TORCHFORT::WANDB: model: actor, step: 642, train_loss: 0.387671
TORCHFORT::WANDB: model: actor, step: 642, train_lr: 0.001
TORCHFORT::WANDB: model: alpha, step: 642, train_loss: -2.86866
TORCHFORT::WANDB: model: alpha, step: 642, train_lr: 0.0001
TORCHFORT::WANDB: model: critic_0, step: 643, train_loss: 0.0890661
TORCHFORT::WANDB: model: critic_0, step: 643, train_lr: 0.001
TORCHFORT::WANDB: model: actor, step: 643, train_loss: 0.389663
TORCHFORT::WANDB: model: actor, step: 643, train_lr: 0.001
TORCHFORT::WANDB: model: alpha, step: 643, train_loss: -2.86617
TORCHFORT::WANDB: model: alpha, step: 643, train_lr: 0.0001
TORCHFORT::WANDB: model: critic_0, step: 644, train_loss: 0.0925656
TORCHFORT::WANDB: model: critic_0, step: 644, train_lr: 0.001
TORCHFORT::WANDB: model: actor, step: 644, train_loss: 0.393822
TORCHFORT::WANDB: model: actor, step: 644, train_lr: 0.001
TORCHFORT::WANDB: model: alpha, step: 644, train_loss: -2.87032
TORCHFORT::WANDB: model: alpha, step: 644, train_lr: 0.0001
TORCHFORT::WANDB: model: critic_0, step: 645, train_loss: 0.0941264
TORCHFORT::WANDB: model: critic_0, step: 645, train_lr: 0.001
TORCHFORT::WANDB: model: actor, step: 645, train_loss: 0.398747
TORCHFORT::WANDB: model: actor, step: 645, train_lr: 0.001
TORCHFORT::WANDB: model: alpha, step: 645, train_loss: -2.86693
TORCHFORT::WANDB: model: alpha, step: 645, train_lr: 0.0001
TORCHFORT::WANDB: model: critic_0, step: 646, train_loss: 0.0943945
TORCHFORT::WANDB: model: critic_0, step: 646, train_lr: 0.001
TORCHFORT::WANDB: model: actor, step: 646, train_loss: 0.392958
TORCHFORT::WANDB: model: actor, step: 646, train_lr: 0.001
TORCHFORT::WANDB: model: alpha, step: 646, train_loss: -2.87035
TORCHFORT::WANDB: model: alpha, step: 646, train_lr: 0.0001
TORCHFORT::WANDB: model: critic_0, step: 647, train_loss: 0.0978788
TORCHFORT::WANDB: model: critic_0, step: 647, train_lr: 0.001
TORCHFORT::WANDB: model: actor, step: 647, train_loss: 0.382718
TORCHFORT::WANDB: model: actor, step: 647, train_lr: 0.001
TORCHFORT::WANDB: model: alpha, step: 647, train_loss: -2.87278
TORCHFORT::WANDB: model: alpha, step: 647, train_lr: 0.0001
TORCHFORT::WANDB: model: critic_0, step: 648, train_loss: 0.0975119
TORCHFORT::WANDB: model: critic_0, step: 648, train_lr: 0.001
TORCHFORT::WANDB: model: actor, step: 648, train_loss: 0.392162
TORCHFORT::WANDB: model: actor, step: 648, train_lr: 0.001
TORCHFORT::WANDB: model: alpha, step: 648, train_loss: -2.87329
TORCHFORT::WANDB: model: alpha, step: 648, train_lr: 0.0001
TORCHFORT::WANDB: model: critic_0, step: 649, train_loss: 0.0885536
TORCHFORT::WANDB: model: critic_0, step: 649, train_lr: 0.001
TORCHFORT::WANDB: model: actor, step: 649, train_loss: 0.394292
TORCHFORT::WANDB: model: actor, step: 649, train_lr: 0.001
TORCHFORT::WANDB: model: alpha, step: 649, train_loss: -2.87005
TORCHFORT::WANDB: model: alpha, step: 649, train_lr: 0.0001
TORCHFORT::WANDB: model: critic_0, step: 650, train_loss: 0.0951216
TORCHFORT::WANDB: model: critic_0, step: 650, train_lr: 0.001
TORCHFORT::WANDB: model: actor, step: 650, train_loss: 0.374221
TORCHFORT::WANDB: model: actor, step: 650, train_lr: 0.001
TORCHFORT::WANDB: model: alpha, step: 650, train_loss: -2.87103
TORCHFORT::WANDB: model: alpha, step: 650, train_lr: 0.0001
TORCHFORT::WANDB: model: critic_0, step: 651, train_loss: 0.0923373
TORCHFORT::WANDB: model: critic_0, step: 651, train_lr: 0.001
TORCHFORT::WANDB: model: actor, step: 651, train_loss: 0.368324
TORCHFORT::WANDB: model: actor, step: 651, train_lr: 0.001
TORCHFORT::WANDB: model: alpha, step: 651, train_loss: -2.87314
TORCHFORT::WANDB: model: alpha, step: 651, train_lr: 0.0001
TORCHFORT::WANDB: model: critic_0, step: 652, train_loss: 0.0962949
TORCHFORT::WANDB: model: critic_0, step: 652, train_lr: 0.001
TORCHFORT::WANDB: model: actor, step: 652, train_loss: 0.388383
TORCHFORT::WANDB: model: actor, step: 652, train_lr: 0.001
TORCHFORT::WANDB: model: alpha, step: 652, train_loss: -2.87224
TORCHFORT::WANDB: model: alpha, step: 652, train_lr: 0.0001
TORCHFORT::WANDB: model: critic_0, step: 653, train_loss: 0.0924099
TORCHFORT::WANDB: model: critic_0, step: 653, train_lr: 0.001
TORCHFORT::WANDB: model: actor, step: 653, train_loss: 0.390355
TORCHFORT::WANDB: model: actor, step: 653, train_lr: 0.001
TORCHFORT::WANDB: model: alpha, step: 653, train_loss: -2.86481
TORCHFORT::WANDB: model: alpha, step: 653, train_lr: 0.0001
TORCHFORT::WANDB: model: critic_0, step: 654, train_loss: 0.0955853
TORCHFORT::WANDB: model: critic_0, step: 654, train_lr: 0.001
TORCHFORT::WANDB: model: actor, step: 654, train_loss: 0.359738
TORCHFORT::WANDB: model: actor, step: 654, train_lr: 0.001
TORCHFORT::WANDB: model: alpha, step: 654, train_loss: -2.86408
TORCHFORT::WANDB: model: alpha, step: 654, train_lr: 0.0001
TORCHFORT::WANDB: model: critic_0, step: 655, train_loss: 0.0915614
TORCHFORT::WANDB: model: critic_0, step: 655, train_lr: 0.001
TORCHFORT::WANDB: model: actor, step: 655, train_loss: 0.349078
TORCHFORT::WANDB: model: actor, step: 655, train_lr: 0.001
TORCHFORT::WANDB: model: alpha, step: 655, train_loss: -2.86779
TORCHFORT::WANDB: model: alpha, step: 655, train_lr: 0.0001
TORCHFORT::WANDB: model: critic_0, step: 656, train_loss: 0.0919211
TORCHFORT::WANDB: model: critic_0, step: 656, train_lr: 0.001
TORCHFORT::WANDB: model: actor, step: 656, train_loss: 0.387283
TORCHFORT::WANDB: model: actor, step: 656, train_lr: 0.001
TORCHFORT::WANDB: model: alpha, step: 656, train_loss: -2.87471
TORCHFORT::WANDB: model: alpha, step: 656, train_lr: 0.0001
TORCHFORT::WANDB: model: critic_0, step: 657, train_loss: 0.0904439
TORCHFORT::WANDB: model: critic_0, step: 657, train_lr: 0.001
TORCHFORT::WANDB: model: actor, step: 657, train_loss: 0.395315
TORCHFORT::WANDB: model: actor, step: 657, train_lr: 0.001
TORCHFORT::WANDB: model: alpha, step: 657, train_loss: -2.87401
TORCHFORT::WANDB: model: alpha, step: 657, train_lr: 0.0001
TORCHFORT::WANDB: model: critic_0, step: 658, train_loss: 0.0908816
TORCHFORT::WANDB: model: critic_0, step: 658, train_lr: 0.001
TORCHFORT::WANDB: model: actor, step: 658, train_loss: 0.36321
TORCHFORT::WANDB: model: actor, step: 658, train_lr: 0.001
TORCHFORT::WANDB: model: alpha, step: 658, train_loss: -2.871
TORCHFORT::WANDB: model: alpha, step: 658, train_lr: 0.0001
TORCHFORT::WANDB: model: critic_0, step: 659, train_loss: 0.089432
TORCHFORT::WANDB: model: critic_0, step: 659, train_lr: 0.001
TORCHFORT::WANDB: model: actor, step: 659, train_loss: 0.342183
TORCHFORT::WANDB: model: actor, step: 659, train_lr: 0.001
TORCHFORT::WANDB: model: alpha, step: 659, train_loss: -2.87493
TORCHFORT::WANDB: model: alpha, step: 659, train_lr: 0.0001
TORCHFORT::WANDB: model: critic_0, step: 660, train_loss: 0.0895193
TORCHFORT::WANDB: model: critic_0, step: 660, train_lr: 0.001
TORCHFORT::WANDB: model: actor, step: 660, train_loss: 0.377811
TORCHFORT::WANDB: model: actor, step: 660, train_lr: 0.001
TORCHFORT::WANDB: model: alpha, step: 660, train_loss: -2.87397
TORCHFORT::WANDB: model: alpha, step: 660, train_lr: 0.0001
TORCHFORT::WANDB: model: rlwm, step: 43, reward_sum: 3248.9
TORCHFORT::WANDB: model: rlwm, step: 43, reward_sum: 3248.9
TORCHFORT::WANDB: model: rlwm, step: 43, reward_sum: 3248.9
TORCHFORT::WANDB: model: rlwm, step: 43, reward_sum: 3248.9
TORCHFORT::WANDB: model: critic_0, step: 661, train_loss: 0.0935855
TORCHFORT::WANDB: model: critic_0, step: 661, train_lr: 0.001
TORCHFORT::WANDB: model: actor, step: 661, train_loss: 0.388276
TORCHFORT::WANDB: model: actor, step: 661, train_lr: 0.001
TORCHFORT::WANDB: model: alpha, step: 661, train_loss: -2.876
TORCHFORT::WANDB: model: alpha, step: 661, train_lr: 0.0001
TORCHFORT::WANDB: model: critic_0, step: 662, train_loss: 0.099027
TORCHFORT::WANDB: model: critic_0, step: 662, train_lr: 0.001
TORCHFORT::WANDB: model: actor, step: 662, train_loss: 0.352554
TORCHFORT::WANDB: model: actor, step: 662, train_lr: 0.001
TORCHFORT::WANDB: model: alpha, step: 662, train_loss: -2.87319
TORCHFORT::WANDB: model: alpha, step: 662, train_lr: 0.0001
TORCHFORT::WANDB: model: critic_0, step: 663, train_loss: 0.0934676
TORCHFORT::WANDB: model: critic_0, step: 663, train_lr: 0.001
TORCHFORT::WANDB: model: actor, step: 663, train_loss: 0.35075
TORCHFORT::WANDB: model: actor, step: 663, train_lr: 0.001
TORCHFORT::WANDB: model: alpha, step: 663, train_loss: -2.87244
TORCHFORT::WANDB: model: alpha, step: 663, train_lr: 0.0001
TORCHFORT::WANDB: model: critic_0, step: 664, train_loss: 0.0929818
TORCHFORT::WANDB: model: critic_0, step: 664, train_lr: 0.001
TORCHFORT::WANDB: model: actor, step: 664, train_loss: 0.388239
TORCHFORT::WANDB: model: actor, step: 664, train_lr: 0.001
TORCHFORT::WANDB: model: alpha, step: 664, train_loss: -2.87399
TORCHFORT::WANDB: model: alpha, step: 664, train_lr: 0.0001
TORCHFORT::WANDB: model: critic_0, step: 665, train_loss: 0.0962185
TORCHFORT::WANDB: model: critic_0, step: 665, train_lr: 0.001
TORCHFORT::WANDB: model: actor, step: 665, train_loss: 0.381138
TORCHFORT::WANDB: model: actor, step: 665, train_lr: 0.001
TORCHFORT::WANDB: model: alpha, step: 665, train_loss: -2.87425
TORCHFORT::WANDB: model: alpha, step: 665, train_lr: 0.0001
TORCHFORT::WANDB: model: critic_0, step: 666, train_loss: 0.101071
TORCHFORT::WANDB: model: critic_0, step: 666, train_lr: 0.001
TORCHFORT::WANDB: model: actor, step: 666, train_loss: 0.335812
TORCHFORT::WANDB: model: actor, step: 666, train_lr: 0.001
TORCHFORT::WANDB: model: alpha, step: 666, train_loss: -2.87465
TORCHFORT::WANDB: model: alpha, step: 666, train_lr: 0.0001
TORCHFORT::WANDB: model: critic_0, step: 667, train_loss: 0.0963035
TORCHFORT::WANDB: model: critic_0, step: 667, train_lr: 0.001
TORCHFORT::WANDB: model: actor, step: 667, train_loss: 0.356339
TORCHFORT::WANDB: model: actor, step: 667, train_lr: 0.001
TORCHFORT::WANDB: model: alpha, step: 667, train_loss: -2.86927
TORCHFORT::WANDB: model: alpha, step: 667, train_lr: 0.0001
TORCHFORT::WANDB: model: critic_0, step: 668, train_loss: 0.0973606
TORCHFORT::WANDB: model: critic_0, step: 668, train_lr: 0.001
TORCHFORT::WANDB: model: actor, step: 668, train_loss: 0.404176
TORCHFORT::WANDB: model: actor, step: 668, train_lr: 0.001
TORCHFORT::WANDB: model: alpha, step: 668, train_loss: -2.87386
TORCHFORT::WANDB: model: alpha, step: 668, train_lr: 0.0001
TORCHFORT::WANDB: model: critic_0, step: 669, train_loss: 0.0962069
TORCHFORT::WANDB: model: critic_0, step: 669, train_lr: 0.001
TORCHFORT::WANDB: model: actor, step: 669, train_loss: 0.362391
TORCHFORT::WANDB: model: actor, step: 669, train_lr: 0.001
TORCHFORT::WANDB: model: alpha, step: 669, train_loss: -2.87075
TORCHFORT::WANDB: model: alpha, step: 669, train_lr: 0.0001
TORCHFORT::WANDB: model: critic_0, step: 670, train_loss: 0.0940441
TORCHFORT::WANDB: model: critic_0, step: 670, train_lr: 0.001
TORCHFORT::WANDB: model: actor, step: 670, train_loss: 0.325319
TORCHFORT::WANDB: model: actor, step: 670, train_lr: 0.001
TORCHFORT::WANDB: model: alpha, step: 670, train_loss: -2.8725
TORCHFORT::WANDB: model: alpha, step: 670, train_lr: 0.0001
TORCHFORT::WANDB: model: critic_0, step: 671, train_loss: 0.101406
TORCHFORT::WANDB: model: critic_0, step: 671, train_lr: 0.001
TORCHFORT::WANDB: model: actor, step: 671, train_loss: 0.349681
TORCHFORT::WANDB: model: actor, step: 671, train_lr: 0.001
TORCHFORT::WANDB: model: alpha, step: 671, train_loss: -2.87655
TORCHFORT::WANDB: model: alpha, step: 671, train_lr: 0.0001
TORCHFORT::WANDB: model: critic_0, step: 672, train_loss: 0.095313
TORCHFORT::WANDB: model: critic_0, step: 672, train_lr: 0.001
TORCHFORT::WANDB: model: actor, step: 672, train_loss: 0.378315
TORCHFORT::WANDB: model: actor, step: 672, train_lr: 0.001
TORCHFORT::WANDB: model: alpha, step: 672, train_loss: -2.87852
TORCHFORT::WANDB: model: alpha, step: 672, train_lr: 0.0001
TORCHFORT::WANDB: model: critic_0, step: 673, train_loss: 0.0940643
TORCHFORT::WANDB: model: critic_0, step: 673, train_lr: 0.001
TORCHFORT::WANDB: model: actor, step: 673, train_loss: 0.352263
TORCHFORT::WANDB: model: actor, step: 673, train_lr: 0.001
TORCHFORT::WANDB: model: alpha, step: 673, train_loss: -2.87503
TORCHFORT::WANDB: model: alpha, step: 673, train_lr: 0.0001
TORCHFORT::WANDB: model: critic_0, step: 674, train_loss: 0.0915259
TORCHFORT::WANDB: model: critic_0, step: 674, train_lr: 0.001
TORCHFORT::WANDB: model: actor, step: 674, train_loss: 0.324211
TORCHFORT::WANDB: model: actor, step: 674, train_lr: 0.001
TORCHFORT::WANDB: model: alpha, step: 674, train_loss: -2.87623
TORCHFORT::WANDB: model: alpha, step: 674, train_lr: 0.0001
TORCHFORT::WANDB: model: critic_0, step: 675, train_loss: 0.0937679
TORCHFORT::WANDB: model: critic_0, step: 675, train_lr: 0.001
TORCHFORT::WANDB: model: actor, step: 675, train_loss: 0.34262
TORCHFORT::WANDB: model: actor, step: 675, train_lr: 0.001
TORCHFORT::WANDB: model: alpha, step: 675, train_loss: -2.87577
TORCHFORT::WANDB: model: alpha, step: 675, train_lr: 0.0001
TORCHFORT::WANDB: model: critic_0, step: 676, train_loss: 0.091738
TORCHFORT::WANDB: model: critic_0, step: 676, train_lr: 0.001
TORCHFORT::WANDB: model: actor, step: 676, train_loss: 0.378554
TORCHFORT::WANDB: model: actor, step: 676, train_lr: 0.001
TORCHFORT::WANDB: model: alpha, step: 676, train_loss: -2.88466
TORCHFORT::WANDB: model: alpha, step: 676, train_lr: 0.0001
TORCHFORT::WANDB: model: critic_0, step: 677, train_loss: 0.0987775
TORCHFORT::WANDB: model: critic_0, step: 677, train_lr: 0.001
TORCHFORT::WANDB: model: actor, step: 677, train_loss: 0.354539
TORCHFORT::WANDB: model: actor, step: 677, train_lr: 0.001
TORCHFORT::WANDB: model: alpha, step: 677, train_loss: -2.88365
TORCHFORT::WANDB: model: alpha, step: 677, train_lr: 0.0001
TORCHFORT::WANDB: model: critic_0, step: 678, train_loss: 0.0946036
TORCHFORT::WANDB: model: critic_0, step: 678, train_lr: 0.001
TORCHFORT::WANDB: model: actor, step: 678, train_loss: 0.31232
TORCHFORT::WANDB: model: actor, step: 678, train_lr: 0.001
TORCHFORT::WANDB: model: alpha, step: 678, train_loss: -2.87794
TORCHFORT::WANDB: model: alpha, step: 678, train_lr: 0.0001
TORCHFORT::WANDB: model: critic_0, step: 679, train_loss: 0.0957445
TORCHFORT::WANDB: model: critic_0, step: 679, train_lr: 0.001
TORCHFORT::WANDB: model: actor, step: 679, train_loss: 0.347176
TORCHFORT::WANDB: model: actor, step: 679, train_lr: 0.001
TORCHFORT::WANDB: model: alpha, step: 679, train_loss: -2.88193
TORCHFORT::WANDB: model: alpha, step: 679, train_lr: 0.0001
TORCHFORT::WANDB: model: critic_0, step: 680, train_loss: 0.0948496
TORCHFORT::WANDB: model: critic_0, step: 680, train_lr: 0.001
TORCHFORT::WANDB: model: actor, step: 680, train_loss: 0.369191
TORCHFORT::WANDB: model: actor, step: 680, train_lr: 0.001
TORCHFORT::WANDB: model: alpha, step: 680, train_loss: -2.87992
TORCHFORT::WANDB: model: alpha, step: 680, train_lr: 0.0001
TORCHFORT::WANDB: model: rlwm, step: 44, reward_sum: 2235.24
TORCHFORT::WANDB: model: rlwm, step: 44, reward_sum: 2235.24
TORCHFORT::WANDB: model: rlwm, step: 44, reward_sum: 2235.24
TORCHFORT::WANDB: model: rlwm, step: 44, reward_sum: 2235.24
TORCHFORT::WANDB: model: critic_0, step: 681, train_loss: 0.100199
TORCHFORT::WANDB: model: critic_0, step: 681, train_lr: 0.001
TORCHFORT::WANDB: model: actor, step: 681, train_loss: 0.342016
TORCHFORT::WANDB: model: actor, step: 681, train_lr: 0.001
TORCHFORT::WANDB: model: alpha, step: 681, train_loss: -2.88009
TORCHFORT::WANDB: model: alpha, step: 681, train_lr: 0.0001
TORCHFORT::WANDB: model: critic_0, step: 682, train_loss: 0.0959019
TORCHFORT::WANDB: model: critic_0, step: 682, train_lr: 0.001
TORCHFORT::WANDB: model: actor, step: 682, train_loss: 0.322668
TORCHFORT::WANDB: model: actor, step: 682, train_lr: 0.001
TORCHFORT::WANDB: model: alpha, step: 682, train_loss: -2.88025
TORCHFORT::WANDB: model: alpha, step: 682, train_lr: 0.0001
TORCHFORT::WANDB: model: critic_0, step: 683, train_loss: 0.0982141
TORCHFORT::WANDB: model: critic_0, step: 683, train_lr: 0.001
TORCHFORT::WANDB: model: actor, step: 683, train_loss: 0.342153
TORCHFORT::WANDB: model: actor, step: 683, train_lr: 0.001
TORCHFORT::WANDB: model: alpha, step: 683, train_loss: -2.87744
TORCHFORT::WANDB: model: alpha, step: 683, train_lr: 0.0001
TORCHFORT::WANDB: model: critic_0, step: 684, train_loss: 0.0957616
TORCHFORT::WANDB: model: critic_0, step: 684, train_lr: 0.001
TORCHFORT::WANDB: model: actor, step: 684, train_loss: 0.346721
TORCHFORT::WANDB: model: actor, step: 684, train_lr: 0.001
TORCHFORT::WANDB: model: alpha, step: 684, train_loss: -2.87752
TORCHFORT::WANDB: model: alpha, step: 684, train_lr: 0.0001
TORCHFORT::WANDB: model: critic_0, step: 685, train_loss: 0.097417
TORCHFORT::WANDB: model: critic_0, step: 685, train_lr: 0.001
TORCHFORT::WANDB: model: actor, step: 685, train_loss: 0.330441
TORCHFORT::WANDB: model: actor, step: 685, train_lr: 0.001
TORCHFORT::WANDB: model: alpha, step: 685, train_loss: -2.88039
TORCHFORT::WANDB: model: alpha, step: 685, train_lr: 0.0001
TORCHFORT::WANDB: model: critic_0, step: 686, train_loss: 0.0988609
TORCHFORT::WANDB: model: critic_0, step: 686, train_lr: 0.001
TORCHFORT::WANDB: model: actor, step: 686, train_loss: 0.310227
TORCHFORT::WANDB: model: actor, step: 686, train_lr: 0.001
TORCHFORT::WANDB: model: alpha, step: 686, train_loss: -2.88045
TORCHFORT::WANDB: model: alpha, step: 686, train_lr: 0.0001
TORCHFORT::WANDB: model: critic_0, step: 687, train_loss: 0.0966365
TORCHFORT::WANDB: model: critic_0, step: 687, train_lr: 0.001
TORCHFORT::WANDB: model: actor, step: 687, train_loss: 0.346791
TORCHFORT::WANDB: model: actor, step: 687, train_lr: 0.001
TORCHFORT::WANDB: model: alpha, step: 687, train_loss: -2.88177
TORCHFORT::WANDB: model: alpha, step: 687, train_lr: 0.0001
TORCHFORT::WANDB: model: critic_0, step: 688, train_loss: 0.0998407
TORCHFORT::WANDB: model: critic_0, step: 688, train_lr: 0.001
TORCHFORT::WANDB: model: actor, step: 688, train_loss: 0.347282
TORCHFORT::WANDB: model: actor, step: 688, train_lr: 0.001
TORCHFORT::WANDB: model: alpha, step: 688, train_loss: -2.88018
TORCHFORT::WANDB: model: alpha, step: 688, train_lr: 0.0001
TORCHFORT::WANDB: model: critic_0, step: 689, train_loss: 0.100853
TORCHFORT::WANDB: model: critic_0, step: 689, train_lr: 0.001
TORCHFORT::WANDB: model: actor, step: 689, train_loss: 0.318092
TORCHFORT::WANDB: model: actor, step: 689, train_lr: 0.001
TORCHFORT::WANDB: model: alpha, step: 689, train_loss: -2.88023
TORCHFORT::WANDB: model: alpha, step: 689, train_lr: 0.0001
TORCHFORT::WANDB: model: critic_0, step: 690, train_loss: 0.0957839
TORCHFORT::WANDB: model: critic_0, step: 690, train_lr: 0.001
TORCHFORT::WANDB: model: actor, step: 690, train_loss: 0.3072
TORCHFORT::WANDB: model: actor, step: 690, train_lr: 0.001
TORCHFORT::WANDB: model: alpha, step: 690, train_loss: -2.88568
TORCHFORT::WANDB: model: alpha, step: 690, train_lr: 0.0001
TORCHFORT::WANDB: model: critic_0, step: 691, train_loss: 0.0931789
TORCHFORT::WANDB: model: critic_0, step: 691, train_lr: 0.001
TORCHFORT::WANDB: model: actor, step: 691, train_loss: 0.330644
TORCHFORT::WANDB: model: actor, step: 691, train_lr: 0.001
TORCHFORT::WANDB: model: alpha, step: 691, train_loss: -2.8789
TORCHFORT::WANDB: model: alpha, step: 691, train_lr: 0.0001
TORCHFORT::WANDB: model: critic_0, step: 692, train_loss: 0.0961065
TORCHFORT::WANDB: model: critic_0, step: 692, train_lr: 0.001
TORCHFORT::WANDB: model: actor, step: 692, train_loss: 0.353811
TORCHFORT::WANDB: model: actor, step: 692, train_lr: 0.001
TORCHFORT::WANDB: model: alpha, step: 692, train_loss: -2.88861
TORCHFORT::WANDB: model: alpha, step: 692, train_lr: 0.0001
TORCHFORT::WANDB: model: critic_0, step: 693, train_loss: 0.0980024
TORCHFORT::WANDB: model: critic_0, step: 693, train_lr: 0.001
TORCHFORT::WANDB: model: actor, step: 693, train_loss: 0.310745
TORCHFORT::WANDB: model: actor, step: 693, train_lr: 0.001
TORCHFORT::WANDB: model: alpha, step: 693, train_loss: -2.8811
TORCHFORT::WANDB: model: alpha, step: 693, train_lr: 0.0001
TORCHFORT::WANDB: model: critic_0, step: 694, train_loss: 0.0981281
TORCHFORT::WANDB: model: critic_0, step: 694, train_lr: 0.001
TORCHFORT::WANDB: model: actor, step: 694, train_loss: 0.299051
TORCHFORT::WANDB: model: actor, step: 694, train_lr: 0.001
TORCHFORT::WANDB: model: alpha, step: 694, train_loss: -2.89054
TORCHFORT::WANDB: model: alpha, step: 694, train_lr: 0.0001
TORCHFORT::WANDB: model: critic_0, step: 695, train_loss: 0.0998348
TORCHFORT::WANDB: model: critic_0, step: 695, train_lr: 0.001
TORCHFORT::WANDB: model: actor, step: 695, train_loss: 0.324893
TORCHFORT::WANDB: model: actor, step: 695, train_lr: 0.001
TORCHFORT::WANDB: model: alpha, step: 695, train_loss: -2.88589
TORCHFORT::WANDB: model: alpha, step: 695, train_lr: 0.0001
TORCHFORT::WANDB: model: critic_0, step: 696, train_loss: 0.0948832
TORCHFORT::WANDB: model: critic_0, step: 696, train_lr: 0.001
TORCHFORT::WANDB: model: actor, step: 696, train_loss: 0.354923
TORCHFORT::WANDB: model: actor, step: 696, train_lr: 0.001
TORCHFORT::WANDB: model: alpha, step: 696, train_loss: -2.88398
TORCHFORT::WANDB: model: alpha, step: 696, train_lr: 0.0001
TORCHFORT::WANDB: model: critic_0, step: 697, train_loss: 0.099251
TORCHFORT::WANDB: model: critic_0, step: 697, train_lr: 0.001
TORCHFORT::WANDB: model: actor, step: 697, train_loss: 0.318268
TORCHFORT::WANDB: model: actor, step: 697, train_lr: 0.001
TORCHFORT::WANDB: model: alpha, step: 697, train_loss: -2.88695
TORCHFORT::WANDB: model: alpha, step: 697, train_lr: 0.0001
TORCHFORT::WANDB: model: critic_0, step: 698, train_loss: 0.0913037
TORCHFORT::WANDB: model: critic_0, step: 698, train_lr: 0.001
TORCHFORT::WANDB: model: actor, step: 698, train_loss: 0.290079
TORCHFORT::WANDB: model: actor, step: 698, train_lr: 0.001
TORCHFORT::WANDB: model: alpha, step: 698, train_loss: -2.88934
TORCHFORT::WANDB: model: alpha, step: 698, train_lr: 0.0001
TORCHFORT::WANDB: model: critic_0, step: 699, train_loss: 0.0967957
TORCHFORT::WANDB: model: critic_0, step: 699, train_lr: 0.001
TORCHFORT::WANDB: model: actor, step: 699, train_loss: 0.315529
TORCHFORT::WANDB: model: actor, step: 699, train_lr: 0.001
TORCHFORT::WANDB: model: alpha, step: 699, train_loss: -2.88487
TORCHFORT::WANDB: model: alpha, step: 699, train_lr: 0.0001
TORCHFORT::WANDB: model: critic_0, step: 700, train_loss: 0.0943705
TORCHFORT::WANDB: model: critic_0, step: 700, train_lr: 0.001
TORCHFORT::WANDB: model: actor, step: 700, train_loss: 0.33197
TORCHFORT::WANDB: model: actor, step: 700, train_lr: 0.001
TORCHFORT::WANDB: model: alpha, step: 700, train_loss: -2.88959
TORCHFORT::WANDB: model: alpha, step: 700, train_lr: 0.0001
TORCHFORT::WANDB: model: rlwm, step: 45, reward_sum: 2620.01
TORCHFORT::WANDB: model: rlwm, step: 45, reward_sum: 2620.01
TORCHFORT::WANDB: model: rlwm, step: 45, reward_sum: 2620.01
TORCHFORT::WANDB: model: rlwm, step: 45, reward_sum: 2620.01
TORCHFORT::WANDB: model: critic_0, step: 701, train_loss: 0.102272
TORCHFORT::WANDB: model: critic_0, step: 701, train_lr: 0.001
TORCHFORT::WANDB: model: actor, step: 701, train_loss: 0.317073
TORCHFORT::WANDB: model: actor, step: 701, train_lr: 0.001
TORCHFORT::WANDB: model: alpha, step: 701, train_loss: -2.88518
TORCHFORT::WANDB: model: alpha, step: 701, train_lr: 0.0001
TORCHFORT::WANDB: model: critic_0, step: 702, train_loss: 0.0994613
TORCHFORT::WANDB: model: critic_0, step: 702, train_lr: 0.001
TORCHFORT::WANDB: model: actor, step: 702, train_loss: 0.288372
TORCHFORT::WANDB: model: actor, step: 702, train_lr: 0.001
TORCHFORT::WANDB: model: alpha, step: 702, train_loss: -2.88818
TORCHFORT::WANDB: model: alpha, step: 702, train_lr: 0.0001
TORCHFORT::WANDB: model: critic_0, step: 703, train_loss: 0.0970307
TORCHFORT::WANDB: model: critic_0, step: 703, train_lr: 0.001
TORCHFORT::WANDB: model: actor, step: 703, train_loss: 0.306337
TORCHFORT::WANDB: model: actor, step: 703, train_lr: 0.001
TORCHFORT::WANDB: model: alpha, step: 703, train_loss: -2.88637
TORCHFORT::WANDB: model: alpha, step: 703, train_lr: 0.0001
TORCHFORT::WANDB: model: critic_0, step: 704, train_loss: 0.0988369
TORCHFORT::WANDB: model: critic_0, step: 704, train_lr: 0.001
TORCHFORT::WANDB: model: actor, step: 704, train_loss: 0.332658
TORCHFORT::WANDB: model: actor, step: 704, train_lr: 0.001
TORCHFORT::WANDB: model: alpha, step: 704, train_loss: -2.88484
TORCHFORT::WANDB: model: alpha, step: 704, train_lr: 0.0001
TORCHFORT::WANDB: model: critic_0, step: 705, train_loss: 0.10262
TORCHFORT::WANDB: model: critic_0, step: 705, train_lr: 0.001
TORCHFORT::WANDB: model: actor, step: 705, train_loss: 0.314002
TORCHFORT::WANDB: model: actor, step: 705, train_lr: 0.001
TORCHFORT::WANDB: model: alpha, step: 705, train_loss: -2.89179
TORCHFORT::WANDB: model: alpha, step: 705, train_lr: 0.0001
TORCHFORT::WANDB: model: critic_0, step: 706, train_loss: 0.0937369
TORCHFORT::WANDB: model: critic_0, step: 706, train_lr: 0.001
TORCHFORT::WANDB: model: actor, step: 706, train_loss: 0.287935
TORCHFORT::WANDB: model: actor, step: 706, train_lr: 0.001
TORCHFORT::WANDB: model: alpha, step: 706, train_loss: -2.8916
TORCHFORT::WANDB: model: alpha, step: 706, train_lr: 0.0001
TORCHFORT::WANDB: model: critic_0, step: 707, train_loss: 0.0975768
TORCHFORT::WANDB: model: critic_0, step: 707, train_lr: 0.001
TORCHFORT::WANDB: model: actor, step: 707, train_loss: 0.302134
TORCHFORT::WANDB: model: actor, step: 707, train_lr: 0.001
TORCHFORT::WANDB: model: alpha, step: 707, train_loss: -2.8859
TORCHFORT::WANDB: model: alpha, step: 707, train_lr: 0.0001
TORCHFORT::WANDB: model: critic_0, step: 708, train_loss: 0.103308
TORCHFORT::WANDB: model: critic_0, step: 708, train_lr: 0.001
TORCHFORT::WANDB: model: actor, step: 708, train_loss: 0.317914
TORCHFORT::WANDB: model: actor, step: 708, train_lr: 0.001
TORCHFORT::WANDB: model: alpha, step: 708, train_loss: -2.8867
TORCHFORT::WANDB: model: alpha, step: 708, train_lr: 0.0001
TORCHFORT::WANDB: model: critic_0, step: 709, train_loss: 0.0993534
TORCHFORT::WANDB: model: critic_0, step: 709, train_lr: 0.001
TORCHFORT::WANDB: model: actor, step: 709, train_loss: 0.309111
TORCHFORT::WANDB: model: actor, step: 709, train_lr: 0.001
TORCHFORT::WANDB: model: alpha, step: 709, train_loss: -2.89072
TORCHFORT::WANDB: model: alpha, step: 709, train_lr: 0.0001
TORCHFORT::WANDB: model: critic_0, step: 710, train_loss: 0.10099
TORCHFORT::WANDB: model: critic_0, step: 710, train_lr: 0.001
TORCHFORT::WANDB: model: actor, step: 710, train_loss: 0.285401
TORCHFORT::WANDB: model: actor, step: 710, train_lr: 0.001
TORCHFORT::WANDB: model: alpha, step: 710, train_loss: -2.89331
TORCHFORT::WANDB: model: alpha, step: 710, train_lr: 0.0001
TORCHFORT::WANDB: model: critic_0, step: 711, train_loss: 0.0960543
TORCHFORT::WANDB: model: critic_0, step: 711, train_lr: 0.001
TORCHFORT::WANDB: model: actor, step: 711, train_loss: 0.292888
TORCHFORT::WANDB: model: actor, step: 711, train_lr: 0.001
TORCHFORT::WANDB: model: alpha, step: 711, train_loss: -2.89
TORCHFORT::WANDB: model: alpha, step: 711, train_lr: 0.0001
TORCHFORT::WANDB: model: critic_0, step: 712, train_loss: 0.0910935
TORCHFORT::WANDB: model: critic_0, step: 712, train_lr: 0.001
TORCHFORT::WANDB: model: actor, step: 712, train_loss: 0.309498
TORCHFORT::WANDB: model: actor, step: 712, train_lr: 0.001
TORCHFORT::WANDB: model: alpha, step: 712, train_loss: -2.88898
TORCHFORT::WANDB: model: alpha, step: 712, train_lr: 0.0001
TORCHFORT::WANDB: model: critic_0, step: 713, train_loss: 0.098999
TORCHFORT::WANDB: model: critic_0, step: 713, train_lr: 0.001
TORCHFORT::WANDB: model: actor, step: 713, train_loss: 0.314682
TORCHFORT::WANDB: model: actor, step: 713, train_lr: 0.001
TORCHFORT::WANDB: model: alpha, step: 713, train_loss: -2.8874
TORCHFORT::WANDB: model: alpha, step: 713, train_lr: 0.0001
TORCHFORT::WANDB: model: critic_0, step: 714, train_loss: 0.0968153
TORCHFORT::WANDB: model: critic_0, step: 714, train_lr: 0.001
TORCHFORT::WANDB: model: actor, step: 714, train_loss: 0.267357
TORCHFORT::WANDB: model: actor, step: 714, train_lr: 0.001
TORCHFORT::WANDB: model: alpha, step: 714, train_loss: -2.89272
TORCHFORT::WANDB: model: alpha, step: 714, train_lr: 0.0001
TORCHFORT::WANDB: model: critic_0, step: 715, train_loss: 0.0981445
TORCHFORT::WANDB: model: critic_0, step: 715, train_lr: 0.001
TORCHFORT::WANDB: model: actor, step: 715, train_loss: 0.278913
TORCHFORT::WANDB: model: actor, step: 715, train_lr: 0.001
TORCHFORT::WANDB: model: alpha, step: 715, train_loss: -2.89039
TORCHFORT::WANDB: model: alpha, step: 715, train_lr: 0.0001
TORCHFORT::WANDB: model: critic_0, step: 716, train_loss: 0.0991241
TORCHFORT::WANDB: model: critic_0, step: 716, train_lr: 0.001
TORCHFORT::WANDB: model: actor, step: 716, train_loss: 0.309504
TORCHFORT::WANDB: model: actor, step: 716, train_lr: 0.001
TORCHFORT::WANDB: model: alpha, step: 716, train_loss: -2.88826
TORCHFORT::WANDB: model: alpha, step: 716, train_lr: 0.0001
TORCHFORT::WANDB: model: critic_0, step: 717, train_loss: 0.0978899
TORCHFORT::WANDB: model: critic_0, step: 717, train_lr: 0.001
TORCHFORT::WANDB: model: actor, step: 717, train_loss: 0.310572
TORCHFORT::WANDB: model: actor, step: 717, train_lr: 0.001
TORCHFORT::WANDB: model: alpha, step: 717, train_loss: -2.88771
TORCHFORT::WANDB: model: alpha, step: 717, train_lr: 0.0001
TORCHFORT::WANDB: model: critic_0, step: 718, train_loss: 0.0973919
TORCHFORT::WANDB: model: critic_0, step: 718, train_lr: 0.001
TORCHFORT::WANDB: model: actor, step: 718, train_loss: 0.278364
TORCHFORT::WANDB: model: actor, step: 718, train_lr: 0.001
TORCHFORT::WANDB: model: alpha, step: 718, train_loss: -2.89138
TORCHFORT::WANDB: model: alpha, step: 718, train_lr: 0.0001
TORCHFORT::WANDB: model: critic_0, step: 719, train_loss: 0.0951144
TORCHFORT::WANDB: model: critic_0, step: 719, train_lr: 0.001
TORCHFORT::WANDB: model: actor, step: 719, train_loss: 0.282335
TORCHFORT::WANDB: model: actor, step: 719, train_lr: 0.001
TORCHFORT::WANDB: model: alpha, step: 719, train_loss: -2.88933
TORCHFORT::WANDB: model: alpha, step: 719, train_lr: 0.0001
TORCHFORT::WANDB: model: critic_0, step: 720, train_loss: 0.0989866
TORCHFORT::WANDB: model: critic_0, step: 720, train_lr: 0.001
TORCHFORT::WANDB: model: actor, step: 720, train_loss: 0.296943
TORCHFORT::WANDB: model: actor, step: 720, train_lr: 0.001
TORCHFORT::WANDB: model: alpha, step: 720, train_loss: -2.88844
TORCHFORT::WANDB: model: alpha, step: 720, train_lr: 0.0001
TORCHFORT::WANDB: model: rlwm, step: 46, reward_sum: 2761.93
TORCHFORT::WANDB: model: rlwm, step: 46, reward_sum: 2761.93
TORCHFORT::WANDB: model: rlwm, step: 46, reward_sum: 2761.93
TORCHFORT::WANDB: model: rlwm, step: 46, reward_sum: 2761.93
TORCHFORT::WANDB: model: critic_0, step: 721, train_loss: 0.0991293
TORCHFORT::WANDB: model: critic_0, step: 721, train_lr: 0.001
TORCHFORT::WANDB: model: actor, step: 721, train_loss: 0.291126
TORCHFORT::WANDB: model: actor, step: 721, train_lr: 0.001
TORCHFORT::WANDB: model: alpha, step: 721, train_loss: -2.88987
TORCHFORT::WANDB: model: alpha, step: 721, train_lr: 0.0001
TORCHFORT::WANDB: model: critic_0, step: 722, train_loss: 0.0998317
TORCHFORT::WANDB: model: critic_0, step: 722, train_lr: 0.001
TORCHFORT::WANDB: model: actor, step: 722, train_loss: 0.283923
TORCHFORT::WANDB: model: actor, step: 722, train_lr: 0.001
TORCHFORT::WANDB: model: alpha, step: 722, train_loss: -2.89418
TORCHFORT::WANDB: model: alpha, step: 722, train_lr: 0.0001
TORCHFORT::WANDB: model: critic_0, step: 723, train_loss: 0.10621
TORCHFORT::WANDB: model: critic_0, step: 723, train_lr: 0.001
TORCHFORT::WANDB: model: actor, step: 723, train_loss: 0.278432
TORCHFORT::WANDB: model: actor, step: 723, train_lr: 0.001
TORCHFORT::WANDB: model: alpha, step: 723, train_loss: -2.89009
TORCHFORT::WANDB: model: alpha, step: 723, train_lr: 0.0001
TORCHFORT::WANDB: model: critic_0, step: 724, train_loss: 0.107534
TORCHFORT::WANDB: model: critic_0, step: 724, train_lr: 0.001
TORCHFORT::WANDB: model: actor, step: 724, train_loss: 0.279057
TORCHFORT::WANDB: model: actor, step: 724, train_lr: 0.001
TORCHFORT::WANDB: model: alpha, step: 724, train_loss: -2.89441
TORCHFORT::WANDB: model: alpha, step: 724, train_lr: 0.0001
TORCHFORT::WANDB: model: critic_0, step: 725, train_loss: 0.104914
TORCHFORT::WANDB: model: critic_0, step: 725, train_lr: 0.001
TORCHFORT::WANDB: model: actor, step: 725, train_loss: 0.283474
TORCHFORT::WANDB: model: actor, step: 725, train_lr: 0.001
TORCHFORT::WANDB: model: alpha, step: 725, train_loss: -2.89696
TORCHFORT::WANDB: model: alpha, step: 725, train_lr: 0.0001
TORCHFORT::WANDB: model: critic_0, step: 726, train_loss: 0.105369
TORCHFORT::WANDB: model: critic_0, step: 726, train_lr: 0.001
TORCHFORT::WANDB: model: actor, step: 726, train_loss: 0.29468
TORCHFORT::WANDB: model: actor, step: 726, train_lr: 0.001
TORCHFORT::WANDB: model: alpha, step: 726, train_loss: -2.894
TORCHFORT::WANDB: model: alpha, step: 726, train_lr: 0.0001
TORCHFORT::WANDB: model: critic_0, step: 727, train_loss: 0.100751
TORCHFORT::WANDB: model: critic_0, step: 727, train_lr: 0.001
TORCHFORT::WANDB: model: actor, step: 727, train_loss: 0.282895
TORCHFORT::WANDB: model: actor, step: 727, train_lr: 0.001
TORCHFORT::WANDB: model: alpha, step: 727, train_loss: -2.89504
TORCHFORT::WANDB: model: alpha, step: 727, train_lr: 0.0001
TORCHFORT::WANDB: model: critic_0, step: 728, train_loss: 0.102762
TORCHFORT::WANDB: model: critic_0, step: 728, train_lr: 0.001
TORCHFORT::WANDB: model: actor, step: 728, train_loss: 0.26422
TORCHFORT::WANDB: model: actor, step: 728, train_lr: 0.001
TORCHFORT::WANDB: model: alpha, step: 728, train_loss: -2.89658
TORCHFORT::WANDB: model: alpha, step: 728, train_lr: 0.0001
TORCHFORT::WANDB: model: critic_0, step: 729, train_loss: 0.0980682
TORCHFORT::WANDB: model: critic_0, step: 729, train_lr: 0.001
TORCHFORT::WANDB: model: actor, step: 729, train_loss: 0.278618
TORCHFORT::WANDB: model: actor, step: 729, train_lr: 0.001
TORCHFORT::WANDB: model: alpha, step: 729, train_loss: -2.89562
TORCHFORT::WANDB: model: alpha, step: 729, train_lr: 0.0001
TORCHFORT::WANDB: model: critic_0, step: 730, train_loss: 0.0995953
TORCHFORT::WANDB: model: critic_0, step: 730, train_lr: 0.001
TORCHFORT::WANDB: model: actor, step: 730, train_loss: 0.277609
TORCHFORT::WANDB: model: actor, step: 730, train_lr: 0.001
TORCHFORT::WANDB: model: alpha, step: 730, train_loss: -2.89487
TORCHFORT::WANDB: model: alpha, step: 730, train_lr: 0.0001
TORCHFORT::WANDB: model: critic_0, step: 731, train_loss: 0.0988623
TORCHFORT::WANDB: model: critic_0, step: 731, train_lr: 0.001
TORCHFORT::WANDB: model: actor, step: 731, train_loss: 0.281601
TORCHFORT::WANDB: model: actor, step: 731, train_lr: 0.001
TORCHFORT::WANDB: model: alpha, step: 731, train_loss: -2.89753
TORCHFORT::WANDB: model: alpha, step: 731, train_lr: 0.0001
TORCHFORT::WANDB: model: critic_0, step: 732, train_loss: 0.10044
TORCHFORT::WANDB: model: critic_0, step: 732, train_lr: 0.001
TORCHFORT::WANDB: model: actor, step: 732, train_loss: 0.271784
TORCHFORT::WANDB: model: actor, step: 732, train_lr: 0.001
TORCHFORT::WANDB: model: alpha, step: 732, train_loss: -2.89737
TORCHFORT::WANDB: model: alpha, step: 732, train_lr: 0.0001
TORCHFORT::WANDB: model: critic_0, step: 733, train_loss: 0.106712
TORCHFORT::WANDB: model: critic_0, step: 733, train_lr: 0.001
TORCHFORT::WANDB: model: actor, step: 733, train_loss: 0.27436
TORCHFORT::WANDB: model: actor, step: 733, train_lr: 0.001
TORCHFORT::WANDB: model: alpha, step: 733, train_loss: -2.89558
TORCHFORT::WANDB: model: alpha, step: 733, train_lr: 0.0001
TORCHFORT::WANDB: model: critic_0, step: 734, train_loss: 0.102653
TORCHFORT::WANDB: model: critic_0, step: 734, train_lr: 0.001
TORCHFORT::WANDB: model: actor, step: 734, train_loss: 0.27134
TORCHFORT::WANDB: model: actor, step: 734, train_lr: 0.001
TORCHFORT::WANDB: model: alpha, step: 734, train_loss: -2.89657
TORCHFORT::WANDB: model: alpha, step: 734, train_lr: 0.0001
TORCHFORT::WANDB: model: critic_0, step: 735, train_loss: 0.0945348
TORCHFORT::WANDB: model: critic_0, step: 735, train_lr: 0.001
TORCHFORT::WANDB: model: actor, step: 735, train_loss: 0.265553
TORCHFORT::WANDB: model: actor, step: 735, train_lr: 0.001
TORCHFORT::WANDB: model: alpha, step: 735, train_loss: -2.89836
TORCHFORT::WANDB: model: alpha, step: 735, train_lr: 0.0001
TORCHFORT::WANDB: model: critic_0, step: 736, train_loss: 0.0959029
TORCHFORT::WANDB: model: critic_0, step: 736, train_lr: 0.001
TORCHFORT::WANDB: model: actor, step: 736, train_loss: 0.270024
TORCHFORT::WANDB: model: actor, step: 736, train_lr: 0.001
TORCHFORT::WANDB: model: alpha, step: 736, train_loss: -2.89681
TORCHFORT::WANDB: model: alpha, step: 736, train_lr: 0.0001
TORCHFORT::WANDB: model: critic_0, step: 737, train_loss: 0.105271
TORCHFORT::WANDB: model: critic_0, step: 737, train_lr: 0.001
TORCHFORT::WANDB: model: actor, step: 737, train_loss: 0.259035
TORCHFORT::WANDB: model: actor, step: 737, train_lr: 0.001
TORCHFORT::WANDB: model: alpha, step: 737, train_loss: -2.89595
TORCHFORT::WANDB: model: alpha, step: 737, train_lr: 0.0001
TORCHFORT::WANDB: model: critic_0, step: 738, train_loss: 0.107794
TORCHFORT::WANDB: model: critic_0, step: 738, train_lr: 0.001
TORCHFORT::WANDB: model: actor, step: 738, train_loss: 0.277318
TORCHFORT::WANDB: model: actor, step: 738, train_lr: 0.001
TORCHFORT::WANDB: model: alpha, step: 738, train_loss: -2.8973
TORCHFORT::WANDB: model: alpha, step: 738, train_lr: 0.0001
TORCHFORT::WANDB: model: critic_0, step: 739, train_loss: 0.100732
TORCHFORT::WANDB: model: critic_0, step: 739, train_lr: 0.001
TORCHFORT::WANDB: model: actor, step: 739, train_loss: 0.25849
TORCHFORT::WANDB: model: actor, step: 739, train_lr: 0.001
TORCHFORT::WANDB: model: alpha, step: 739, train_loss: -2.90122
TORCHFORT::WANDB: model: alpha, step: 739, train_lr: 0.0001
TORCHFORT::WANDB: model: critic_0, step: 740, train_loss: 0.101274
TORCHFORT::WANDB: model: critic_0, step: 740, train_lr: 0.001
TORCHFORT::WANDB: model: actor, step: 740, train_loss: 0.24482
TORCHFORT::WANDB: model: actor, step: 740, train_lr: 0.001
TORCHFORT::WANDB: model: alpha, step: 740, train_loss: -2.89831
TORCHFORT::WANDB: model: alpha, step: 740, train_lr: 0.0001
TORCHFORT::WANDB: model: rlwm, step: 47, reward_sum: 2980.82
TORCHFORT::WANDB: model: rlwm, step: 47, reward_sum: 2980.82
TORCHFORT::WANDB: model: rlwm, step: 47, reward_sum: 2980.82
TORCHFORT::WANDB: model: rlwm, step: 47, reward_sum: 2980.82
TORCHFORT::WANDB: model: critic_0, step: 741, train_loss: 0.10189
TORCHFORT::WANDB: model: critic_0, step: 741, train_lr: 0.001
TORCHFORT::WANDB: model: actor, step: 741, train_loss: 0.278043
TORCHFORT::WANDB: model: actor, step: 741, train_lr: 0.001
TORCHFORT::WANDB: model: alpha, step: 741, train_loss: -2.89614
TORCHFORT::WANDB: model: alpha, step: 741, train_lr: 0.0001
TORCHFORT::WANDB: model: critic_0, step: 742, train_loss: 0.103165
TORCHFORT::WANDB: model: critic_0, step: 742, train_lr: 0.001
TORCHFORT::WANDB: model: actor, step: 742, train_loss: 0.28637
TORCHFORT::WANDB: model: actor, step: 742, train_lr: 0.001
TORCHFORT::WANDB: model: alpha, step: 742, train_loss: -2.89825
TORCHFORT::WANDB: model: alpha, step: 742, train_lr: 0.0001
TORCHFORT::WANDB: model: critic_0, step: 743, train_loss: 0.103732
TORCHFORT::WANDB: model: critic_0, step: 743, train_lr: 0.001
TORCHFORT::WANDB: model: actor, step: 743, train_loss: 0.232669
TORCHFORT::WANDB: model: actor, step: 743, train_lr: 0.001
TORCHFORT::WANDB: model: alpha, step: 743, train_loss: -2.89883
TORCHFORT::WANDB: model: alpha, step: 743, train_lr: 0.0001
TORCHFORT::WANDB: model: critic_0, step: 744, train_loss: 0.0986496
TORCHFORT::WANDB: model: critic_0, step: 744, train_lr: 0.001
TORCHFORT::WANDB: model: actor, step: 744, train_loss: 0.24154
TORCHFORT::WANDB: model: actor, step: 744, train_lr: 0.001
TORCHFORT::WANDB: model: alpha, step: 744, train_loss: -2.89858
TORCHFORT::WANDB: model: alpha, step: 744, train_lr: 0.0001
TORCHFORT::WANDB: model: critic_0, step: 745, train_loss: 0.104191
TORCHFORT::WANDB: model: critic_0, step: 745, train_lr: 0.001
TORCHFORT::WANDB: model: actor, step: 745, train_loss: 0.27936
TORCHFORT::WANDB: model: actor, step: 745, train_lr: 0.001
TORCHFORT::WANDB: model: alpha, step: 745, train_loss: -2.90098
TORCHFORT::WANDB: model: alpha, step: 745, train_lr: 0.0001
TORCHFORT::WANDB: model: critic_0, step: 746, train_loss: 0.102937
TORCHFORT::WANDB: model: critic_0, step: 746, train_lr: 0.001
TORCHFORT::WANDB: model: actor, step: 746, train_loss: 0.26955
TORCHFORT::WANDB: model: actor, step: 746, train_lr: 0.001
TORCHFORT::WANDB: model: alpha, step: 746, train_loss: -2.89555
TORCHFORT::WANDB: model: alpha, step: 746, train_lr: 0.0001
TORCHFORT::WANDB: model: critic_0, step: 747, train_loss: 0.103622
TORCHFORT::WANDB: model: critic_0, step: 747, train_lr: 0.001
TORCHFORT::WANDB: model: actor, step: 747, train_loss: 0.234899
TORCHFORT::WANDB: model: actor, step: 747, train_lr: 0.001
TORCHFORT::WANDB: model: alpha, step: 747, train_loss: -2.89949
TORCHFORT::WANDB: model: alpha, step: 747, train_lr: 0.0001
TORCHFORT::WANDB: model: critic_0, step: 748, train_loss: 0.105874
TORCHFORT::WANDB: model: critic_0, step: 748, train_lr: 0.001
TORCHFORT::WANDB: model: actor, step: 748, train_loss: 0.233225
TORCHFORT::WANDB: model: actor, step: 748, train_lr: 0.001
TORCHFORT::WANDB: model: alpha, step: 748, train_loss: -2.90102
TORCHFORT::WANDB: model: alpha, step: 748, train_lr: 0.0001
TORCHFORT::WANDB: model: critic_0, step: 749, train_loss: 0.101244
TORCHFORT::WANDB: model: critic_0, step: 749, train_lr: 0.001
TORCHFORT::WANDB: model: actor, step: 749, train_loss: 0.261372
TORCHFORT::WANDB: model: actor, step: 749, train_lr: 0.001
TORCHFORT::WANDB: model: alpha, step: 749, train_loss: -2.89711
TORCHFORT::WANDB: model: alpha, step: 749, train_lr: 0.0001
TORCHFORT::WANDB: model: critic_0, step: 750, train_loss: 0.108659
TORCHFORT::WANDB: model: critic_0, step: 750, train_lr: 0.001
TORCHFORT::WANDB: model: actor, step: 750, train_loss: 0.278834
TORCHFORT::WANDB: model: actor, step: 750, train_lr: 0.001
TORCHFORT::WANDB: model: alpha, step: 750, train_loss: -2.89895
TORCHFORT::WANDB: model: alpha, step: 750, train_lr: 0.0001
TORCHFORT::WANDB: model: critic_0, step: 751, train_loss: 0.106449
TORCHFORT::WANDB: model: critic_0, step: 751, train_lr: 0.001
TORCHFORT::WANDB: model: actor, step: 751, train_loss: 0.246297
TORCHFORT::WANDB: model: actor, step: 751, train_lr: 0.001
TORCHFORT::WANDB: model: alpha, step: 751, train_loss: -2.89422
TORCHFORT::WANDB: model: alpha, step: 751, train_lr: 0.0001
TORCHFORT::WANDB: model: critic_0, step: 752, train_loss: 0.103463
TORCHFORT::WANDB: model: critic_0, step: 752, train_lr: 0.001
TORCHFORT::WANDB: model: actor, step: 752, train_loss: 0.215802
TORCHFORT::WANDB: model: actor, step: 752, train_lr: 0.001
TORCHFORT::WANDB: model: alpha, step: 752, train_loss: -2.8985
TORCHFORT::WANDB: model: alpha, step: 752, train_lr: 0.0001
TORCHFORT::WANDB: model: critic_0, step: 753, train_loss: 0.103589
TORCHFORT::WANDB: model: critic_0, step: 753, train_lr: 0.001
TORCHFORT::WANDB: model: actor, step: 753, train_loss: 0.231654
TORCHFORT::WANDB: model: actor, step: 753, train_lr: 0.001
TORCHFORT::WANDB: model: alpha, step: 753, train_loss: -2.90519
TORCHFORT::WANDB: model: alpha, step: 753, train_lr: 0.0001
TORCHFORT::WANDB: model: critic_0, step: 754, train_loss: 0.0994474
TORCHFORT::WANDB: model: critic_0, step: 754, train_lr: 0.001
TORCHFORT::WANDB: model: actor, step: 754, train_loss: 0.272497
TORCHFORT::WANDB: model: actor, step: 754, train_lr: 0.001
TORCHFORT::WANDB: model: alpha, step: 754, train_loss: -2.89703
TORCHFORT::WANDB: model: alpha, step: 754, train_lr: 0.0001
TORCHFORT::WANDB: model: critic_0, step: 755, train_loss: 0.103174
TORCHFORT::WANDB: model: critic_0, step: 755, train_lr: 0.001
TORCHFORT::WANDB: model: actor, step: 755, train_loss: 0.255757
TORCHFORT::WANDB: model: actor, step: 755, train_lr: 0.001
TORCHFORT::WANDB: model: alpha, step: 755, train_loss: -2.89719
TORCHFORT::WANDB: model: alpha, step: 755, train_lr: 0.0001
TORCHFORT::WANDB: model: critic_0, step: 756, train_loss: 0.103153
TORCHFORT::WANDB: model: critic_0, step: 756, train_lr: 0.001
TORCHFORT::WANDB: model: actor, step: 756, train_loss: 0.206368
TORCHFORT::WANDB: model: actor, step: 756, train_lr: 0.001
TORCHFORT::WANDB: model: alpha, step: 756, train_loss: -2.90167
TORCHFORT::WANDB: model: alpha, step: 756, train_lr: 0.0001
TORCHFORT::WANDB: model: critic_0, step: 757, train_loss: 0.113003
TORCHFORT::WANDB: model: critic_0, step: 757, train_lr: 0.001
TORCHFORT::WANDB: model: actor, step: 757, train_loss: 0.224891
TORCHFORT::WANDB: model: actor, step: 757, train_lr: 0.001
TORCHFORT::WANDB: model: alpha, step: 757, train_loss: -2.89919
TORCHFORT::WANDB: model: alpha, step: 757, train_lr: 0.0001
TORCHFORT::WANDB: model: critic_0, step: 758, train_loss: 0.107648
TORCHFORT::WANDB: model: critic_0, step: 758, train_lr: 0.001
TORCHFORT::WANDB: model: actor, step: 758, train_loss: 0.264825
TORCHFORT::WANDB: model: actor, step: 758, train_lr: 0.001
TORCHFORT::WANDB: model: alpha, step: 758, train_loss: -2.90545
TORCHFORT::WANDB: model: alpha, step: 758, train_lr: 0.0001
TORCHFORT::WANDB: model: critic_0, step: 759, train_loss: 0.0983251
TORCHFORT::WANDB: model: critic_0, step: 759, train_lr: 0.001
TORCHFORT::WANDB: model: actor, step: 759, train_loss: 0.260283
TORCHFORT::WANDB: model: actor, step: 759, train_lr: 0.001
TORCHFORT::WANDB: model: alpha, step: 759, train_loss: -2.90059
TORCHFORT::WANDB: model: alpha, step: 759, train_lr: 0.0001
TORCHFORT::WANDB: model: critic_0, step: 760, train_loss: 0.10254
TORCHFORT::WANDB: model: critic_0, step: 760, train_lr: 0.001
TORCHFORT::WANDB: model: actor, step: 760, train_loss: 0.21051
TORCHFORT::WANDB: model: actor, step: 760, train_lr: 0.001
TORCHFORT::WANDB: model: alpha, step: 760, train_loss: -2.90307
TORCHFORT::WANDB: model: alpha, step: 760, train_lr: 0.0001
TORCHFORT::WANDB: model: rlwm, step: 48, reward_sum: 2688.37
TORCHFORT::WANDB: model: rlwm, step: 48, reward_sum: 2688.37
TORCHFORT::WANDB: model: rlwm, step: 48, reward_sum: 2688.37
TORCHFORT::WANDB: model: rlwm, step: 48, reward_sum: 2688.37
TORCHFORT::WANDB: model: critic_0, step: 761, train_loss: 0.114679
TORCHFORT::WANDB: model: critic_0, step: 761, train_lr: 0.001
TORCHFORT::WANDB: model: actor, step: 761, train_loss: 0.204241
TORCHFORT::WANDB: model: actor, step: 761, train_lr: 0.001
TORCHFORT::WANDB: model: alpha, step: 761, train_loss: -2.90059
TORCHFORT::WANDB: model: alpha, step: 761, train_lr: 0.0001
TORCHFORT::WANDB: model: critic_0, step: 762, train_loss: 0.107453
TORCHFORT::WANDB: model: critic_0, step: 762, train_lr: 0.001
TORCHFORT::WANDB: model: actor, step: 762, train_loss: 0.262435
TORCHFORT::WANDB: model: actor, step: 762, train_lr: 0.001
TORCHFORT::WANDB: model: alpha, step: 762, train_loss: -2.90546
TORCHFORT::WANDB: model: alpha, step: 762, train_lr: 0.0001
TORCHFORT::WANDB: model: critic_0, step: 763, train_loss: 0.108177
TORCHFORT::WANDB: model: critic_0, step: 763, train_lr: 0.001
TORCHFORT::WANDB: model: actor, step: 763, train_loss: 0.270652
TORCHFORT::WANDB: model: actor, step: 763, train_lr: 0.001
TORCHFORT::WANDB: model: alpha, step: 763, train_loss: -2.90573
TORCHFORT::WANDB: model: alpha, step: 763, train_lr: 0.0001
TORCHFORT::WANDB: model: critic_0, step: 764, train_loss: 0.110332
TORCHFORT::WANDB: model: critic_0, step: 764, train_lr: 0.001
TORCHFORT::WANDB: model: actor, step: 764, train_loss: 0.224901
TORCHFORT::WANDB: model: actor, step: 764, train_lr: 0.001
TORCHFORT::WANDB: model: alpha, step: 764, train_loss: -2.90612
TORCHFORT::WANDB: model: alpha, step: 764, train_lr: 0.0001
TORCHFORT::WANDB: model: critic_0, step: 765, train_loss: 0.106645
TORCHFORT::WANDB: model: critic_0, step: 765, train_lr: 0.001
TORCHFORT::WANDB: model: actor, step: 765, train_loss: 0.209277
TORCHFORT::WANDB: model: actor, step: 765, train_lr: 0.001
TORCHFORT::WANDB: model: alpha, step: 765, train_loss: -2.90924
TORCHFORT::WANDB: model: alpha, step: 765, train_lr: 0.0001
TORCHFORT::WANDB: model: critic_0, step: 766, train_loss: 0.110791
TORCHFORT::WANDB: model: critic_0, step: 766, train_lr: 0.001
TORCHFORT::WANDB: model: actor, step: 766, train_loss: 0.240847
TORCHFORT::WANDB: model: actor, step: 766, train_lr: 0.001
TORCHFORT::WANDB: model: alpha, step: 766, train_loss: -2.90144
TORCHFORT::WANDB: model: alpha, step: 766, train_lr: 0.0001
TORCHFORT::WANDB: model: critic_0, step: 767, train_loss: 0.107651
TORCHFORT::WANDB: model: critic_0, step: 767, train_lr: 0.001
TORCHFORT::WANDB: model: actor, step: 767, train_loss: 0.253081
TORCHFORT::WANDB: model: actor, step: 767, train_lr: 0.001
TORCHFORT::WANDB: model: alpha, step: 767, train_loss: -2.90526
TORCHFORT::WANDB: model: alpha, step: 767, train_lr: 0.0001
TORCHFORT::WANDB: model: critic_0, step: 768, train_loss: 0.10442
TORCHFORT::WANDB: model: critic_0, step: 768, train_lr: 0.001
TORCHFORT::WANDB: model: actor, step: 768, train_loss: 0.225949
TORCHFORT::WANDB: model: actor, step: 768, train_lr: 0.001
TORCHFORT::WANDB: model: alpha, step: 768, train_loss: -2.90878
TORCHFORT::WANDB: model: alpha, step: 768, train_lr: 0.0001
TORCHFORT::WANDB: model: critic_0, step: 769, train_loss: 0.105703
TORCHFORT::WANDB: model: critic_0, step: 769, train_lr: 0.001
TORCHFORT::WANDB: model: actor, step: 769, train_loss: 0.205232
TORCHFORT::WANDB: model: actor, step: 769, train_lr: 0.001
TORCHFORT::WANDB: model: alpha, step: 769, train_loss: -2.9052
TORCHFORT::WANDB: model: alpha, step: 769, train_lr: 0.0001
TORCHFORT::WANDB: model: critic_0, step: 770, train_loss: 0.116529
TORCHFORT::WANDB: model: critic_0, step: 770, train_lr: 0.001
TORCHFORT::WANDB: model: actor, step: 770, train_loss: 0.223822
TORCHFORT::WANDB: model: actor, step: 770, train_lr: 0.001
TORCHFORT::WANDB: model: alpha, step: 770, train_loss: -2.9052
TORCHFORT::WANDB: model: alpha, step: 770, train_lr: 0.0001
TORCHFORT::WANDB: model: critic_0, step: 771, train_loss: 0.108677
TORCHFORT::WANDB: model: critic_0, step: 771, train_lr: 0.001
TORCHFORT::WANDB: model: actor, step: 771, train_loss: 0.239615
TORCHFORT::WANDB: model: actor, step: 771, train_lr: 0.001
TORCHFORT::WANDB: model: alpha, step: 771, train_loss: -2.90772
TORCHFORT::WANDB: model: alpha, step: 771, train_lr: 0.0001
TORCHFORT::WANDB: model: critic_0, step: 772, train_loss: 0.101147
TORCHFORT::WANDB: model: critic_0, step: 772, train_lr: 0.001
TORCHFORT::WANDB: model: actor, step: 772, train_loss: 0.231563
TORCHFORT::WANDB: model: actor, step: 772, train_lr: 0.001
TORCHFORT::WANDB: model: alpha, step: 772, train_loss: -2.90723
TORCHFORT::WANDB: model: alpha, step: 772, train_lr: 0.0001
TORCHFORT::WANDB: model: critic_0, step: 773, train_loss: 0.117006
TORCHFORT::WANDB: model: critic_0, step: 773, train_lr: 0.001
TORCHFORT::WANDB: model: actor, step: 773, train_loss: 0.210831
TORCHFORT::WANDB: model: actor, step: 773, train_lr: 0.001
TORCHFORT::WANDB: model: alpha, step: 773, train_loss: -2.90911
TORCHFORT::WANDB: model: alpha, step: 773, train_lr: 0.0001
TORCHFORT::WANDB: model: critic_0, step: 774, train_loss: 0.104808
TORCHFORT::WANDB: model: critic_0, step: 774, train_lr: 0.001
TORCHFORT::WANDB: model: actor, step: 774, train_loss: 0.202589
TORCHFORT::WANDB: model: actor, step: 774, train_lr: 0.001
TORCHFORT::WANDB: model: alpha, step: 774, train_loss: -2.90561
TORCHFORT::WANDB: model: alpha, step: 774, train_lr: 0.0001
TORCHFORT::WANDB: model: critic_0, step: 775, train_loss: 0.108335
TORCHFORT::WANDB: model: critic_0, step: 775, train_lr: 0.001
TORCHFORT::WANDB: model: actor, step: 775, train_loss: 0.228008
TORCHFORT::WANDB: model: actor, step: 775, train_lr: 0.001
TORCHFORT::WANDB: model: alpha, step: 775, train_loss: -2.90487
TORCHFORT::WANDB: model: alpha, step: 775, train_lr: 0.0001
TORCHFORT::WANDB: model: critic_0, step: 776, train_loss: 0.114252
TORCHFORT::WANDB: model: critic_0, step: 776, train_lr: 0.001
TORCHFORT::WANDB: model: actor, step: 776, train_loss: 0.23035
TORCHFORT::WANDB: model: actor, step: 776, train_lr: 0.001
TORCHFORT::WANDB: model: alpha, step: 776, train_loss: -2.90533
TORCHFORT::WANDB: model: alpha, step: 776, train_lr: 0.0001
TORCHFORT::WANDB: model: critic_0, step: 777, train_loss: 0.106876
TORCHFORT::WANDB: model: critic_0, step: 777, train_lr: 0.001
TORCHFORT::WANDB: model: actor, step: 777, train_loss: 0.199067
TORCHFORT::WANDB: model: actor, step: 777, train_lr: 0.001
TORCHFORT::WANDB: model: alpha, step: 777, train_loss: -2.90951
TORCHFORT::WANDB: model: alpha, step: 777, train_lr: 0.0001
TORCHFORT::WANDB: model: critic_0, step: 778, train_loss: 0.107159
TORCHFORT::WANDB: model: critic_0, step: 778, train_lr: 0.001
TORCHFORT::WANDB: model: actor, step: 778, train_loss: 0.20144
TORCHFORT::WANDB: model: actor, step: 778, train_lr: 0.001
TORCHFORT::WANDB: model: alpha, step: 778, train_loss: -2.90706
TORCHFORT::WANDB: model: alpha, step: 778, train_lr: 0.0001
TORCHFORT::WANDB: model: critic_0, step: 779, train_loss: 0.104691
TORCHFORT::WANDB: model: critic_0, step: 779, train_lr: 0.001
TORCHFORT::WANDB: model: actor, step: 779, train_loss: 0.217301
TORCHFORT::WANDB: model: actor, step: 779, train_lr: 0.001
TORCHFORT::WANDB: model: alpha, step: 779, train_loss: -2.91044
TORCHFORT::WANDB: model: alpha, step: 779, train_lr: 0.0001
TORCHFORT::WANDB: model: critic_0, step: 780, train_loss: 0.112757
TORCHFORT::WANDB: model: critic_0, step: 780, train_lr: 0.001
TORCHFORT::WANDB: model: actor, step: 780, train_loss: 0.223387
TORCHFORT::WANDB: model: actor, step: 780, train_lr: 0.001
TORCHFORT::WANDB: model: alpha, step: 780, train_loss: -2.90883
TORCHFORT::WANDB: model: alpha, step: 780, train_lr: 0.0001
TORCHFORT::WANDB: model: rlwm, step: 49, reward_sum: 2903.73
TORCHFORT::WANDB: model: rlwm, step: 49, reward_sum: 2903.73
TORCHFORT::WANDB: model: rlwm, step: 49, reward_sum: 2903.73
TORCHFORT::WANDB: model: rlwm, step: 49, reward_sum: 2903.73
TORCHFORT::WANDB: model: critic_0, step: 781, train_loss: 0.122258
TORCHFORT::WANDB: model: critic_0, step: 781, train_lr: 0.001
TORCHFORT::WANDB: model: actor, step: 781, train_loss: 0.214279
TORCHFORT::WANDB: model: actor, step: 781, train_lr: 0.001
TORCHFORT::WANDB: model: alpha, step: 781, train_loss: -2.90876
TORCHFORT::WANDB: model: alpha, step: 781, train_lr: 0.0001
TORCHFORT::WANDB: model: critic_0, step: 782, train_loss: 0.112205
TORCHFORT::WANDB: model: critic_0, step: 782, train_lr: 0.001
TORCHFORT::WANDB: model: actor, step: 782, train_loss: 0.200774
TORCHFORT::WANDB: model: actor, step: 782, train_lr: 0.001
TORCHFORT::WANDB: model: alpha, step: 782, train_loss: -2.90834
TORCHFORT::WANDB: model: alpha, step: 782, train_lr: 0.0001
TORCHFORT::WANDB: model: critic_0, step: 783, train_loss: 0.110628
TORCHFORT::WANDB: model: critic_0, step: 783, train_lr: 0.001
TORCHFORT::WANDB: model: actor, step: 783, train_loss: 0.207007
TORCHFORT::WANDB: model: actor, step: 783, train_lr: 0.001
TORCHFORT::WANDB: model: alpha, step: 783, train_loss: -2.91242
TORCHFORT::WANDB: model: alpha, step: 783, train_lr: 0.0001
TORCHFORT::WANDB: model: critic_0, step: 784, train_loss: 0.115024
TORCHFORT::WANDB: model: critic_0, step: 784, train_lr: 0.001
TORCHFORT::WANDB: model: actor, step: 784, train_loss: 0.212686
TORCHFORT::WANDB: model: actor, step: 784, train_lr: 0.001
TORCHFORT::WANDB: model: alpha, step: 784, train_loss: -2.91244
TORCHFORT::WANDB: model: alpha, step: 784, train_lr: 0.0001
TORCHFORT::WANDB: model: critic_0, step: 785, train_loss: 0.106813
TORCHFORT::WANDB: model: critic_0, step: 785, train_lr: 0.001
TORCHFORT::WANDB: model: actor, step: 785, train_loss: 0.213115
TORCHFORT::WANDB: model: actor, step: 785, train_lr: 0.001
TORCHFORT::WANDB: model: alpha, step: 785, train_loss: -2.90896
TORCHFORT::WANDB: model: alpha, step: 785, train_lr: 0.0001
TORCHFORT::WANDB: model: critic_0, step: 786, train_loss: 0.109846
TORCHFORT::WANDB: model: critic_0, step: 786, train_lr: 0.001
TORCHFORT::WANDB: model: actor, step: 786, train_loss: 0.190128
TORCHFORT::WANDB: model: actor, step: 786, train_lr: 0.001
TORCHFORT::WANDB: model: alpha, step: 786, train_loss: -2.91183
TORCHFORT::WANDB: model: alpha, step: 786, train_lr: 0.0001
TORCHFORT::WANDB: model: critic_0, step: 787, train_loss: 0.108819
TORCHFORT::WANDB: model: critic_0, step: 787, train_lr: 0.001
TORCHFORT::WANDB: model: actor, step: 787, train_loss: 0.186662
TORCHFORT::WANDB: model: actor, step: 787, train_lr: 0.001
TORCHFORT::WANDB: model: alpha, step: 787, train_loss: -2.91737
TORCHFORT::WANDB: model: alpha, step: 787, train_lr: 0.0001
TORCHFORT::WANDB: model: critic_0, step: 788, train_loss: 0.109482
TORCHFORT::WANDB: model: critic_0, step: 788, train_lr: 0.001
TORCHFORT::WANDB: model: actor, step: 788, train_loss: 0.21977
TORCHFORT::WANDB: model: actor, step: 788, train_lr: 0.001
TORCHFORT::WANDB: model: alpha, step: 788, train_loss: -2.90778
TORCHFORT::WANDB: model: alpha, step: 788, train_lr: 0.0001
TORCHFORT::WANDB: model: critic_0, step: 789, train_loss: 0.117821
TORCHFORT::WANDB: model: critic_0, step: 789, train_lr: 0.001
TORCHFORT::WANDB: model: actor, step: 789, train_loss: 0.202462
TORCHFORT::WANDB: model: actor, step: 789, train_lr: 0.001
TORCHFORT::WANDB: model: alpha, step: 789, train_loss: -2.91322
TORCHFORT::WANDB: model: alpha, step: 789, train_lr: 0.0001
TORCHFORT::WANDB: model: critic_0, step: 790, train_loss: 0.119575
TORCHFORT::WANDB: model: critic_0, step: 790, train_lr: 0.001
TORCHFORT::WANDB: model: actor, step: 790, train_loss: 0.176455
TORCHFORT::WANDB: model: actor, step: 790, train_lr: 0.001
TORCHFORT::WANDB: model: alpha, step: 790, train_loss: -2.90989
TORCHFORT::WANDB: model: alpha, step: 790, train_lr: 0.0001
TORCHFORT::WANDB: model: critic_0, step: 791, train_loss: 0.114393
TORCHFORT::WANDB: model: critic_0, step: 791, train_lr: 0.001
TORCHFORT::WANDB: model: actor, step: 791, train_loss: 0.195184
TORCHFORT::WANDB: model: actor, step: 791, train_lr: 0.001
TORCHFORT::WANDB: model: alpha, step: 791, train_loss: -2.91618
TORCHFORT::WANDB: model: alpha, step: 791, train_lr: 0.0001
TORCHFORT::WANDB: model: critic_0, step: 792, train_loss: 0.114351
TORCHFORT::WANDB: model: critic_0, step: 792, train_lr: 0.001
TORCHFORT::WANDB: model: actor, step: 792, train_loss: 0.221147
TORCHFORT::WANDB: model: actor, step: 792, train_lr: 0.001
TORCHFORT::WANDB: model: alpha, step: 792, train_loss: -2.91048
TORCHFORT::WANDB: model: alpha, step: 792, train_lr: 0.0001
TORCHFORT::WANDB: model: critic_0, step: 793, train_loss: 0.110362
TORCHFORT::WANDB: model: critic_0, step: 793, train_lr: 0.001
TORCHFORT::WANDB: model: actor, step: 793, train_loss: 0.197546
TORCHFORT::WANDB: model: actor, step: 793, train_lr: 0.001
TORCHFORT::WANDB: model: alpha, step: 793, train_loss: -2.90674
TORCHFORT::WANDB: model: alpha, step: 793, train_lr: 0.0001
TORCHFORT::WANDB: model: critic_0, step: 794, train_loss: 0.113362
TORCHFORT::WANDB: model: critic_0, step: 794, train_lr: 0.001
TORCHFORT::WANDB: model: actor, step: 794, train_loss: 0.179835
TORCHFORT::WANDB: model: actor, step: 794, train_lr: 0.001
TORCHFORT::WANDB: model: alpha, step: 794, train_loss: -2.90959
TORCHFORT::WANDB: model: alpha, step: 794, train_lr: 0.0001
TORCHFORT::WANDB: model: critic_0, step: 795, train_loss: 0.107316
TORCHFORT::WANDB: model: critic_0, step: 795, train_lr: 0.001
TORCHFORT::WANDB: model: actor, step: 795, train_loss: 0.187661
TORCHFORT::WANDB: model: actor, step: 795, train_lr: 0.001
TORCHFORT::WANDB: model: alpha, step: 795, train_loss: -2.90937
TORCHFORT::WANDB: model: alpha, step: 795, train_lr: 0.0001
TORCHFORT::WANDB: model: critic_0, step: 796, train_loss: 0.109752
TORCHFORT::WANDB: model: critic_0, step: 796, train_lr: 0.001
TORCHFORT::WANDB: model: actor, step: 796, train_loss: 0.203348
TORCHFORT::WANDB: model: actor, step: 796, train_lr: 0.001
TORCHFORT::WANDB: model: alpha, step: 796, train_loss: -2.91239
TORCHFORT::WANDB: model: alpha, step: 796, train_lr: 0.0001
TORCHFORT::WANDB: model: critic_0, step: 797, train_loss: 0.105063
TORCHFORT::WANDB: model: critic_0, step: 797, train_lr: 0.001
TORCHFORT::WANDB: model: actor, step: 797, train_loss: 0.194323
TORCHFORT::WANDB: model: actor, step: 797, train_lr: 0.001
TORCHFORT::WANDB: model: alpha, step: 797, train_loss: -2.91384
TORCHFORT::WANDB: model: alpha, step: 797, train_lr: 0.0001
TORCHFORT::WANDB: model: critic_0, step: 798, train_loss: 0.112479
TORCHFORT::WANDB: model: critic_0, step: 798, train_lr: 0.001
TORCHFORT::WANDB: model: actor, step: 798, train_loss: 0.186916
TORCHFORT::WANDB: model: actor, step: 798, train_lr: 0.001
TORCHFORT::WANDB: model: alpha, step: 798, train_loss: -2.91938
TORCHFORT::WANDB: model: alpha, step: 798, train_lr: 0.0001
TORCHFORT::WANDB: model: critic_0, step: 799, train_loss: 0.121261
TORCHFORT::WANDB: model: critic_0, step: 799, train_lr: 0.001
TORCHFORT::WANDB: model: actor, step: 799, train_loss: 0.178137
TORCHFORT::WANDB: model: actor, step: 799, train_lr: 0.001
TORCHFORT::WANDB: model: alpha, step: 799, train_loss: -2.91292
TORCHFORT::WANDB: model: alpha, step: 799, train_lr: 0.0001
TORCHFORT::WANDB: model: critic_0, step: 800, train_loss: 0.113178
TORCHFORT::WANDB: model: critic_0, step: 800, train_lr: 0.001
TORCHFORT::WANDB: model: actor, step: 800, train_loss: 0.177651
TORCHFORT::WANDB: model: actor, step: 800, train_lr: 0.001
TORCHFORT::WANDB: model: alpha, step: 800, train_loss: -2.91414
TORCHFORT::WANDB: model: alpha, step: 800, train_lr: 0.0001
TORCHFORT::WANDB: model: rlwm, step: 50, reward_sum: 1936.21
TORCHFORT::WANDB: model: rlwm, step: 50, reward_sum: 1936.21
TORCHFORT::WANDB: model: rlwm, step: 50, reward_sum: 1936.21
TORCHFORT::WANDB: model: rlwm, step: 50, reward_sum: 1936.21
TORCHFORT::WANDB: model: critic_0, step: 801, train_loss: 0.121384
TORCHFORT::WANDB: model: critic_0, step: 801, train_lr: 0.001
TORCHFORT::WANDB: model: actor, step: 801, train_loss: 0.188825
TORCHFORT::WANDB: model: actor, step: 801, train_lr: 0.001
TORCHFORT::WANDB: model: alpha, step: 801, train_loss: -2.91649
TORCHFORT::WANDB: model: alpha, step: 801, train_lr: 0.0001
TORCHFORT::WANDB: model: critic_0, step: 802, train_loss: 0.114013
TORCHFORT::WANDB: model: critic_0, step: 802, train_lr: 0.001
TORCHFORT::WANDB: model: actor, step: 802, train_loss: 0.195307
TORCHFORT::WANDB: model: actor, step: 802, train_lr: 0.001
TORCHFORT::WANDB: model: alpha, step: 802, train_loss: -2.91829
TORCHFORT::WANDB: model: alpha, step: 802, train_lr: 0.0001
TORCHFORT::WANDB: model: critic_0, step: 803, train_loss: 0.114292
TORCHFORT::WANDB: model: critic_0, step: 803, train_lr: 0.001
TORCHFORT::WANDB: model: actor, step: 803, train_loss: 0.19164
TORCHFORT::WANDB: model: actor, step: 803, train_lr: 0.001
TORCHFORT::WANDB: model: alpha, step: 803, train_loss: -2.91602
TORCHFORT::WANDB: model: alpha, step: 803, train_lr: 0.0001
TORCHFORT::WANDB: model: critic_0, step: 804, train_loss: 0.136178
TORCHFORT::WANDB: model: critic_0, step: 804, train_lr: 0.001
TORCHFORT::WANDB: model: actor, step: 804, train_loss: 0.182103
TORCHFORT::WANDB: model: actor, step: 804, train_lr: 0.001
TORCHFORT::WANDB: model: alpha, step: 804, train_loss: -2.91867
TORCHFORT::WANDB: model: alpha, step: 804, train_lr: 0.0001
TORCHFORT::WANDB: model: critic_0, step: 805, train_loss: 0.112587
TORCHFORT::WANDB: model: critic_0, step: 805, train_lr: 0.001
TORCHFORT::WANDB: model: actor, step: 805, train_loss: 0.190642
TORCHFORT::WANDB: model: actor, step: 805, train_lr: 0.001
TORCHFORT::WANDB: model: alpha, step: 805, train_loss: -2.91564
TORCHFORT::WANDB: model: alpha, step: 805, train_lr: 0.0001
TORCHFORT::WANDB: model: critic_0, step: 806, train_loss: 0.109471
TORCHFORT::WANDB: model: critic_0, step: 806, train_lr: 0.001
TORCHFORT::WANDB: model: actor, step: 806, train_loss: 0.181239
TORCHFORT::WANDB: model: actor, step: 806, train_lr: 0.001
TORCHFORT::WANDB: model: alpha, step: 806, train_loss: -2.91395
TORCHFORT::WANDB: model: alpha, step: 806, train_lr: 0.0001
TORCHFORT::WANDB: model: critic_0, step: 807, train_loss: 0.115085
TORCHFORT::WANDB: model: critic_0, step: 807, train_lr: 0.001
TORCHFORT::WANDB: model: actor, step: 807, train_loss: 0.177454
TORCHFORT::WANDB: model: actor, step: 807, train_lr: 0.001
TORCHFORT::WANDB: model: alpha, step: 807, train_loss: -2.91866
TORCHFORT::WANDB: model: alpha, step: 807, train_lr: 0.0001
TORCHFORT::WANDB: model: critic_0, step: 808, train_loss: 0.12186
TORCHFORT::WANDB: model: critic_0, step: 808, train_lr: 0.001
TORCHFORT::WANDB: model: actor, step: 808, train_loss: 0.176932
TORCHFORT::WANDB: model: actor, step: 808, train_lr: 0.001
TORCHFORT::WANDB: model: alpha, step: 808, train_loss: -2.91847
TORCHFORT::WANDB: model: alpha, step: 808, train_lr: 0.0001
TORCHFORT::WANDB: model: critic_0, step: 809, train_loss: 0.122221
TORCHFORT::WANDB: model: critic_0, step: 809, train_lr: 0.001
TORCHFORT::WANDB: model: actor, step: 809, train_loss: 0.165926
TORCHFORT::WANDB: model: actor, step: 809, train_lr: 0.001
TORCHFORT::WANDB: model: alpha, step: 809, train_loss: -2.921
TORCHFORT::WANDB: model: alpha, step: 809, train_lr: 0.0001
TORCHFORT::WANDB: model: critic_0, step: 810, train_loss: 0.121956
TORCHFORT::WANDB: model: critic_0, step: 810, train_lr: 0.001
TORCHFORT::WANDB: model: actor, step: 810, train_loss: 0.172014
TORCHFORT::WANDB: model: actor, step: 810, train_lr: 0.001
TORCHFORT::WANDB: model: alpha, step: 810, train_loss: -2.91596
TORCHFORT::WANDB: model: alpha, step: 810, train_lr: 0.0001
TORCHFORT::WANDB: model: critic_0, step: 811, train_loss: 0.113699
TORCHFORT::WANDB: model: critic_0, step: 811, train_lr: 0.001
TORCHFORT::WANDB: model: actor, step: 811, train_loss: 0.175709
TORCHFORT::WANDB: model: actor, step: 811, train_lr: 0.001
TORCHFORT::WANDB: model: alpha, step: 811, train_loss: -2.92051
TORCHFORT::WANDB: model: alpha, step: 811, train_lr: 0.0001
TORCHFORT::WANDB: model: critic_0, step: 812, train_loss: 0.113393
TORCHFORT::WANDB: model: critic_0, step: 812, train_lr: 0.001
TORCHFORT::WANDB: model: actor, step: 812, train_loss: 0.172723
TORCHFORT::WANDB: model: actor, step: 812, train_lr: 0.001
TORCHFORT::WANDB: model: alpha, step: 812, train_loss: -2.92002
TORCHFORT::WANDB: model: alpha, step: 812, train_lr: 0.0001
TORCHFORT::WANDB: model: critic_0, step: 813, train_loss: 0.114081
TORCHFORT::WANDB: model: critic_0, step: 813, train_lr: 0.001
TORCHFORT::WANDB: model: actor, step: 813, train_loss: 0.154464
TORCHFORT::WANDB: model: actor, step: 813, train_lr: 0.001
TORCHFORT::WANDB: model: alpha, step: 813, train_loss: -2.91897
TORCHFORT::WANDB: model: alpha, step: 813, train_lr: 0.0001
TORCHFORT::WANDB: model: critic_0, step: 814, train_loss: 0.118392
TORCHFORT::WANDB: model: critic_0, step: 814, train_lr: 0.001
TORCHFORT::WANDB: model: actor, step: 814, train_loss: 0.174306
TORCHFORT::WANDB: model: actor, step: 814, train_lr: 0.001
TORCHFORT::WANDB: model: alpha, step: 814, train_loss: -2.92151
TORCHFORT::WANDB: model: alpha, step: 814, train_lr: 0.0001
TORCHFORT::WANDB: model: critic_0, step: 815, train_loss: 0.117114
TORCHFORT::WANDB: model: critic_0, step: 815, train_lr: 0.001
TORCHFORT::WANDB: model: actor, step: 815, train_loss: 0.180954
TORCHFORT::WANDB: model: actor, step: 815, train_lr: 0.001
TORCHFORT::WANDB: model: alpha, step: 815, train_loss: -2.92134
TORCHFORT::WANDB: model: alpha, step: 815, train_lr: 0.0001
TORCHFORT::WANDB: model: critic_0, step: 816, train_loss: 0.119155
TORCHFORT::WANDB: model: critic_0, step: 816, train_lr: 0.001
TORCHFORT::WANDB: model: actor, step: 816, train_loss: 0.158434
TORCHFORT::WANDB: model: actor, step: 816, train_lr: 0.001
TORCHFORT::WANDB: model: alpha, step: 816, train_loss: -2.92249
TORCHFORT::WANDB: model: alpha, step: 816, train_lr: 0.0001
TORCHFORT::WANDB: model: critic_0, step: 817, train_loss: 0.116011
TORCHFORT::WANDB: model: critic_0, step: 817, train_lr: 0.001
TORCHFORT::WANDB: model: actor, step: 817, train_loss: 0.153009
TORCHFORT::WANDB: model: actor, step: 817, train_lr: 0.001
TORCHFORT::WANDB: model: alpha, step: 817, train_loss: -2.91762
TORCHFORT::WANDB: model: alpha, step: 817, train_lr: 0.0001
TORCHFORT::WANDB: model: critic_0, step: 818, train_loss: 0.113348
TORCHFORT::WANDB: model: critic_0, step: 818, train_lr: 0.001
TORCHFORT::WANDB: model: actor, step: 818, train_loss: 0.166157
TORCHFORT::WANDB: model: actor, step: 818, train_lr: 0.001
TORCHFORT::WANDB: model: alpha, step: 818, train_loss: -2.92105
TORCHFORT::WANDB: model: alpha, step: 818, train_lr: 0.0001
TORCHFORT::WANDB: model: critic_0, step: 819, train_loss: 0.114457
TORCHFORT::WANDB: model: critic_0, step: 819, train_lr: 0.001
TORCHFORT::WANDB: model: actor, step: 819, train_loss: 0.154513
TORCHFORT::WANDB: model: actor, step: 819, train_lr: 0.001
TORCHFORT::WANDB: model: alpha, step: 819, train_loss: -2.91958
TORCHFORT::WANDB: model: alpha, step: 819, train_lr: 0.0001
TORCHFORT::WANDB: model: critic_0, step: 820, train_loss: 0.117519
TORCHFORT::WANDB: model: critic_0, step: 820, train_lr: 0.001
TORCHFORT::WANDB: model: actor, step: 820, train_loss: 0.163032
TORCHFORT::WANDB: model: actor, step: 820, train_lr: 0.001
TORCHFORT::WANDB: model: alpha, step: 820, train_loss: -2.92271
TORCHFORT::WANDB: model: alpha, step: 820, train_lr: 0.0001
TORCHFORT::WANDB: model: rlwm, step: 51, reward_sum: 1965.09
TORCHFORT::WANDB: model: rlwm, step: 51, reward_sum: 1965.09
TORCHFORT::WANDB: model: rlwm, step: 51, reward_sum: 1965.09
TORCHFORT::WANDB: model: rlwm, step: 51, reward_sum: 1965.09
TORCHFORT::WANDB: model: critic_0, step: 821, train_loss: 0.122763
TORCHFORT::WANDB: model: critic_0, step: 821, train_lr: 0.001
TORCHFORT::WANDB: model: actor, step: 821, train_loss: 0.1551
TORCHFORT::WANDB: model: actor, step: 821, train_lr: 0.001
TORCHFORT::WANDB: model: alpha, step: 821, train_loss: -2.92523
TORCHFORT::WANDB: model: alpha, step: 821, train_lr: 0.0001
TORCHFORT::WANDB: model: critic_0, step: 822, train_loss: 0.126826
TORCHFORT::WANDB: model: critic_0, step: 822, train_lr: 0.001
TORCHFORT::WANDB: model: actor, step: 822, train_loss: 0.148705
TORCHFORT::WANDB: model: actor, step: 822, train_lr: 0.001
TORCHFORT::WANDB: model: alpha, step: 822, train_loss: -2.92652
TORCHFORT::WANDB: model: alpha, step: 822, train_lr: 0.0001
TORCHFORT::WANDB: model: critic_0, step: 823, train_loss: 0.12211
TORCHFORT::WANDB: model: critic_0, step: 823, train_lr: 0.001
TORCHFORT::WANDB: model: actor, step: 823, train_loss: 0.177744
TORCHFORT::WANDB: model: actor, step: 823, train_lr: 0.001
TORCHFORT::WANDB: model: alpha, step: 823, train_loss: -2.92137
TORCHFORT::WANDB: model: alpha, step: 823, train_lr: 0.0001
TORCHFORT::WANDB: model: critic_0, step: 824, train_loss: 0.124432
TORCHFORT::WANDB: model: critic_0, step: 824, train_lr: 0.001
TORCHFORT::WANDB: model: actor, step: 824, train_loss: 0.158332
TORCHFORT::WANDB: model: actor, step: 824, train_lr: 0.001
TORCHFORT::WANDB: model: alpha, step: 824, train_loss: -2.91903
TORCHFORT::WANDB: model: alpha, step: 824, train_lr: 0.0001
TORCHFORT::WANDB: model: critic_0, step: 825, train_loss: 0.113582
TORCHFORT::WANDB: model: critic_0, step: 825, train_lr: 0.001
TORCHFORT::WANDB: model: actor, step: 825, train_loss: 0.133609
TORCHFORT::WANDB: model: actor, step: 825, train_lr: 0.001
TORCHFORT::WANDB: model: alpha, step: 825, train_loss: -2.92269
TORCHFORT::WANDB: model: alpha, step: 825, train_lr: 0.0001
TORCHFORT::WANDB: model: critic_0, step: 826, train_loss: 0.113933
TORCHFORT::WANDB: model: critic_0, step: 826, train_lr: 0.001
TORCHFORT::WANDB: model: actor, step: 826, train_loss: 0.15512
TORCHFORT::WANDB: model: actor, step: 826, train_lr: 0.001
TORCHFORT::WANDB: model: alpha, step: 826, train_loss: -2.92273
TORCHFORT::WANDB: model: alpha, step: 826, train_lr: 0.0001
TORCHFORT::WANDB: model: critic_0, step: 827, train_loss: 0.113646
TORCHFORT::WANDB: model: critic_0, step: 827, train_lr: 0.001
TORCHFORT::WANDB: model: actor, step: 827, train_loss: 0.169316
TORCHFORT::WANDB: model: actor, step: 827, train_lr: 0.001
TORCHFORT::WANDB: model: alpha, step: 827, train_loss: -2.92205
TORCHFORT::WANDB: model: alpha, step: 827, train_lr: 0.0001
TORCHFORT::WANDB: model: critic_0, step: 828, train_loss: 0.112863
TORCHFORT::WANDB: model: critic_0, step: 828, train_lr: 0.001
TORCHFORT::WANDB: model: actor, step: 828, train_loss: 0.147706
TORCHFORT::WANDB: model: actor, step: 828, train_lr: 0.001
TORCHFORT::WANDB: model: alpha, step: 828, train_loss: -2.92311
TORCHFORT::WANDB: model: alpha, step: 828, train_lr: 0.0001
TORCHFORT::WANDB: model: critic_0, step: 829, train_loss: 0.117025
TORCHFORT::WANDB: model: critic_0, step: 829, train_lr: 0.001
TORCHFORT::WANDB: model: actor, step: 829, train_loss: 0.133432
TORCHFORT::WANDB: model: actor, step: 829, train_lr: 0.001
TORCHFORT::WANDB: model: alpha, step: 829, train_loss: -2.92232
TORCHFORT::WANDB: model: alpha, step: 829, train_lr: 0.0001
TORCHFORT::WANDB: model: critic_0, step: 830, train_loss: 0.118204
TORCHFORT::WANDB: model: critic_0, step: 830, train_lr: 0.001
TORCHFORT::WANDB: model: actor, step: 830, train_loss: 0.142328
TORCHFORT::WANDB: model: actor, step: 830, train_lr: 0.001
TORCHFORT::WANDB: model: alpha, step: 830, train_loss: -2.92273
TORCHFORT::WANDB: model: alpha, step: 830, train_lr: 0.0001
TORCHFORT::WANDB: model: critic_0, step: 831, train_loss: 0.129897
TORCHFORT::WANDB: model: critic_0, step: 831, train_lr: 0.001
TORCHFORT::WANDB: model: actor, step: 831, train_loss: 0.160829
TORCHFORT::WANDB: model: actor, step: 831, train_lr: 0.001
TORCHFORT::WANDB: model: alpha, step: 831, train_loss: -2.92716
TORCHFORT::WANDB: model: alpha, step: 831, train_lr: 0.0001
TORCHFORT::WANDB: model: critic_0, step: 832, train_loss: 0.12121
TORCHFORT::WANDB: model: critic_0, step: 832, train_lr: 0.001
TORCHFORT::WANDB: model: actor, step: 832, train_loss: 0.158583
TORCHFORT::WANDB: model: actor, step: 832, train_lr: 0.001
TORCHFORT::WANDB: model: alpha, step: 832, train_loss: -2.92467
TORCHFORT::WANDB: model: alpha, step: 832, train_lr: 0.0001
TORCHFORT::WANDB: model: critic_0, step: 833, train_loss: 0.116583
TORCHFORT::WANDB: model: critic_0, step: 833, train_lr: 0.001
TORCHFORT::WANDB: model: actor, step: 833, train_loss: 0.13302
TORCHFORT::WANDB: model: actor, step: 833, train_lr: 0.001
TORCHFORT::WANDB: model: alpha, step: 833, train_loss: -2.92272
TORCHFORT::WANDB: model: alpha, step: 833, train_lr: 0.0001
TORCHFORT::WANDB: model: critic_0, step: 834, train_loss: 0.115804
TORCHFORT::WANDB: model: critic_0, step: 834, train_lr: 0.001
TORCHFORT::WANDB: model: actor, step: 834, train_loss: 0.127105
TORCHFORT::WANDB: model: actor, step: 834, train_lr: 0.001
TORCHFORT::WANDB: model: alpha, step: 834, train_loss: -2.92711
TORCHFORT::WANDB: model: alpha, step: 834, train_lr: 0.0001
TORCHFORT::WANDB: model: critic_0, step: 835, train_loss: 0.117226
TORCHFORT::WANDB: model: critic_0, step: 835, train_lr: 0.001
TORCHFORT::WANDB: model: actor, step: 835, train_loss: 0.150282
TORCHFORT::WANDB: model: actor, step: 835, train_lr: 0.001
TORCHFORT::WANDB: model: alpha, step: 835, train_loss: -2.92404
TORCHFORT::WANDB: model: alpha, step: 835, train_lr: 0.0001
TORCHFORT::WANDB: model: critic_0, step: 836, train_loss: 0.12025
TORCHFORT::WANDB: model: critic_0, step: 836, train_lr: 0.001
TORCHFORT::WANDB: model: actor, step: 836, train_loss: 0.148346
TORCHFORT::WANDB: model: actor, step: 836, train_lr: 0.001
TORCHFORT::WANDB: model: alpha, step: 836, train_loss: -2.92629
TORCHFORT::WANDB: model: alpha, step: 836, train_lr: 0.0001
TORCHFORT::WANDB: model: critic_0, step: 837, train_loss: 0.121422
TORCHFORT::WANDB: model: critic_0, step: 837, train_lr: 0.001
TORCHFORT::WANDB: model: actor, step: 837, train_loss: 0.133471
TORCHFORT::WANDB: model: actor, step: 837, train_lr: 0.001
TORCHFORT::WANDB: model: alpha, step: 837, train_loss: -2.9255
TORCHFORT::WANDB: model: alpha, step: 837, train_lr: 0.0001
TORCHFORT::WANDB: model: critic_0, step: 838, train_loss: 0.121252
TORCHFORT::WANDB: model: critic_0, step: 838, train_lr: 0.001
TORCHFORT::WANDB: model: actor, step: 838, train_loss: 0.12834
TORCHFORT::WANDB: model: actor, step: 838, train_lr: 0.001
TORCHFORT::WANDB: model: alpha, step: 838, train_loss: -2.92562
TORCHFORT::WANDB: model: alpha, step: 838, train_lr: 0.0001
TORCHFORT::WANDB: model: critic_0, step: 839, train_loss: 0.116769
TORCHFORT::WANDB: model: critic_0, step: 839, train_lr: 0.001
TORCHFORT::WANDB: model: actor, step: 839, train_loss: 0.151449
TORCHFORT::WANDB: model: actor, step: 839, train_lr: 0.001
TORCHFORT::WANDB: model: alpha, step: 839, train_loss: -2.92827
TORCHFORT::WANDB: model: alpha, step: 839, train_lr: 0.0001
TORCHFORT::WANDB: model: critic_0, step: 840, train_loss: 0.132114
TORCHFORT::WANDB: model: critic_0, step: 840, train_lr: 0.001
TORCHFORT::WANDB: model: actor, step: 840, train_loss: 0.132712
TORCHFORT::WANDB: model: actor, step: 840, train_lr: 0.001
TORCHFORT::WANDB: model: alpha, step: 840, train_loss: -2.92642
TORCHFORT::WANDB: model: alpha, step: 840, train_lr: 0.0001
TORCHFORT::WANDB: model: rlwm, step: 52, reward_sum: 1894.66
TORCHFORT::WANDB: model: rlwm, step: 52, reward_sum: 1894.66
TORCHFORT::WANDB: model: rlwm, step: 52, reward_sum: 1894.66
TORCHFORT::WANDB: model: rlwm, step: 52, reward_sum: 1894.66
TORCHFORT::WANDB: model: critic_0, step: 841, train_loss: 0.123053
TORCHFORT::WANDB: model: critic_0, step: 841, train_lr: 0.001
TORCHFORT::WANDB: model: actor, step: 841, train_loss: 0.118475
TORCHFORT::WANDB: model: actor, step: 841, train_lr: 0.001
TORCHFORT::WANDB: model: alpha, step: 841, train_loss: -2.92827
TORCHFORT::WANDB: model: alpha, step: 841, train_lr: 0.0001
TORCHFORT::WANDB: model: critic_0, step: 842, train_loss: 0.128026
TORCHFORT::WANDB: model: critic_0, step: 842, train_lr: 0.001
TORCHFORT::WANDB: model: actor, step: 842, train_loss: 0.137865
TORCHFORT::WANDB: model: actor, step: 842, train_lr: 0.001
TORCHFORT::WANDB: model: alpha, step: 842, train_loss: -2.9288
TORCHFORT::WANDB: model: alpha, step: 842, train_lr: 0.0001
TORCHFORT::WANDB: model: critic_0, step: 843, train_loss: 0.129772
TORCHFORT::WANDB: model: critic_0, step: 843, train_lr: 0.001
TORCHFORT::WANDB: model: actor, step: 843, train_loss: 0.160815
TORCHFORT::WANDB: model: actor, step: 843, train_lr: 0.001
TORCHFORT::WANDB: model: alpha, step: 843, train_loss: -2.9278
TORCHFORT::WANDB: model: alpha, step: 843, train_lr: 0.0001
TORCHFORT::WANDB: model: critic_0, step: 844, train_loss: 0.126994
TORCHFORT::WANDB: model: critic_0, step: 844, train_lr: 0.001
TORCHFORT::WANDB: model: actor, step: 844, train_loss: 0.126783
TORCHFORT::WANDB: model: actor, step: 844, train_lr: 0.001
TORCHFORT::WANDB: model: alpha, step: 844, train_loss: -2.92893
TORCHFORT::WANDB: model: alpha, step: 844, train_lr: 0.0001
TORCHFORT::WANDB: model: critic_0, step: 845, train_loss: 0.128903
TORCHFORT::WANDB: model: critic_0, step: 845, train_lr: 0.001
TORCHFORT::WANDB: model: actor, step: 845, train_loss: 0.114446
TORCHFORT::WANDB: model: actor, step: 845, train_lr: 0.001
TORCHFORT::WANDB: model: alpha, step: 845, train_loss: -2.92652
TORCHFORT::WANDB: model: alpha, step: 845, train_lr: 0.0001
TORCHFORT::WANDB: model: critic_0, step: 846, train_loss: 0.124327
TORCHFORT::WANDB: model: critic_0, step: 846, train_lr: 0.001
TORCHFORT::WANDB: model: actor, step: 846, train_loss: 0.145888
TORCHFORT::WANDB: model: actor, step: 846, train_lr: 0.001
TORCHFORT::WANDB: model: alpha, step: 846, train_loss: -2.92342
TORCHFORT::WANDB: model: alpha, step: 846, train_lr: 0.0001
TORCHFORT::WANDB: model: critic_0, step: 847, train_loss: 0.129388
TORCHFORT::WANDB: model: critic_0, step: 847, train_lr: 0.001
TORCHFORT::WANDB: model: actor, step: 847, train_loss: 0.144911
TORCHFORT::WANDB: model: actor, step: 847, train_lr: 0.001
TORCHFORT::WANDB: model: alpha, step: 847, train_loss: -2.92773
TORCHFORT::WANDB: model: alpha, step: 847, train_lr: 0.0001
TORCHFORT::WANDB: model: critic_0, step: 848, train_loss: 0.124497
TORCHFORT::WANDB: model: critic_0, step: 848, train_lr: 0.001
TORCHFORT::WANDB: model: actor, step: 848, train_loss: 0.100455
TORCHFORT::WANDB: model: actor, step: 848, train_lr: 0.001
TORCHFORT::WANDB: model: alpha, step: 848, train_loss: -2.93342
TORCHFORT::WANDB: model: alpha, step: 848, train_lr: 0.0001
TORCHFORT::WANDB: model: critic_0, step: 849, train_loss: 0.123737
TORCHFORT::WANDB: model: critic_0, step: 849, train_lr: 0.001
TORCHFORT::WANDB: model: actor, step: 849, train_loss: 0.116493
TORCHFORT::WANDB: model: actor, step: 849, train_lr: 0.001
TORCHFORT::WANDB: model: alpha, step: 849, train_loss: -2.92762
TORCHFORT::WANDB: model: alpha, step: 849, train_lr: 0.0001
TORCHFORT::WANDB: model: critic_0, step: 850, train_loss: 0.11472
TORCHFORT::WANDB: model: critic_0, step: 850, train_lr: 0.001
TORCHFORT::WANDB: model: actor, step: 850, train_loss: 0.151518
TORCHFORT::WANDB: model: actor, step: 850, train_lr: 0.001
TORCHFORT::WANDB: model: alpha, step: 850, train_loss: -2.92553
TORCHFORT::WANDB: model: alpha, step: 850, train_lr: 0.0001
TORCHFORT::WANDB: model: critic_0, step: 851, train_loss: 0.13153
TORCHFORT::WANDB: model: critic_0, step: 851, train_lr: 0.001
TORCHFORT::WANDB: model: actor, step: 851, train_loss: 0.13403
TORCHFORT::WANDB: model: actor, step: 851, train_lr: 0.001
TORCHFORT::WANDB: model: alpha, step: 851, train_loss: -2.93087
TORCHFORT::WANDB: model: alpha, step: 851, train_lr: 0.0001
TORCHFORT::WANDB: model: critic_0, step: 852, train_loss: 0.128579
TORCHFORT::WANDB: model: critic_0, step: 852, train_lr: 0.001
TORCHFORT::WANDB: model: actor, step: 852, train_loss: 0.10297
TORCHFORT::WANDB: model: actor, step: 852, train_lr: 0.001
TORCHFORT::WANDB: model: alpha, step: 852, train_loss: -2.93074
TORCHFORT::WANDB: model: alpha, step: 852, train_lr: 0.0001
TORCHFORT::WANDB: model: critic_0, step: 853, train_loss: 0.127275
TORCHFORT::WANDB: model: critic_0, step: 853, train_lr: 0.001
TORCHFORT::WANDB: model: actor, step: 853, train_loss: 0.12115
TORCHFORT::WANDB: model: actor, step: 853, train_lr: 0.001
TORCHFORT::WANDB: model: alpha, step: 853, train_loss: -2.92735
TORCHFORT::WANDB: model: alpha, step: 853, train_lr: 0.0001
TORCHFORT::WANDB: model: critic_0, step: 854, train_loss: 0.122162
TORCHFORT::WANDB: model: critic_0, step: 854, train_lr: 0.001
TORCHFORT::WANDB: model: actor, step: 854, train_loss: 0.151953
TORCHFORT::WANDB: model: actor, step: 854, train_lr: 0.001
TORCHFORT::WANDB: model: alpha, step: 854, train_loss: -2.93048
TORCHFORT::WANDB: model: alpha, step: 854, train_lr: 0.0001
TORCHFORT::WANDB: model: critic_0, step: 855, train_loss: 0.125152
TORCHFORT::WANDB: model: critic_0, step: 855, train_lr: 0.001
TORCHFORT::WANDB: model: actor, step: 855, train_loss: 0.122097
TORCHFORT::WANDB: model: actor, step: 855, train_lr: 0.001
TORCHFORT::WANDB: model: alpha, step: 855, train_loss: -2.92999
TORCHFORT::WANDB: model: alpha, step: 855, train_lr: 0.0001
TORCHFORT::WANDB: model: critic_0, step: 856, train_loss: 0.133091
TORCHFORT::WANDB: model: critic_0, step: 856, train_lr: 0.001
TORCHFORT::WANDB: model: actor, step: 856, train_loss: 0.095214
TORCHFORT::WANDB: model: actor, step: 856, train_lr: 0.001
TORCHFORT::WANDB: model: alpha, step: 856, train_loss: -2.93209
TORCHFORT::WANDB: model: alpha, step: 856, train_lr: 0.0001
TORCHFORT::WANDB: model: critic_0, step: 857, train_loss: 0.123084
TORCHFORT::WANDB: model: critic_0, step: 857, train_lr: 0.001
TORCHFORT::WANDB: model: actor, step: 857, train_loss: 0.11488
TORCHFORT::WANDB: model: actor, step: 857, train_lr: 0.001
TORCHFORT::WANDB: model: alpha, step: 857, train_loss: -2.9322
TORCHFORT::WANDB: model: alpha, step: 857, train_lr: 0.0001
TORCHFORT::WANDB: model: critic_0, step: 858, train_loss: 0.115626
TORCHFORT::WANDB: model: critic_0, step: 858, train_lr: 0.001
TORCHFORT::WANDB: model: actor, step: 858, train_loss: 0.145697
TORCHFORT::WANDB: model: actor, step: 858, train_lr: 0.001
TORCHFORT::WANDB: model: alpha, step: 858, train_loss: -2.93276
TORCHFORT::WANDB: model: alpha, step: 858, train_lr: 0.0001
TORCHFORT::WANDB: model: critic_0, step: 859, train_loss: 0.131398
TORCHFORT::WANDB: model: critic_0, step: 859, train_lr: 0.001
TORCHFORT::WANDB: model: actor, step: 859, train_loss: 0.119318
TORCHFORT::WANDB: model: actor, step: 859, train_lr: 0.001
TORCHFORT::WANDB: model: alpha, step: 859, train_loss: -2.93478
TORCHFORT::WANDB: model: alpha, step: 859, train_lr: 0.0001
TORCHFORT::WANDB: model: critic_0, step: 860, train_loss: 0.126596
TORCHFORT::WANDB: model: critic_0, step: 860, train_lr: 0.001
TORCHFORT::WANDB: model: actor, step: 860, train_loss: 0.0875852
TORCHFORT::WANDB: model: actor, step: 860, train_lr: 0.001
TORCHFORT::WANDB: model: alpha, step: 860, train_loss: -2.93503
TORCHFORT::WANDB: model: alpha, step: 860, train_lr: 0.0001
TORCHFORT::WANDB: model: rlwm, step: 53, reward_sum: 1530.83
TORCHFORT::WANDB: model: rlwm, step: 53, reward_sum: 1530.83
TORCHFORT::WANDB: model: rlwm, step: 53, reward_sum: 1530.83
TORCHFORT::WANDB: model: rlwm, step: 53, reward_sum: 1530.83
TORCHFORT::WANDB: model: critic_0, step: 861, train_loss: 0.128823
TORCHFORT::WANDB: model: critic_0, step: 861, train_lr: 0.001
TORCHFORT::WANDB: model: actor, step: 861, train_loss: 0.0968976
TORCHFORT::WANDB: model: actor, step: 861, train_lr: 0.001
TORCHFORT::WANDB: model: alpha, step: 861, train_loss: -2.93668
TORCHFORT::WANDB: model: alpha, step: 861, train_lr: 0.0001
TORCHFORT::WANDB: model: critic_0, step: 862, train_loss: 0.120238
TORCHFORT::WANDB: model: critic_0, step: 862, train_lr: 0.001
TORCHFORT::WANDB: model: actor, step: 862, train_loss: 0.130845
TORCHFORT::WANDB: model: actor, step: 862, train_lr: 0.001
TORCHFORT::WANDB: model: alpha, step: 862, train_loss: -2.93147
TORCHFORT::WANDB: model: alpha, step: 862, train_lr: 0.0001
TORCHFORT::WANDB: model: critic_0, step: 863, train_loss: 0.129839
TORCHFORT::WANDB: model: critic_0, step: 863, train_lr: 0.001
TORCHFORT::WANDB: model: actor, step: 863, train_loss: 0.133065
TORCHFORT::WANDB: model: actor, step: 863, train_lr: 0.001
TORCHFORT::WANDB: model: alpha, step: 863, train_loss: -2.93421
TORCHFORT::WANDB: model: alpha, step: 863, train_lr: 0.0001
TORCHFORT::WANDB: model: critic_0, step: 864, train_loss: 0.121474
TORCHFORT::WANDB: model: critic_0, step: 864, train_lr: 0.001
TORCHFORT::WANDB: model: actor, step: 864, train_loss: 0.110252
TORCHFORT::WANDB: model: actor, step: 864, train_lr: 0.001
TORCHFORT::WANDB: model: alpha, step: 864, train_loss: -2.93525
TORCHFORT::WANDB: model: alpha, step: 864, train_lr: 0.0001
TORCHFORT::WANDB: model: critic_0, step: 865, train_loss: 0.129996
TORCHFORT::WANDB: model: critic_0, step: 865, train_lr: 0.001
TORCHFORT::WANDB: model: actor, step: 865, train_loss: 0.101261
TORCHFORT::WANDB: model: actor, step: 865, train_lr: 0.001
TORCHFORT::WANDB: model: alpha, step: 865, train_loss: -2.9345
TORCHFORT::WANDB: model: alpha, step: 865, train_lr: 0.0001
TORCHFORT::WANDB: model: critic_0, step: 866, train_loss: 0.123192
TORCHFORT::WANDB: model: critic_0, step: 866, train_lr: 0.001
TORCHFORT::WANDB: model: actor, step: 866, train_loss: 0.0999333
TORCHFORT::WANDB: model: actor, step: 866, train_lr: 0.001
TORCHFORT::WANDB: model: alpha, step: 866, train_loss: -2.93104
TORCHFORT::WANDB: model: alpha, step: 866, train_lr: 0.0001
TORCHFORT::WANDB: model: critic_0, step: 867, train_loss: 0.131981
TORCHFORT::WANDB: model: critic_0, step: 867, train_lr: 0.001
TORCHFORT::WANDB: model: actor, step: 867, train_loss: 0.121216
TORCHFORT::WANDB: model: actor, step: 867, train_lr: 0.001
TORCHFORT::WANDB: model: alpha, step: 867, train_loss: -2.93634
TORCHFORT::WANDB: model: alpha, step: 867, train_lr: 0.0001
TORCHFORT::WANDB: model: critic_0, step: 868, train_loss: 0.14154
TORCHFORT::WANDB: model: critic_0, step: 868, train_lr: 0.001
TORCHFORT::WANDB: model: actor, step: 868, train_loss: 0.106408
TORCHFORT::WANDB: model: actor, step: 868, train_lr: 0.001
TORCHFORT::WANDB: model: alpha, step: 868, train_loss: -2.93096
TORCHFORT::WANDB: model: alpha, step: 868, train_lr: 0.0001
TORCHFORT::WANDB: model: critic_0, step: 869, train_loss: 0.135671
TORCHFORT::WANDB: model: critic_0, step: 869, train_lr: 0.001
TORCHFORT::WANDB: model: actor, step: 869, train_loss: 0.0913756
TORCHFORT::WANDB: model: actor, step: 869, train_lr: 0.001
TORCHFORT::WANDB: model: alpha, step: 869, train_loss: -2.93555
TORCHFORT::WANDB: model: alpha, step: 869, train_lr: 0.0001
TORCHFORT::WANDB: model: critic_0, step: 870, train_loss: 0.114348
TORCHFORT::WANDB: model: critic_0, step: 870, train_lr: 0.001
TORCHFORT::WANDB: model: actor, step: 870, train_loss: 0.0893925
TORCHFORT::WANDB: model: actor, step: 870, train_lr: 0.001
TORCHFORT::WANDB: model: alpha, step: 870, train_loss: -2.93483
TORCHFORT::WANDB: model: alpha, step: 870, train_lr: 0.0001
TORCHFORT::WANDB: model: critic_0, step: 871, train_loss: 0.134225
TORCHFORT::WANDB: model: critic_0, step: 871, train_lr: 0.001
TORCHFORT::WANDB: model: actor, step: 871, train_loss: 0.0939327
TORCHFORT::WANDB: model: actor, step: 871, train_lr: 0.001
TORCHFORT::WANDB: model: alpha, step: 871, train_loss: -2.93006
TORCHFORT::WANDB: model: alpha, step: 871, train_lr: 0.0001
TORCHFORT::WANDB: model: critic_0, step: 872, train_loss: 0.129362
TORCHFORT::WANDB: model: critic_0, step: 872, train_lr: 0.001
TORCHFORT::WANDB: model: actor, step: 872, train_loss: 0.113117
TORCHFORT::WANDB: model: actor, step: 872, train_lr: 0.001
TORCHFORT::WANDB: model: alpha, step: 872, train_loss: -2.93417
TORCHFORT::WANDB: model: alpha, step: 872, train_lr: 0.0001
TORCHFORT::WANDB: model: critic_0, step: 873, train_loss: 0.136707
TORCHFORT::WANDB: model: critic_0, step: 873, train_lr: 0.001
TORCHFORT::WANDB: model: actor, step: 873, train_loss: 0.0976069
TORCHFORT::WANDB: model: actor, step: 873, train_lr: 0.001
TORCHFORT::WANDB: model: alpha, step: 873, train_loss: -2.93344
TORCHFORT::WANDB: model: alpha, step: 873, train_lr: 0.0001
TORCHFORT::WANDB: model: critic_0, step: 874, train_loss: 0.137365
TORCHFORT::WANDB: model: critic_0, step: 874, train_lr: 0.001
TORCHFORT::WANDB: model: actor, step: 874, train_loss: 0.0777618
TORCHFORT::WANDB: model: actor, step: 874, train_lr: 0.001
TORCHFORT::WANDB: model: alpha, step: 874, train_loss: -2.93103
TORCHFORT::WANDB: model: alpha, step: 874, train_lr: 0.0001
TORCHFORT::WANDB: model: critic_0, step: 875, train_loss: 0.13121
TORCHFORT::WANDB: model: critic_0, step: 875, train_lr: 0.001
TORCHFORT::WANDB: model: actor, step: 875, train_loss: 0.102384
TORCHFORT::WANDB: model: actor, step: 875, train_lr: 0.001
TORCHFORT::WANDB: model: alpha, step: 875, train_loss: -2.9391
TORCHFORT::WANDB: model: alpha, step: 875, train_lr: 0.0001
TORCHFORT::WANDB: model: critic_0, step: 876, train_loss: 0.128834
TORCHFORT::WANDB: model: critic_0, step: 876, train_lr: 0.001
TORCHFORT::WANDB: model: actor, step: 876, train_loss: 0.116879
TORCHFORT::WANDB: model: actor, step: 876, train_lr: 0.001
TORCHFORT::WANDB: model: alpha, step: 876, train_loss: -2.93599
TORCHFORT::WANDB: model: alpha, step: 876, train_lr: 0.0001
TORCHFORT::WANDB: model: critic_0, step: 877, train_loss: 0.120321
TORCHFORT::WANDB: model: critic_0, step: 877, train_lr: 0.001
TORCHFORT::WANDB: model: actor, step: 877, train_loss: 0.0896555
TORCHFORT::WANDB: model: actor, step: 877, train_lr: 0.001
TORCHFORT::WANDB: model: alpha, step: 877, train_loss: -2.93518
TORCHFORT::WANDB: model: alpha, step: 877, train_lr: 0.0001
TORCHFORT::WANDB: model: critic_0, step: 878, train_loss: 0.1326
TORCHFORT::WANDB: model: critic_0, step: 878, train_lr: 0.001
TORCHFORT::WANDB: model: actor, step: 878, train_loss: 0.0866256
TORCHFORT::WANDB: model: actor, step: 878, train_lr: 0.001
TORCHFORT::WANDB: model: alpha, step: 878, train_loss: -2.93467
TORCHFORT::WANDB: model: alpha, step: 878, train_lr: 0.0001
TORCHFORT::WANDB: model: critic_0, step: 879, train_loss: 0.123966
TORCHFORT::WANDB: model: critic_0, step: 879, train_lr: 0.001
TORCHFORT::WANDB: model: actor, step: 879, train_loss: 0.0944763
TORCHFORT::WANDB: model: actor, step: 879, train_lr: 0.001
TORCHFORT::WANDB: model: alpha, step: 879, train_loss: -2.93541
TORCHFORT::WANDB: model: alpha, step: 879, train_lr: 0.0001
TORCHFORT::WANDB: model: critic_0, step: 880, train_loss: 0.123316
TORCHFORT::WANDB: model: critic_0, step: 880, train_lr: 0.001
TORCHFORT::WANDB: model: actor, step: 880, train_loss: 0.0911719
TORCHFORT::WANDB: model: actor, step: 880, train_lr: 0.001
TORCHFORT::WANDB: model: alpha, step: 880, train_loss: -2.93933
TORCHFORT::WANDB: model: alpha, step: 880, train_lr: 0.0001
TORCHFORT::WANDB: model: rlwm, step: 54, reward_sum: 1544.85
TORCHFORT::WANDB: model: rlwm, step: 54, reward_sum: 1544.85
TORCHFORT::WANDB: model: rlwm, step: 54, reward_sum: 1544.85
TORCHFORT::WANDB: model: rlwm, step: 54, reward_sum: 1544.85
TORCHFORT::WANDB: model: critic_0, step: 881, train_loss: 0.128331
TORCHFORT::WANDB: model: critic_0, step: 881, train_lr: 0.001
TORCHFORT::WANDB: model: actor, step: 881, train_loss: 0.0854366
TORCHFORT::WANDB: model: actor, step: 881, train_lr: 0.001
TORCHFORT::WANDB: model: alpha, step: 881, train_loss: -2.93808
TORCHFORT::WANDB: model: alpha, step: 881, train_lr: 0.0001
TORCHFORT::WANDB: model: critic_0, step: 882, train_loss: 0.140505
TORCHFORT::WANDB: model: critic_0, step: 882, train_lr: 0.001
TORCHFORT::WANDB: model: actor, step: 882, train_loss: 0.0927461
TORCHFORT::WANDB: model: actor, step: 882, train_lr: 0.001
TORCHFORT::WANDB: model: alpha, step: 882, train_loss: -2.9374
TORCHFORT::WANDB: model: alpha, step: 882, train_lr: 0.0001
TORCHFORT::WANDB: model: critic_0, step: 883, train_loss: 0.131602
TORCHFORT::WANDB: model: critic_0, step: 883, train_lr: 0.001
TORCHFORT::WANDB: model: actor, step: 883, train_loss: 0.0898129
TORCHFORT::WANDB: model: actor, step: 883, train_lr: 0.001
TORCHFORT::WANDB: model: alpha, step: 883, train_loss: -2.93609
TORCHFORT::WANDB: model: alpha, step: 883, train_lr: 0.0001
TORCHFORT::WANDB: model: critic_0, step: 884, train_loss: 0.130405
TORCHFORT::WANDB: model: critic_0, step: 884, train_lr: 0.001
TORCHFORT::WANDB: model: actor, step: 884, train_loss: 0.0868817
TORCHFORT::WANDB: model: actor, step: 884, train_lr: 0.001
TORCHFORT::WANDB: model: alpha, step: 884, train_loss: -2.93684
TORCHFORT::WANDB: model: alpha, step: 884, train_lr: 0.0001
TORCHFORT::WANDB: model: critic_0, step: 885, train_loss: 0.126691
TORCHFORT::WANDB: model: critic_0, step: 885, train_lr: 0.001
TORCHFORT::WANDB: model: actor, step: 885, train_loss: 0.0753663
TORCHFORT::WANDB: model: actor, step: 885, train_lr: 0.001
TORCHFORT::WANDB: model: alpha, step: 885, train_loss: -2.93807
TORCHFORT::WANDB: model: alpha, step: 885, train_lr: 0.0001
TORCHFORT::WANDB: model: critic_0, step: 886, train_loss: 0.130854
TORCHFORT::WANDB: model: critic_0, step: 886, train_lr: 0.001
TORCHFORT::WANDB: model: actor, step: 886, train_loss: 0.0971181
TORCHFORT::WANDB: model: actor, step: 886, train_lr: 0.001
TORCHFORT::WANDB: model: alpha, step: 886, train_loss: -2.93699
TORCHFORT::WANDB: model: alpha, step: 886, train_lr: 0.0001
TORCHFORT::WANDB: model: critic_0, step: 887, train_loss: 0.130518
TORCHFORT::WANDB: model: critic_0, step: 887, train_lr: 0.001
TORCHFORT::WANDB: model: actor, step: 887, train_loss: 0.0936803
TORCHFORT::WANDB: model: actor, step: 887, train_lr: 0.001
TORCHFORT::WANDB: model: alpha, step: 887, train_loss: -2.93186
TORCHFORT::WANDB: model: alpha, step: 887, train_lr: 0.0001
TORCHFORT::WANDB: model: critic_0, step: 888, train_loss: 0.137861
TORCHFORT::WANDB: model: critic_0, step: 888, train_lr: 0.001
TORCHFORT::WANDB: model: actor, step: 888, train_loss: 0.070648
TORCHFORT::WANDB: model: actor, step: 888, train_lr: 0.001
TORCHFORT::WANDB: model: alpha, step: 888, train_loss: -2.93873
TORCHFORT::WANDB: model: alpha, step: 888, train_lr: 0.0001
TORCHFORT::WANDB: model: critic_0, step: 889, train_loss: 0.127162
TORCHFORT::WANDB: model: critic_0, step: 889, train_lr: 0.001
TORCHFORT::WANDB: model: actor, step: 889, train_loss: 0.0712675
TORCHFORT::WANDB: model: actor, step: 889, train_lr: 0.001
TORCHFORT::WANDB: model: alpha, step: 889, train_loss: -2.93637
TORCHFORT::WANDB: model: alpha, step: 889, train_lr: 0.0001
TORCHFORT::WANDB: model: critic_0, step: 890, train_loss: 0.125427
TORCHFORT::WANDB: model: critic_0, step: 890, train_lr: 0.001
TORCHFORT::WANDB: model: actor, step: 890, train_loss: 0.0909519
TORCHFORT::WANDB: model: actor, step: 890, train_lr: 0.001
TORCHFORT::WANDB: model: alpha, step: 890, train_loss: -2.93349
TORCHFORT::WANDB: model: alpha, step: 890, train_lr: 0.0001
TORCHFORT::WANDB: model: critic_0, step: 891, train_loss: 0.128926
TORCHFORT::WANDB: model: critic_0, step: 891, train_lr: 0.001
TORCHFORT::WANDB: model: actor, step: 891, train_loss: 0.09037
TORCHFORT::WANDB: model: actor, step: 891, train_lr: 0.001
TORCHFORT::WANDB: model: alpha, step: 891, train_loss: -2.94175
TORCHFORT::WANDB: model: alpha, step: 891, train_lr: 0.0001
TORCHFORT::WANDB: model: critic_0, step: 892, train_loss: 0.127874
TORCHFORT::WANDB: model: critic_0, step: 892, train_lr: 0.001
TORCHFORT::WANDB: model: actor, step: 892, train_loss: 0.0678585
TORCHFORT::WANDB: model: actor, step: 892, train_lr: 0.001
TORCHFORT::WANDB: model: alpha, step: 892, train_loss: -2.93365
TORCHFORT::WANDB: model: alpha, step: 892, train_lr: 0.0001
TORCHFORT::WANDB: model: critic_0, step: 893, train_loss: 0.142303
TORCHFORT::WANDB: model: critic_0, step: 893, train_lr: 0.001
TORCHFORT::WANDB: model: actor, step: 893, train_loss: 0.0644905
TORCHFORT::WANDB: model: actor, step: 893, train_lr: 0.001
TORCHFORT::WANDB: model: alpha, step: 893, train_loss: -2.93799
TORCHFORT::WANDB: model: alpha, step: 893, train_lr: 0.0001
TORCHFORT::WANDB: model: critic_0, step: 894, train_loss: 0.123797
TORCHFORT::WANDB: model: critic_0, step: 894, train_lr: 0.001
TORCHFORT::WANDB: model: actor, step: 894, train_loss: 0.0979697
TORCHFORT::WANDB: model: actor, step: 894, train_lr: 0.001
TORCHFORT::WANDB: model: alpha, step: 894, train_loss: -2.94037
TORCHFORT::WANDB: model: alpha, step: 894, train_lr: 0.0001
TORCHFORT::WANDB: model: critic_0, step: 895, train_loss: 0.127452
TORCHFORT::WANDB: model: critic_0, step: 895, train_lr: 0.001
TORCHFORT::WANDB: model: actor, step: 895, train_loss: 0.0993573
TORCHFORT::WANDB: model: actor, step: 895, train_lr: 0.001
TORCHFORT::WANDB: model: alpha, step: 895, train_loss: -2.93745
TORCHFORT::WANDB: model: alpha, step: 895, train_lr: 0.0001
TORCHFORT::WANDB: model: critic_0, step: 896, train_loss: 0.126967
TORCHFORT::WANDB: model: critic_0, step: 896, train_lr: 0.001
TORCHFORT::WANDB: model: actor, step: 896, train_loss: 0.0646165
TORCHFORT::WANDB: model: actor, step: 896, train_lr: 0.001
TORCHFORT::WANDB: model: alpha, step: 896, train_loss: -2.93864
TORCHFORT::WANDB: model: alpha, step: 896, train_lr: 0.0001
TORCHFORT::WANDB: model: critic_0, step: 897, train_loss: 0.130161
TORCHFORT::WANDB: model: critic_0, step: 897, train_lr: 0.001
TORCHFORT::WANDB: model: actor, step: 897, train_loss: 0.0563406
TORCHFORT::WANDB: model: actor, step: 897, train_lr: 0.001
TORCHFORT::WANDB: model: alpha, step: 897, train_loss: -2.93771
TORCHFORT::WANDB: model: alpha, step: 897, train_lr: 0.0001
TORCHFORT::WANDB: model: critic_0, step: 898, train_loss: 0.116396
TORCHFORT::WANDB: model: critic_0, step: 898, train_lr: 0.001
TORCHFORT::WANDB: model: actor, step: 898, train_loss: 0.0756826
TORCHFORT::WANDB: model: actor, step: 898, train_lr: 0.001
TORCHFORT::WANDB: model: alpha, step: 898, train_loss: -2.93856
TORCHFORT::WANDB: model: alpha, step: 898, train_lr: 0.0001
TORCHFORT::WANDB: model: critic_0, step: 899, train_loss: 0.128901
TORCHFORT::WANDB: model: critic_0, step: 899, train_lr: 0.001
TORCHFORT::WANDB: model: actor, step: 899, train_loss: 0.078539
TORCHFORT::WANDB: model: actor, step: 899, train_lr: 0.001
TORCHFORT::WANDB: model: alpha, step: 899, train_loss: -2.93995
TORCHFORT::WANDB: model: alpha, step: 899, train_lr: 0.0001
TORCHFORT::WANDB: model: critic_0, step: 900, train_loss: 0.125235
TORCHFORT::WANDB: model: critic_0, step: 900, train_lr: 0.001
TORCHFORT::WANDB: model: actor, step: 900, train_loss: 0.0677642
TORCHFORT::WANDB: model: actor, step: 900, train_lr: 0.001
TORCHFORT::WANDB: model: alpha, step: 900, train_loss: -2.9419
TORCHFORT::WANDB: model: alpha, step: 900, train_lr: 0.0001
TORCHFORT::WANDB: model: rlwm, step: 55, reward_sum: 2053.24
TORCHFORT::WANDB: model: rlwm, step: 55, reward_sum: 2053.24
TORCHFORT::WANDB: model: rlwm, step: 55, reward_sum: 2053.24
TORCHFORT::WANDB: model: rlwm, step: 55, reward_sum: 2053.24
TORCHFORT::WANDB: model: critic_0, step: 901, train_loss: 0.148156
TORCHFORT::WANDB: model: critic_0, step: 901, train_lr: 0.001
TORCHFORT::WANDB: model: actor, step: 901, train_loss: 0.0647403
TORCHFORT::WANDB: model: actor, step: 901, train_lr: 0.001
TORCHFORT::WANDB: model: alpha, step: 901, train_loss: -2.94077
TORCHFORT::WANDB: model: alpha, step: 901, train_lr: 0.0001
TORCHFORT::WANDB: model: critic_0, step: 902, train_loss: 0.127816
TORCHFORT::WANDB: model: critic_0, step: 902, train_lr: 0.001
TORCHFORT::WANDB: model: actor, step: 902, train_loss: 0.0696198
TORCHFORT::WANDB: model: actor, step: 902, train_lr: 0.001
TORCHFORT::WANDB: model: alpha, step: 902, train_loss: -2.94209
TORCHFORT::WANDB: model: alpha, step: 902, train_lr: 0.0001
TORCHFORT::WANDB: model: critic_0, step: 903, train_loss: 0.128609
TORCHFORT::WANDB: model: critic_0, step: 903, train_lr: 0.001
TORCHFORT::WANDB: model: actor, step: 903, train_loss: 0.0868948
TORCHFORT::WANDB: model: actor, step: 903, train_lr: 0.001
TORCHFORT::WANDB: model: alpha, step: 903, train_loss: -2.93973
TORCHFORT::WANDB: model: alpha, step: 903, train_lr: 0.0001
TORCHFORT::WANDB: model: critic_0, step: 904, train_loss: 0.136512
TORCHFORT::WANDB: model: critic_0, step: 904, train_lr: 0.001
TORCHFORT::WANDB: model: actor, step: 904, train_loss: 0.0686341
TORCHFORT::WANDB: model: actor, step: 904, train_lr: 0.001
TORCHFORT::WANDB: model: alpha, step: 904, train_loss: -2.94253
TORCHFORT::WANDB: model: alpha, step: 904, train_lr: 0.0001
TORCHFORT::WANDB: model: critic_0, step: 905, train_loss: 0.143448
TORCHFORT::WANDB: model: critic_0, step: 905, train_lr: 0.001
TORCHFORT::WANDB: model: actor, step: 905, train_loss: 0.0369168
TORCHFORT::WANDB: model: actor, step: 905, train_lr: 0.001
TORCHFORT::WANDB: model: alpha, step: 905, train_loss: -2.93921
TORCHFORT::WANDB: model: alpha, step: 905, train_lr: 0.0001
TORCHFORT::WANDB: model: critic_0, step: 906, train_loss: 0.141888
TORCHFORT::WANDB: model: critic_0, step: 906, train_lr: 0.001
TORCHFORT::WANDB: model: actor, step: 906, train_loss: 0.05328
TORCHFORT::WANDB: model: actor, step: 906, train_lr: 0.001
TORCHFORT::WANDB: model: alpha, step: 906, train_loss: -2.94251
TORCHFORT::WANDB: model: alpha, step: 906, train_lr: 0.0001
TORCHFORT::WANDB: model: critic_0, step: 907, train_loss: 0.131212
TORCHFORT::WANDB: model: critic_0, step: 907, train_lr: 0.001
TORCHFORT::WANDB: model: actor, step: 907, train_loss: 0.0851872
TORCHFORT::WANDB: model: actor, step: 907, train_lr: 0.001
TORCHFORT::WANDB: model: alpha, step: 907, train_loss: -2.94046
TORCHFORT::WANDB: model: alpha, step: 907, train_lr: 0.0001
TORCHFORT::WANDB: model: critic_0, step: 908, train_loss: 0.133113
TORCHFORT::WANDB: model: critic_0, step: 908, train_lr: 0.001
TORCHFORT::WANDB: model: actor, step: 908, train_loss: 0.0815599
TORCHFORT::WANDB: model: actor, step: 908, train_lr: 0.001
TORCHFORT::WANDB: model: alpha, step: 908, train_loss: -2.94015
TORCHFORT::WANDB: model: alpha, step: 908, train_lr: 0.0001
TORCHFORT::WANDB: model: critic_0, step: 909, train_loss: 0.14026
TORCHFORT::WANDB: model: critic_0, step: 909, train_lr: 0.001
TORCHFORT::WANDB: model: actor, step: 909, train_loss: 0.0340779
TORCHFORT::WANDB: model: actor, step: 909, train_lr: 0.001
TORCHFORT::WANDB: model: alpha, step: 909, train_loss: -2.94269
TORCHFORT::WANDB: model: alpha, step: 909, train_lr: 0.0001
TORCHFORT::WANDB: model: critic_0, step: 910, train_loss: 0.137497
TORCHFORT::WANDB: model: critic_0, step: 910, train_lr: 0.001
TORCHFORT::WANDB: model: actor, step: 910, train_loss: 0.0262429
TORCHFORT::WANDB: model: actor, step: 910, train_lr: 0.001
TORCHFORT::WANDB: model: alpha, step: 910, train_loss: -2.94282
TORCHFORT::WANDB: model: alpha, step: 910, train_lr: 0.0001
TORCHFORT::WANDB: model: critic_0, step: 911, train_loss: 0.14096
TORCHFORT::WANDB: model: critic_0, step: 911, train_lr: 0.001
TORCHFORT::WANDB: model: actor, step: 911, train_loss: 0.0956584
TORCHFORT::WANDB: model: actor, step: 911, train_lr: 0.001
TORCHFORT::WANDB: model: alpha, step: 911, train_loss: -2.94488
TORCHFORT::WANDB: model: alpha, step: 911, train_lr: 0.0001
TORCHFORT::WANDB: model: critic_0, step: 912, train_loss: 0.130646
TORCHFORT::WANDB: model: critic_0, step: 912, train_lr: 0.001
TORCHFORT::WANDB: model: actor, step: 912, train_loss: 0.0923763
TORCHFORT::WANDB: model: actor, step: 912, train_lr: 0.001
TORCHFORT::WANDB: model: alpha, step: 912, train_loss: -2.94366
TORCHFORT::WANDB: model: alpha, step: 912, train_lr: 0.0001
TORCHFORT::WANDB: model: critic_0, step: 913, train_loss: 0.134945
TORCHFORT::WANDB: model: critic_0, step: 913, train_lr: 0.001
TORCHFORT::WANDB: model: actor, step: 913, train_loss: 0.0143486
TORCHFORT::WANDB: model: actor, step: 913, train_lr: 0.001
TORCHFORT::WANDB: model: alpha, step: 913, train_loss: -2.94931
TORCHFORT::WANDB: model: alpha, step: 913, train_lr: 0.0001
TORCHFORT::WANDB: model: critic_0, step: 914, train_loss: 0.14831
TORCHFORT::WANDB: model: critic_0, step: 914, train_lr: 0.001
TORCHFORT::WANDB: model: actor, step: 914, train_loss: 0.0301718
TORCHFORT::WANDB: model: actor, step: 914, train_lr: 0.001
TORCHFORT::WANDB: model: alpha, step: 914, train_loss: -2.94598
TORCHFORT::WANDB: model: alpha, step: 914, train_lr: 0.0001
TORCHFORT::WANDB: model: critic_0, step: 915, train_loss: 0.13601
TORCHFORT::WANDB: model: critic_0, step: 915, train_lr: 0.001
TORCHFORT::WANDB: model: actor, step: 915, train_loss: 0.0900659
TORCHFORT::WANDB: model: actor, step: 915, train_lr: 0.001
TORCHFORT::WANDB: model: alpha, step: 915, train_loss: -2.94928
TORCHFORT::WANDB: model: alpha, step: 915, train_lr: 0.0001
TORCHFORT::WANDB: model: critic_0, step: 916, train_loss: 0.144495
TORCHFORT::WANDB: model: critic_0, step: 916, train_lr: 0.001
TORCHFORT::WANDB: model: actor, step: 916, train_loss: 0.0756024
TORCHFORT::WANDB: model: actor, step: 916, train_lr: 0.001
TORCHFORT::WANDB: model: alpha, step: 916, train_loss: -2.94847
TORCHFORT::WANDB: model: alpha, step: 916, train_lr: 0.0001
TORCHFORT::WANDB: model: critic_0, step: 917, train_loss: 0.134923
TORCHFORT::WANDB: model: critic_0, step: 917, train_lr: 0.001
TORCHFORT::WANDB: model: actor, step: 917, train_loss: 0.0201368
TORCHFORT::WANDB: model: actor, step: 917, train_lr: 0.001
TORCHFORT::WANDB: model: alpha, step: 917, train_loss: -2.95126
TORCHFORT::WANDB: model: alpha, step: 917, train_lr: 0.0001
TORCHFORT::WANDB: model: critic_0, step: 918, train_loss: 0.149411
TORCHFORT::WANDB: model: critic_0, step: 918, train_lr: 0.001
TORCHFORT::WANDB: model: actor, step: 918, train_loss: 0.0251066
TORCHFORT::WANDB: model: actor, step: 918, train_lr: 0.001
TORCHFORT::WANDB: model: alpha, step: 918, train_loss: -2.94379
TORCHFORT::WANDB: model: alpha, step: 918, train_lr: 0.0001
TORCHFORT::WANDB: model: critic_0, step: 919, train_loss: 0.131983
TORCHFORT::WANDB: model: critic_0, step: 919, train_lr: 0.001
TORCHFORT::WANDB: model: actor, step: 919, train_loss: 0.0741819
TORCHFORT::WANDB: model: actor, step: 919, train_lr: 0.001
TORCHFORT::WANDB: model: alpha, step: 919, train_loss: -2.94628
TORCHFORT::WANDB: model: alpha, step: 919, train_lr: 0.0001
TORCHFORT::WANDB: model: critic_0, step: 920, train_loss: 0.142562
TORCHFORT::WANDB: model: critic_0, step: 920, train_lr: 0.001
TORCHFORT::WANDB: model: actor, step: 920, train_loss: 0.0790273
TORCHFORT::WANDB: model: actor, step: 920, train_lr: 0.001
TORCHFORT::WANDB: model: alpha, step: 920, train_loss: -2.94549
TORCHFORT::WANDB: model: alpha, step: 920, train_lr: 0.0001
TORCHFORT::WANDB: model: rlwm, step: 56, reward_sum: 2667.85
TORCHFORT::WANDB: model: rlwm, step: 56, reward_sum: 2667.85
TORCHFORT::WANDB: model: rlwm, step: 56, reward_sum: 2667.85
TORCHFORT::WANDB: model: rlwm, step: 56, reward_sum: 2667.85
TORCHFORT::WANDB: model: critic_0, step: 921, train_loss: 0.144161
TORCHFORT::WANDB: model: critic_0, step: 921, train_lr: 0.001
TORCHFORT::WANDB: model: actor, step: 921, train_loss: 0.0358955
TORCHFORT::WANDB: model: actor, step: 921, train_lr: 0.001
TORCHFORT::WANDB: model: alpha, step: 921, train_loss: -2.94846
TORCHFORT::WANDB: model: alpha, step: 921, train_lr: 0.0001
TORCHFORT::WANDB: model: critic_0, step: 922, train_loss: 0.15056
TORCHFORT::WANDB: model: critic_0, step: 922, train_lr: 0.001
TORCHFORT::WANDB: model: actor, step: 922, train_loss: 0.0264659
TORCHFORT::WANDB: model: actor, step: 922, train_lr: 0.001
TORCHFORT::WANDB: model: alpha, step: 922, train_loss: -2.94734
TORCHFORT::WANDB: model: alpha, step: 922, train_lr: 0.0001
TORCHFORT::WANDB: model: critic_0, step: 923, train_loss: 0.144564
TORCHFORT::WANDB: model: critic_0, step: 923, train_lr: 0.001
TORCHFORT::WANDB: model: actor, step: 923, train_loss: 0.0663532
TORCHFORT::WANDB: model: actor, step: 923, train_lr: 0.001
TORCHFORT::WANDB: model: alpha, step: 923, train_loss: -2.94493
TORCHFORT::WANDB: model: alpha, step: 923, train_lr: 0.0001
TORCHFORT::WANDB: model: critic_0, step: 924, train_loss: 0.142079
TORCHFORT::WANDB: model: critic_0, step: 924, train_lr: 0.001
TORCHFORT::WANDB: model: actor, step: 924, train_loss: 0.0735591
TORCHFORT::WANDB: model: actor, step: 924, train_lr: 0.001
TORCHFORT::WANDB: model: alpha, step: 924, train_loss: -2.94753
TORCHFORT::WANDB: model: alpha, step: 924, train_lr: 0.0001
TORCHFORT::WANDB: model: critic_0, step: 925, train_loss: 0.13064
TORCHFORT::WANDB: model: critic_0, step: 925, train_lr: 0.001
TORCHFORT::WANDB: model: actor, step: 925, train_loss: 0.0399101
TORCHFORT::WANDB: model: actor, step: 925, train_lr: 0.001
TORCHFORT::WANDB: model: alpha, step: 925, train_loss: -2.95118
TORCHFORT::WANDB: model: alpha, step: 925, train_lr: 0.0001
TORCHFORT::WANDB: model: critic_0, step: 926, train_loss: 0.133474
TORCHFORT::WANDB: model: critic_0, step: 926, train_lr: 0.001
TORCHFORT::WANDB: model: actor, step: 926, train_loss: 0.0312233
TORCHFORT::WANDB: model: actor, step: 926, train_lr: 0.001
TORCHFORT::WANDB: model: alpha, step: 926, train_loss: -2.95185
TORCHFORT::WANDB: model: alpha, step: 926, train_lr: 0.0001
TORCHFORT::WANDB: model: critic_0, step: 927, train_loss: 0.14027
TORCHFORT::WANDB: model: critic_0, step: 927, train_lr: 0.001
TORCHFORT::WANDB: model: actor, step: 927, train_loss: 0.0515317
TORCHFORT::WANDB: model: actor, step: 927, train_lr: 0.001
TORCHFORT::WANDB: model: alpha, step: 927, train_loss: -2.94417
TORCHFORT::WANDB: model: alpha, step: 927, train_lr: 0.0001
TORCHFORT::WANDB: model: critic_0, step: 928, train_loss: 0.140503
TORCHFORT::WANDB: model: critic_0, step: 928, train_lr: 0.001
TORCHFORT::WANDB: model: actor, step: 928, train_loss: 0.0705553
TORCHFORT::WANDB: model: actor, step: 928, train_lr: 0.001
TORCHFORT::WANDB: model: alpha, step: 928, train_loss: -2.94781
TORCHFORT::WANDB: model: alpha, step: 928, train_lr: 0.0001
TORCHFORT::WANDB: model: critic_0, step: 929, train_loss: 0.134191
TORCHFORT::WANDB: model: critic_0, step: 929, train_lr: 0.001
TORCHFORT::WANDB: model: actor, step: 929, train_loss: 0.0474934
TORCHFORT::WANDB: model: actor, step: 929, train_lr: 0.001
TORCHFORT::WANDB: model: alpha, step: 929, train_loss: -2.94457
TORCHFORT::WANDB: model: alpha, step: 929, train_lr: 0.0001
TORCHFORT::WANDB: model: critic_0, step: 930, train_loss: 0.141994
TORCHFORT::WANDB: model: critic_0, step: 930, train_lr: 0.001
TORCHFORT::WANDB: model: actor, step: 930, train_loss: 0.0351574
TORCHFORT::WANDB: model: actor, step: 930, train_lr: 0.001
TORCHFORT::WANDB: model: alpha, step: 930, train_loss: -2.94267
TORCHFORT::WANDB: model: alpha, step: 930, train_lr: 0.0001
TORCHFORT::WANDB: model: critic_0, step: 931, train_loss: 0.136506
TORCHFORT::WANDB: model: critic_0, step: 931, train_lr: 0.001
TORCHFORT::WANDB: model: actor, step: 931, train_loss: 0.0451656
TORCHFORT::WANDB: model: actor, step: 931, train_lr: 0.001
TORCHFORT::WANDB: model: alpha, step: 931, train_loss: -2.94781
TORCHFORT::WANDB: model: alpha, step: 931, train_lr: 0.0001
TORCHFORT::WANDB: model: critic_0, step: 932, train_loss: 0.1407
TORCHFORT::WANDB: model: critic_0, step: 932, train_lr: 0.001
TORCHFORT::WANDB: model: actor, step: 932, train_loss: 0.0620222
TORCHFORT::WANDB: model: actor, step: 932, train_lr: 0.001
TORCHFORT::WANDB: model: alpha, step: 932, train_loss: -2.94635
TORCHFORT::WANDB: model: alpha, step: 932, train_lr: 0.0001
TORCHFORT::WANDB: model: critic_0, step: 933, train_loss: 0.136046
TORCHFORT::WANDB: model: critic_0, step: 933, train_lr: 0.001
TORCHFORT::WANDB: model: actor, step: 933, train_loss: 0.0618566
TORCHFORT::WANDB: model: actor, step: 933, train_lr: 0.001
TORCHFORT::WANDB: model: alpha, step: 933, train_loss: -2.94331
TORCHFORT::WANDB: model: alpha, step: 933, train_lr: 0.0001
TORCHFORT::WANDB: model: critic_0, step: 934, train_loss: 0.144391
TORCHFORT::WANDB: model: critic_0, step: 934, train_lr: 0.001
TORCHFORT::WANDB: model: actor, step: 934, train_loss: 0.0359526
TORCHFORT::WANDB: model: actor, step: 934, train_lr: 0.001
TORCHFORT::WANDB: model: alpha, step: 934, train_loss: -2.94595
TORCHFORT::WANDB: model: alpha, step: 934, train_lr: 0.0001
TORCHFORT::WANDB: model: critic_0, step: 935, train_loss: 0.145666
TORCHFORT::WANDB: model: critic_0, step: 935, train_lr: 0.001
TORCHFORT::WANDB: model: actor, step: 935, train_loss: 0.0300503
TORCHFORT::WANDB: model: actor, step: 935, train_lr: 0.001
TORCHFORT::WANDB: model: alpha, step: 935, train_loss: -2.94713
TORCHFORT::WANDB: model: alpha, step: 935, train_lr: 0.0001
TORCHFORT::WANDB: model: critic_0, step: 936, train_loss: 0.146711
TORCHFORT::WANDB: model: critic_0, step: 936, train_lr: 0.001
TORCHFORT::WANDB: model: actor, step: 936, train_loss: 0.0417683
TORCHFORT::WANDB: model: actor, step: 936, train_lr: 0.001
TORCHFORT::WANDB: model: alpha, step: 936, train_loss: -2.94952
TORCHFORT::WANDB: model: alpha, step: 936, train_lr: 0.0001
TORCHFORT::WANDB: model: critic_0, step: 937, train_loss: 0.137549
TORCHFORT::WANDB: model: critic_0, step: 937, train_lr: 0.001
TORCHFORT::WANDB: model: actor, step: 937, train_loss: 0.0643357
TORCHFORT::WANDB: model: actor, step: 937, train_lr: 0.001
TORCHFORT::WANDB: model: alpha, step: 937, train_loss: -2.94612
TORCHFORT::WANDB: model: alpha, step: 937, train_lr: 0.0001
TORCHFORT::WANDB: model: critic_0, step: 938, train_loss: 0.137706
TORCHFORT::WANDB: model: critic_0, step: 938, train_lr: 0.001
TORCHFORT::WANDB: model: actor, step: 938, train_loss: 0.0508264
TORCHFORT::WANDB: model: actor, step: 938, train_lr: 0.001
TORCHFORT::WANDB: model: alpha, step: 938, train_loss: -2.94743
TORCHFORT::WANDB: model: alpha, step: 938, train_lr: 0.0001
TORCHFORT::WANDB: model: critic_0, step: 939, train_loss: 0.144398
TORCHFORT::WANDB: model: critic_0, step: 939, train_lr: 0.001
TORCHFORT::WANDB: model: actor, step: 939, train_loss: 0.0225051
TORCHFORT::WANDB: model: actor, step: 939, train_lr: 0.001
TORCHFORT::WANDB: model: alpha, step: 939, train_loss: -2.9485
TORCHFORT::WANDB: model: alpha, step: 939, train_lr: 0.0001
TORCHFORT::WANDB: model: critic_0, step: 940, train_loss: 0.141044
TORCHFORT::WANDB: model: critic_0, step: 940, train_lr: 0.001
TORCHFORT::WANDB: model: actor, step: 940, train_loss: 0.0193063
TORCHFORT::WANDB: model: actor, step: 940, train_lr: 0.001
TORCHFORT::WANDB: model: alpha, step: 940, train_loss: -2.94931
TORCHFORT::WANDB: model: alpha, step: 940, train_lr: 0.0001
TORCHFORT::WANDB: model: rlwm, step: 57, reward_sum: 2167.66
TORCHFORT::WANDB: model: rlwm, step: 57, reward_sum: 2167.66
TORCHFORT::WANDB: model: rlwm, step: 57, reward_sum: 2167.66
TORCHFORT::WANDB: model: rlwm, step: 57, reward_sum: 2167.66
TORCHFORT::WANDB: model: critic_0, step: 941, train_loss: 0.144327
TORCHFORT::WANDB: model: critic_0, step: 941, train_lr: 0.001
TORCHFORT::WANDB: model: actor, step: 941, train_loss: 0.0573099
TORCHFORT::WANDB: model: actor, step: 941, train_lr: 0.001
TORCHFORT::WANDB: model: alpha, step: 941, train_loss: -2.95231
TORCHFORT::WANDB: model: alpha, step: 941, train_lr: 0.0001
TORCHFORT::WANDB: model: critic_0, step: 942, train_loss: 0.14557
TORCHFORT::WANDB: model: critic_0, step: 942, train_lr: 0.001
TORCHFORT::WANDB: model: actor, step: 942, train_loss: 0.0570864
TORCHFORT::WANDB: model: actor, step: 942, train_lr: 0.001
TORCHFORT::WANDB: model: alpha, step: 942, train_loss: -2.944
TORCHFORT::WANDB: model: alpha, step: 942, train_lr: 0.0001
TORCHFORT::WANDB: model: critic_0, step: 943, train_loss: 0.138024
TORCHFORT::WANDB: model: critic_0, step: 943, train_lr: 0.001
TORCHFORT::WANDB: model: actor, step: 943, train_loss: 0.0361036
TORCHFORT::WANDB: model: actor, step: 943, train_lr: 0.001
TORCHFORT::WANDB: model: alpha, step: 943, train_loss: -2.94749
TORCHFORT::WANDB: model: alpha, step: 943, train_lr: 0.0001
TORCHFORT::WANDB: model: critic_0, step: 944, train_loss: 0.158658
TORCHFORT::WANDB: model: critic_0, step: 944, train_lr: 0.001
TORCHFORT::WANDB: model: actor, step: 944, train_loss: 0.0336467
TORCHFORT::WANDB: model: actor, step: 944, train_lr: 0.001
TORCHFORT::WANDB: model: alpha, step: 944, train_loss: -2.94787
TORCHFORT::WANDB: model: alpha, step: 944, train_lr: 0.0001
TORCHFORT::WANDB: model: critic_0, step: 945, train_loss: 0.130915
TORCHFORT::WANDB: model: critic_0, step: 945, train_lr: 0.001
TORCHFORT::WANDB: model: actor, step: 945, train_loss: 0.0383537
TORCHFORT::WANDB: model: actor, step: 945, train_lr: 0.001
TORCHFORT::WANDB: model: alpha, step: 945, train_loss: -2.94962
TORCHFORT::WANDB: model: alpha, step: 945, train_lr: 0.0001
TORCHFORT::WANDB: model: critic_0, step: 946, train_loss: 0.13677
TORCHFORT::WANDB: model: critic_0, step: 946, train_lr: 0.001
TORCHFORT::WANDB: model: actor, step: 946, train_loss: 0.0584287
TORCHFORT::WANDB: model: actor, step: 946, train_lr: 0.001
TORCHFORT::WANDB: model: alpha, step: 946, train_loss: -2.95299
TORCHFORT::WANDB: model: alpha, step: 946, train_lr: 0.0001
TORCHFORT::WANDB: model: critic_0, step: 947, train_loss: 0.147928
TORCHFORT::WANDB: model: critic_0, step: 947, train_lr: 0.001
TORCHFORT::WANDB: model: actor, step: 947, train_loss: 0.0422513
TORCHFORT::WANDB: model: actor, step: 947, train_lr: 0.001
TORCHFORT::WANDB: model: alpha, step: 947, train_loss: -2.94994
TORCHFORT::WANDB: model: alpha, step: 947, train_lr: 0.0001
TORCHFORT::WANDB: model: critic_0, step: 948, train_loss: 0.149348
TORCHFORT::WANDB: model: critic_0, step: 948, train_lr: 0.001
TORCHFORT::WANDB: model: actor, step: 948, train_loss: 0.0277642
TORCHFORT::WANDB: model: actor, step: 948, train_lr: 0.001
TORCHFORT::WANDB: model: alpha, step: 948, train_loss: -2.95198
TORCHFORT::WANDB: model: alpha, step: 948, train_lr: 0.0001
TORCHFORT::WANDB: model: critic_0, step: 949, train_loss: 0.143061
TORCHFORT::WANDB: model: critic_0, step: 949, train_lr: 0.001
TORCHFORT::WANDB: model: actor, step: 949, train_loss: 0.0267184
TORCHFORT::WANDB: model: actor, step: 949, train_lr: 0.001
TORCHFORT::WANDB: model: alpha, step: 949, train_loss: -2.95121
TORCHFORT::WANDB: model: alpha, step: 949, train_lr: 0.0001
TORCHFORT::WANDB: model: critic_0, step: 950, train_loss: 0.140621
TORCHFORT::WANDB: model: critic_0, step: 950, train_lr: 0.001
TORCHFORT::WANDB: model: actor, step: 950, train_loss: 0.034155
TORCHFORT::WANDB: model: actor, step: 950, train_lr: 0.001
TORCHFORT::WANDB: model: alpha, step: 950, train_loss: -2.94873
TORCHFORT::WANDB: model: alpha, step: 950, train_lr: 0.0001
TORCHFORT::WANDB: model: critic_0, step: 951, train_loss: 0.141539
TORCHFORT::WANDB: model: critic_0, step: 951, train_lr: 0.001
TORCHFORT::WANDB: model: actor, step: 951, train_loss: 0.0372672
TORCHFORT::WANDB: model: actor, step: 951, train_lr: 0.001
TORCHFORT::WANDB: model: alpha, step: 951, train_loss: -2.94726
TORCHFORT::WANDB: model: alpha, step: 951, train_lr: 0.0001
TORCHFORT::WANDB: model: critic_0, step: 952, train_loss: 0.141575
TORCHFORT::WANDB: model: critic_0, step: 952, train_lr: 0.001
TORCHFORT::WANDB: model: actor, step: 952, train_loss: 0.032191
TORCHFORT::WANDB: model: actor, step: 952, train_lr: 0.001
TORCHFORT::WANDB: model: alpha, step: 952, train_loss: -2.94672
TORCHFORT::WANDB: model: alpha, step: 952, train_lr: 0.0001
TORCHFORT::WANDB: model: critic_0, step: 953, train_loss: 0.140993
TORCHFORT::WANDB: model: critic_0, step: 953, train_lr: 0.001
TORCHFORT::WANDB: model: actor, step: 953, train_loss: 0.010351
TORCHFORT::WANDB: model: actor, step: 953, train_lr: 0.001
TORCHFORT::WANDB: model: alpha, step: 953, train_loss: -2.94529
TORCHFORT::WANDB: model: alpha, step: 953, train_lr: 0.0001
TORCHFORT::WANDB: model: critic_0, step: 954, train_loss: 0.144038
TORCHFORT::WANDB: model: critic_0, step: 954, train_lr: 0.001
TORCHFORT::WANDB: model: actor, step: 954, train_loss: 0.0296568
TORCHFORT::WANDB: model: actor, step: 954, train_lr: 0.001
TORCHFORT::WANDB: model: alpha, step: 954, train_loss: -2.95095
TORCHFORT::WANDB: model: alpha, step: 954, train_lr: 0.0001
TORCHFORT::WANDB: model: critic_0, step: 955, train_loss: 0.136782
TORCHFORT::WANDB: model: critic_0, step: 955, train_lr: 0.001
TORCHFORT::WANDB: model: actor, step: 955, train_loss: 0.0552272
TORCHFORT::WANDB: model: actor, step: 955, train_lr: 0.001
TORCHFORT::WANDB: model: alpha, step: 955, train_loss: -2.94724
TORCHFORT::WANDB: model: alpha, step: 955, train_lr: 0.0001
TORCHFORT::WANDB: model: critic_0, step: 956, train_loss: 0.150215
TORCHFORT::WANDB: model: critic_0, step: 956, train_lr: 0.001
TORCHFORT::WANDB: model: actor, step: 956, train_loss: 0.0339394
TORCHFORT::WANDB: model: actor, step: 956, train_lr: 0.001
TORCHFORT::WANDB: model: alpha, step: 956, train_loss: -2.9531
TORCHFORT::WANDB: model: alpha, step: 956, train_lr: 0.0001
TORCHFORT::WANDB: model: critic_0, step: 957, train_loss: 0.145312
TORCHFORT::WANDB: model: critic_0, step: 957, train_lr: 0.001
TORCHFORT::WANDB: model: actor, step: 957, train_loss: 0.00582159
TORCHFORT::WANDB: model: actor, step: 957, train_lr: 0.001
TORCHFORT::WANDB: model: alpha, step: 957, train_loss: -2.94652
TORCHFORT::WANDB: model: alpha, step: 957, train_lr: 0.0001
TORCHFORT::WANDB: model: critic_0, step: 958, train_loss: 0.138272
TORCHFORT::WANDB: model: critic_0, step: 958, train_lr: 0.001
TORCHFORT::WANDB: model: actor, step: 958, train_loss: 0.0211202
TORCHFORT::WANDB: model: actor, step: 958, train_lr: 0.001
TORCHFORT::WANDB: model: alpha, step: 958, train_loss: -2.95114
TORCHFORT::WANDB: model: alpha, step: 958, train_lr: 0.0001
TORCHFORT::WANDB: model: critic_0, step: 959, train_loss: 0.144646
TORCHFORT::WANDB: model: critic_0, step: 959, train_lr: 0.001
TORCHFORT::WANDB: model: actor, step: 959, train_loss: 0.0604783
TORCHFORT::WANDB: model: actor, step: 959, train_lr: 0.001
TORCHFORT::WANDB: model: alpha, step: 959, train_loss: -2.95008
TORCHFORT::WANDB: model: alpha, step: 959, train_lr: 0.0001
TORCHFORT::WANDB: model: critic_0, step: 960, train_loss: 0.141499
TORCHFORT::WANDB: model: critic_0, step: 960, train_lr: 0.001
TORCHFORT::WANDB: model: actor, step: 960, train_loss: 0.0374471
TORCHFORT::WANDB: model: actor, step: 960, train_lr: 0.001
TORCHFORT::WANDB: model: alpha, step: 960, train_loss: -2.94733
TORCHFORT::WANDB: model: alpha, step: 960, train_lr: 0.0001
TORCHFORT::WANDB: model: rlwm, step: 58, reward_sum: 3878.3
TORCHFORT::WANDB: model: rlwm, step: 58, reward_sum: 3878.3
TORCHFORT::WANDB: model: rlwm, step: 58, reward_sum: 3878.3
TORCHFORT::WANDB: model: rlwm, step: 58, reward_sum: 3878.3
TORCHFORT::WANDB: model: critic_0, step: 961, train_loss: 0.147267
TORCHFORT::WANDB: model: critic_0, step: 961, train_lr: 0.001
TORCHFORT::WANDB: model: actor, step: 961, train_loss: -0.00801719
TORCHFORT::WANDB: model: actor, step: 961, train_lr: 0.001
TORCHFORT::WANDB: model: alpha, step: 961, train_loss: -2.95294
TORCHFORT::WANDB: model: alpha, step: 961, train_lr: 0.0001
TORCHFORT::WANDB: model: critic_0, step: 962, train_loss: 0.154126
TORCHFORT::WANDB: model: critic_0, step: 962, train_lr: 0.001
TORCHFORT::WANDB: model: actor, step: 962, train_loss: 0.0126932
TORCHFORT::WANDB: model: actor, step: 962, train_lr: 0.001
TORCHFORT::WANDB: model: alpha, step: 962, train_loss: -2.95407
TORCHFORT::WANDB: model: alpha, step: 962, train_lr: 0.0001
TORCHFORT::WANDB: model: critic_0, step: 963, train_loss: 0.146938
TORCHFORT::WANDB: model: critic_0, step: 963, train_lr: 0.001
TORCHFORT::WANDB: model: actor, step: 963, train_loss: 0.0479574
TORCHFORT::WANDB: model: actor, step: 963, train_lr: 0.001
TORCHFORT::WANDB: model: alpha, step: 963, train_loss: -2.95563
TORCHFORT::WANDB: model: alpha, step: 963, train_lr: 0.0001
TORCHFORT::WANDB: model: critic_0, step: 964, train_loss: 0.155493
TORCHFORT::WANDB: model: critic_0, step: 964, train_lr: 0.001
TORCHFORT::WANDB: model: actor, step: 964, train_loss: 0.0244412
TORCHFORT::WANDB: model: actor, step: 964, train_lr: 0.001
TORCHFORT::WANDB: model: alpha, step: 964, train_loss: -2.94999
TORCHFORT::WANDB: model: alpha, step: 964, train_lr: 0.0001
TORCHFORT::WANDB: model: critic_0, step: 965, train_loss: 0.155363
TORCHFORT::WANDB: model: critic_0, step: 965, train_lr: 0.001
TORCHFORT::WANDB: model: actor, step: 965, train_loss: -0.00123805
TORCHFORT::WANDB: model: actor, step: 965, train_lr: 0.001
TORCHFORT::WANDB: model: alpha, step: 965, train_loss: -2.95306
TORCHFORT::WANDB: model: alpha, step: 965, train_lr: 0.0001
TORCHFORT::WANDB: model: critic_0, step: 966, train_loss: 0.150655
TORCHFORT::WANDB: model: critic_0, step: 966, train_lr: 0.001
TORCHFORT::WANDB: model: actor, step: 966, train_loss: 0.00108426
TORCHFORT::WANDB: model: actor, step: 966, train_lr: 0.001
TORCHFORT::WANDB: model: alpha, step: 966, train_loss: -2.95445
TORCHFORT::WANDB: model: alpha, step: 966, train_lr: 0.0001
TORCHFORT::WANDB: model: critic_0, step: 967, train_loss: 0.155189
TORCHFORT::WANDB: model: critic_0, step: 967, train_lr: 0.001
TORCHFORT::WANDB: model: actor, step: 967, train_loss: 0.0306984
TORCHFORT::WANDB: model: actor, step: 967, train_lr: 0.001
TORCHFORT::WANDB: model: alpha, step: 967, train_loss: -2.95553
TORCHFORT::WANDB: model: alpha, step: 967, train_lr: 0.0001
TORCHFORT::WANDB: model: critic_0, step: 968, train_loss: 0.143912
TORCHFORT::WANDB: model: critic_0, step: 968, train_lr: 0.001
TORCHFORT::WANDB: model: actor, step: 968, train_loss: 0.0428709
TORCHFORT::WANDB: model: actor, step: 968, train_lr: 0.001
TORCHFORT::WANDB: model: alpha, step: 968, train_loss: -2.95423
TORCHFORT::WANDB: model: alpha, step: 968, train_lr: 0.0001
TORCHFORT::WANDB: model: critic_0, step: 969, train_loss: 0.153977
TORCHFORT::WANDB: model: critic_0, step: 969, train_lr: 0.001
TORCHFORT::WANDB: model: actor, step: 969, train_loss: 0.0201135
TORCHFORT::WANDB: model: actor, step: 969, train_lr: 0.001
TORCHFORT::WANDB: model: alpha, step: 969, train_loss: -2.95509
TORCHFORT::WANDB: model: alpha, step: 969, train_lr: 0.0001
TORCHFORT::WANDB: model: critic_0, step: 970, train_loss: 0.152995
TORCHFORT::WANDB: model: critic_0, step: 970, train_lr: 0.001
TORCHFORT::WANDB: model: actor, step: 970, train_loss: -0.00202441
TORCHFORT::WANDB: model: actor, step: 970, train_lr: 0.001
TORCHFORT::WANDB: model: alpha, step: 970, train_loss: -2.95409
TORCHFORT::WANDB: model: alpha, step: 970, train_lr: 0.0001
TORCHFORT::WANDB: model: critic_0, step: 971, train_loss: 0.163087
TORCHFORT::WANDB: model: critic_0, step: 971, train_lr: 0.001
TORCHFORT::WANDB: model: actor, step: 971, train_loss: 0.0201123
TORCHFORT::WANDB: model: actor, step: 971, train_lr: 0.001
TORCHFORT::WANDB: model: alpha, step: 971, train_loss: -2.95304
TORCHFORT::WANDB: model: alpha, step: 971, train_lr: 0.0001
TORCHFORT::WANDB: model: critic_0, step: 972, train_loss: 0.151965
TORCHFORT::WANDB: model: critic_0, step: 972, train_lr: 0.001
TORCHFORT::WANDB: model: actor, step: 972, train_loss: 0.0197079
TORCHFORT::WANDB: model: actor, step: 972, train_lr: 0.001
TORCHFORT::WANDB: model: alpha, step: 972, train_loss: -2.95404
TORCHFORT::WANDB: model: alpha, step: 972, train_lr: 0.0001
TORCHFORT::WANDB: model: critic_0, step: 973, train_loss: 0.146075
TORCHFORT::WANDB: model: critic_0, step: 973, train_lr: 0.001
TORCHFORT::WANDB: model: actor, step: 973, train_loss: 0.0128562
TORCHFORT::WANDB: model: actor, step: 973, train_lr: 0.001
TORCHFORT::WANDB: model: alpha, step: 973, train_loss: -2.95801
TORCHFORT::WANDB: model: alpha, step: 973, train_lr: 0.0001
TORCHFORT::WANDB: model: critic_0, step: 974, train_loss: 0.150789
TORCHFORT::WANDB: model: critic_0, step: 974, train_lr: 0.001
TORCHFORT::WANDB: model: actor, step: 974, train_loss: 0.0066949
TORCHFORT::WANDB: model: actor, step: 974, train_lr: 0.001
TORCHFORT::WANDB: model: alpha, step: 974, train_loss: -2.9581
TORCHFORT::WANDB: model: alpha, step: 974, train_lr: 0.0001
TORCHFORT::WANDB: model: critic_0, step: 975, train_loss: 0.146945
TORCHFORT::WANDB: model: critic_0, step: 975, train_lr: 0.001
TORCHFORT::WANDB: model: actor, step: 975, train_loss: 0.00785793
TORCHFORT::WANDB: model: actor, step: 975, train_lr: 0.001
TORCHFORT::WANDB: model: alpha, step: 975, train_loss: -2.95118
TORCHFORT::WANDB: model: alpha, step: 975, train_lr: 0.0001
TORCHFORT::WANDB: model: critic_0, step: 976, train_loss: 0.149113
TORCHFORT::WANDB: model: critic_0, step: 976, train_lr: 0.001
TORCHFORT::WANDB: model: actor, step: 976, train_loss: 0.00642435
TORCHFORT::WANDB: model: actor, step: 976, train_lr: 0.001
TORCHFORT::WANDB: model: alpha, step: 976, train_loss: -2.95456
TORCHFORT::WANDB: model: alpha, step: 976, train_lr: 0.0001
TORCHFORT::WANDB: model: critic_0, step: 977, train_loss: 0.141304
TORCHFORT::WANDB: model: critic_0, step: 977, train_lr: 0.001
TORCHFORT::WANDB: model: actor, step: 977, train_loss: 0.00250554
TORCHFORT::WANDB: model: actor, step: 977, train_lr: 0.001
TORCHFORT::WANDB: model: alpha, step: 977, train_loss: -2.95749
TORCHFORT::WANDB: model: alpha, step: 977, train_lr: 0.0001
TORCHFORT::WANDB: model: critic_0, step: 978, train_loss: 0.161473
TORCHFORT::WANDB: model: critic_0, step: 978, train_lr: 0.001
TORCHFORT::WANDB: model: actor, step: 978, train_loss: 0.0145393
TORCHFORT::WANDB: model: actor, step: 978, train_lr: 0.001
TORCHFORT::WANDB: model: alpha, step: 978, train_loss: -2.95621
TORCHFORT::WANDB: model: alpha, step: 978, train_lr: 0.0001
TORCHFORT::WANDB: model: critic_0, step: 979, train_loss: 0.156916
TORCHFORT::WANDB: model: critic_0, step: 979, train_lr: 0.001
TORCHFORT::WANDB: model: actor, step: 979, train_loss: 0.0323952
TORCHFORT::WANDB: model: actor, step: 979, train_lr: 0.001
TORCHFORT::WANDB: model: alpha, step: 979, train_loss: -2.95618
TORCHFORT::WANDB: model: alpha, step: 979, train_lr: 0.0001
TORCHFORT::WANDB: model: critic_0, step: 980, train_loss: 0.144466
TORCHFORT::WANDB: model: critic_0, step: 980, train_lr: 0.001
TORCHFORT::WANDB: model: actor, step: 980, train_loss: 0.0293527
TORCHFORT::WANDB: model: actor, step: 980, train_lr: 0.001
TORCHFORT::WANDB: model: alpha, step: 980, train_loss: -2.95476
TORCHFORT::WANDB: model: alpha, step: 980, train_lr: 0.0001
TORCHFORT::WANDB: model: rlwm, step: 59, reward_sum: 3641.63
TORCHFORT::WANDB: model: rlwm, step: 59, reward_sum: 3641.63
TORCHFORT::WANDB: model: rlwm, step: 59, reward_sum: 3641.63
TORCHFORT::WANDB: model: rlwm, step: 59, reward_sum: 3641.63
TORCHFORT::WANDB: model: critic_0, step: 981, train_loss: 0.163683
TORCHFORT::WANDB: model: critic_0, step: 981, train_lr: 0.001
TORCHFORT::WANDB: model: actor, step: 981, train_loss: -0.021006
TORCHFORT::WANDB: model: actor, step: 981, train_lr: 0.001
TORCHFORT::WANDB: model: alpha, step: 981, train_loss: -2.95312
TORCHFORT::WANDB: model: alpha, step: 981, train_lr: 0.0001
TORCHFORT::WANDB: model: critic_0, step: 982, train_loss: 0.161912
TORCHFORT::WANDB: model: critic_0, step: 982, train_lr: 0.001
TORCHFORT::WANDB: model: actor, step: 982, train_loss: 0.000112379
TORCHFORT::WANDB: model: actor, step: 982, train_lr: 0.001
TORCHFORT::WANDB: model: alpha, step: 982, train_loss: -2.95665
TORCHFORT::WANDB: model: alpha, step: 982, train_lr: 0.0001
TORCHFORT::WANDB: model: critic_0, step: 983, train_loss: 0.156761
TORCHFORT::WANDB: model: critic_0, step: 983, train_lr: 0.001
TORCHFORT::WANDB: model: actor, step: 983, train_loss: 0.0246543
TORCHFORT::WANDB: model: actor, step: 983, train_lr: 0.001
TORCHFORT::WANDB: model: alpha, step: 983, train_loss: -2.9547
TORCHFORT::WANDB: model: alpha, step: 983, train_lr: 0.0001
TORCHFORT::WANDB: model: critic_0, step: 984, train_loss: 0.148226
TORCHFORT::WANDB: model: critic_0, step: 984, train_lr: 0.001
TORCHFORT::WANDB: model: actor, step: 984, train_loss: 0.00754908
TORCHFORT::WANDB: model: actor, step: 984, train_lr: 0.001
TORCHFORT::WANDB: model: alpha, step: 984, train_loss: -2.9552
TORCHFORT::WANDB: model: alpha, step: 984, train_lr: 0.0001
TORCHFORT::WANDB: model: critic_0, step: 985, train_loss: 0.152651
TORCHFORT::WANDB: model: critic_0, step: 985, train_lr: 0.001
TORCHFORT::WANDB: model: actor, step: 985, train_loss: -0.0166088
TORCHFORT::WANDB: model: actor, step: 985, train_lr: 0.001
TORCHFORT::WANDB: model: alpha, step: 985, train_loss: -2.95775
TORCHFORT::WANDB: model: alpha, step: 985, train_lr: 0.0001
TORCHFORT::WANDB: model: critic_0, step: 986, train_loss: 0.156765
TORCHFORT::WANDB: model: critic_0, step: 986, train_lr: 0.001
TORCHFORT::WANDB: model: actor, step: 986, train_loss: -0.00923509
TORCHFORT::WANDB: model: actor, step: 986, train_lr: 0.001
TORCHFORT::WANDB: model: alpha, step: 986, train_loss: -2.95312
TORCHFORT::WANDB: model: alpha, step: 986, train_lr: 0.0001
TORCHFORT::WANDB: model: critic_0, step: 987, train_loss: 0.157983
TORCHFORT::WANDB: model: critic_0, step: 987, train_lr: 0.001
TORCHFORT::WANDB: model: actor, step: 987, train_loss: 0.0194074
TORCHFORT::WANDB: model: actor, step: 987, train_lr: 0.001
TORCHFORT::WANDB: model: alpha, step: 987, train_loss: -2.95491
TORCHFORT::WANDB: model: alpha, step: 987, train_lr: 0.0001
TORCHFORT::WANDB: model: critic_0, step: 988, train_loss: 0.173684
TORCHFORT::WANDB: model: critic_0, step: 988, train_lr: 0.001
TORCHFORT::WANDB: model: actor, step: 988, train_loss: 0.0101847
TORCHFORT::WANDB: model: actor, step: 988, train_lr: 0.001
TORCHFORT::WANDB: model: alpha, step: 988, train_loss: -2.96169
TORCHFORT::WANDB: model: alpha, step: 988, train_lr: 0.0001
TORCHFORT::WANDB: model: critic_0, step: 989, train_loss: 0.151027
TORCHFORT::WANDB: model: critic_0, step: 989, train_lr: 0.001
TORCHFORT::WANDB: model: actor, step: 989, train_loss: -0.0127858
TORCHFORT::WANDB: model: actor, step: 989, train_lr: 0.001
TORCHFORT::WANDB: model: alpha, step: 989, train_loss: -2.95975
TORCHFORT::WANDB: model: alpha, step: 989, train_lr: 0.0001
TORCHFORT::WANDB: model: critic_0, step: 990, train_loss: 0.163823
TORCHFORT::WANDB: model: critic_0, step: 990, train_lr: 0.001
TORCHFORT::WANDB: model: actor, step: 990, train_loss: -0.00845455
TORCHFORT::WANDB: model: actor, step: 990, train_lr: 0.001
TORCHFORT::WANDB: model: alpha, step: 990, train_loss: -2.95461
TORCHFORT::WANDB: model: alpha, step: 990, train_lr: 0.0001
TORCHFORT::WANDB: model: critic_0, step: 991, train_loss: 0.162193
TORCHFORT::WANDB: model: critic_0, step: 991, train_lr: 0.001
TORCHFORT::WANDB: model: actor, step: 991, train_loss: 0.00526716
TORCHFORT::WANDB: model: actor, step: 991, train_lr: 0.001
TORCHFORT::WANDB: model: alpha, step: 991, train_loss: -2.96217
TORCHFORT::WANDB: model: alpha, step: 991, train_lr: 0.0001
TORCHFORT::WANDB: model: critic_0, step: 992, train_loss: 0.16137
TORCHFORT::WANDB: model: critic_0, step: 992, train_lr: 0.001
TORCHFORT::WANDB: model: actor, step: 992, train_loss: -0.00557918
TORCHFORT::WANDB: model: actor, step: 992, train_lr: 0.001
TORCHFORT::WANDB: model: alpha, step: 992, train_loss: -2.95647
TORCHFORT::WANDB: model: alpha, step: 992, train_lr: 0.0001
TORCHFORT::WANDB: model: critic_0, step: 993, train_loss: 0.158221
TORCHFORT::WANDB: model: critic_0, step: 993, train_lr: 0.001
TORCHFORT::WANDB: model: actor, step: 993, train_loss: -0.0246392
TORCHFORT::WANDB: model: actor, step: 993, train_lr: 0.001
TORCHFORT::WANDB: model: alpha, step: 993, train_loss: -2.95888
TORCHFORT::WANDB: model: alpha, step: 993, train_lr: 0.0001
TORCHFORT::WANDB: model: critic_0, step: 994, train_loss: 0.165537
TORCHFORT::WANDB: model: critic_0, step: 994, train_lr: 0.001
TORCHFORT::WANDB: model: actor, step: 994, train_loss: -0.0205578
TORCHFORT::WANDB: model: actor, step: 994, train_lr: 0.001
TORCHFORT::WANDB: model: alpha, step: 994, train_loss: -2.95655
TORCHFORT::WANDB: model: alpha, step: 994, train_lr: 0.0001
TORCHFORT::WANDB: model: critic_0, step: 995, train_loss: 0.157501
TORCHFORT::WANDB: model: critic_0, step: 995, train_lr: 0.001
TORCHFORT::WANDB: model: actor, step: 995, train_loss: 0.0111838
TORCHFORT::WANDB: model: actor, step: 995, train_lr: 0.001
TORCHFORT::WANDB: model: alpha, step: 995, train_loss: -2.95841
TORCHFORT::WANDB: model: alpha, step: 995, train_lr: 0.0001
TORCHFORT::WANDB: model: critic_0, step: 996, train_loss: 0.155388
TORCHFORT::WANDB: model: critic_0, step: 996, train_lr: 0.001
TORCHFORT::WANDB: model: actor, step: 996, train_loss: 0.000640447
TORCHFORT::WANDB: model: actor, step: 996, train_lr: 0.001
TORCHFORT::WANDB: model: alpha, step: 996, train_loss: -2.95751
TORCHFORT::WANDB: model: alpha, step: 996, train_lr: 0.0001
TORCHFORT::WANDB: model: critic_0, step: 997, train_loss: 0.152542
TORCHFORT::WANDB: model: critic_0, step: 997, train_lr: 0.001
TORCHFORT::WANDB: model: actor, step: 997, train_loss: -0.0227208
TORCHFORT::WANDB: model: actor, step: 997, train_lr: 0.001
TORCHFORT::WANDB: model: alpha, step: 997, train_loss: -2.96096
TORCHFORT::WANDB: model: alpha, step: 997, train_lr: 0.0001
TORCHFORT::WANDB: model: critic_0, step: 998, train_loss: 0.1556
TORCHFORT::WANDB: model: critic_0, step: 998, train_lr: 0.001
TORCHFORT::WANDB: model: actor, step: 998, train_loss: -0.0129928
TORCHFORT::WANDB: model: actor, step: 998, train_lr: 0.001
TORCHFORT::WANDB: model: alpha, step: 998, train_loss: -2.96062
TORCHFORT::WANDB: model: alpha, step: 998, train_lr: 0.0001
TORCHFORT::WANDB: model: critic_0, step: 999, train_loss: 0.154543
TORCHFORT::WANDB: model: critic_0, step: 999, train_lr: 0.001
TORCHFORT::WANDB: model: actor, step: 999, train_loss: -0.00747518
TORCHFORT::WANDB: model: actor, step: 999, train_lr: 0.001
TORCHFORT::WANDB: model: alpha, step: 999, train_loss: -2.96314
TORCHFORT::WANDB: model: alpha, step: 999, train_lr: 0.0001
TORCHFORT::WANDB: model: critic_0, step: 1000, train_loss: 0.15386
TORCHFORT::WANDB: model: critic_0, step: 1000, train_lr: 0.001
TORCHFORT::WANDB: model: actor, step: 1000, train_loss: -0.0146515
TORCHFORT::WANDB: model: actor, step: 1000, train_lr: 0.001
TORCHFORT::WANDB: model: alpha, step: 1000, train_loss: -2.9594
TORCHFORT::WANDB: model: alpha, step: 1000, train_lr: 0.0001
TORCHFORT::WANDB: model: rlwm, step: 60, reward_sum: 4718.48
TORCHFORT::WANDB: model: rlwm, step: 60, reward_sum: 4718.48
TORCHFORT::WANDB: model: rlwm, step: 60, reward_sum: 4718.48
TORCHFORT::WANDB: model: rlwm, step: 60, reward_sum: 4718.48
TORCHFORT::WANDB: model: critic_0, step: 1001, train_loss: 0.174781
TORCHFORT::WANDB: model: critic_0, step: 1001, train_lr: 0.001
TORCHFORT::WANDB: model: actor, step: 1001, train_loss: -0.0228755
TORCHFORT::WANDB: model: actor, step: 1001, train_lr: 0.001
TORCHFORT::WANDB: model: alpha, step: 1001, train_loss: -2.96129
TORCHFORT::WANDB: model: alpha, step: 1001, train_lr: 0.0001
TORCHFORT::WANDB: model: critic_0, step: 1002, train_loss: 0.179785
TORCHFORT::WANDB: model: critic_0, step: 1002, train_lr: 0.001
TORCHFORT::WANDB: model: actor, step: 1002, train_loss: 0.00907877
TORCHFORT::WANDB: model: actor, step: 1002, train_lr: 0.001
TORCHFORT::WANDB: model: alpha, step: 1002, train_loss: -2.95728
TORCHFORT::WANDB: model: alpha, step: 1002, train_lr: 0.0001
TORCHFORT::WANDB: model: critic_0, step: 1003, train_loss: 0.170476
TORCHFORT::WANDB: model: critic_0, step: 1003, train_lr: 0.001
TORCHFORT::WANDB: model: actor, step: 1003, train_loss: -0.0141198
TORCHFORT::WANDB: model: actor, step: 1003, train_lr: 0.001
TORCHFORT::WANDB: model: alpha, step: 1003, train_loss: -2.96093
TORCHFORT::WANDB: model: alpha, step: 1003, train_lr: 0.0001
TORCHFORT::WANDB: model: critic_0, step: 1004, train_loss: 0.158969
TORCHFORT::WANDB: model: critic_0, step: 1004, train_lr: 0.001
TORCHFORT::WANDB: model: actor, step: 1004, train_loss: -0.0488704
TORCHFORT::WANDB: model: actor, step: 1004, train_lr: 0.001
TORCHFORT::WANDB: model: alpha, step: 1004, train_loss: -2.96398
TORCHFORT::WANDB: model: alpha, step: 1004, train_lr: 0.0001
TORCHFORT::WANDB: model: critic_0, step: 1005, train_loss: 0.167087
TORCHFORT::WANDB: model: critic_0, step: 1005, train_lr: 0.001
TORCHFORT::WANDB: model: actor, step: 1005, train_loss: -0.0384775
TORCHFORT::WANDB: model: actor, step: 1005, train_lr: 0.001
TORCHFORT::WANDB: model: alpha, step: 1005, train_loss: -2.96127
TORCHFORT::WANDB: model: alpha, step: 1005, train_lr: 0.0001
TORCHFORT::WANDB: model: critic_0, step: 1006, train_loss: 0.168287
TORCHFORT::WANDB: model: critic_0, step: 1006, train_lr: 0.001
TORCHFORT::WANDB: model: actor, step: 1006, train_loss: -0.0130057
TORCHFORT::WANDB: model: actor, step: 1006, train_lr: 0.001
TORCHFORT::WANDB: model: alpha, step: 1006, train_loss: -2.96605
TORCHFORT::WANDB: model: alpha, step: 1006, train_lr: 0.0001
TORCHFORT::WANDB: model: critic_0, step: 1007, train_loss: 0.166262
TORCHFORT::WANDB: model: critic_0, step: 1007, train_lr: 0.001
TORCHFORT::WANDB: model: actor, step: 1007, train_loss: -0.00810948
TORCHFORT::WANDB: model: actor, step: 1007, train_lr: 0.001
TORCHFORT::WANDB: model: alpha, step: 1007, train_loss: -2.95787
TORCHFORT::WANDB: model: alpha, step: 1007, train_lr: 0.0001
TORCHFORT::WANDB: model: critic_0, step: 1008, train_loss: 0.170915
TORCHFORT::WANDB: model: critic_0, step: 1008, train_lr: 0.001
TORCHFORT::WANDB: model: actor, step: 1008, train_loss: -0.0382716
TORCHFORT::WANDB: model: actor, step: 1008, train_lr: 0.001
TORCHFORT::WANDB: model: alpha, step: 1008, train_loss: -2.95861
TORCHFORT::WANDB: model: alpha, step: 1008, train_lr: 0.0001
TORCHFORT::WANDB: model: critic_0, step: 1009, train_loss: 0.165939
TORCHFORT::WANDB: model: critic_0, step: 1009, train_lr: 0.001
TORCHFORT::WANDB: model: actor, step: 1009, train_loss: -0.0372737
TORCHFORT::WANDB: model: actor, step: 1009, train_lr: 0.001
TORCHFORT::WANDB: model: alpha, step: 1009, train_loss: -2.96673
TORCHFORT::WANDB: model: alpha, step: 1009, train_lr: 0.0001
TORCHFORT::WANDB: model: critic_0, step: 1010, train_loss: 0.166555
TORCHFORT::WANDB: model: critic_0, step: 1010, train_lr: 0.001
TORCHFORT::WANDB: model: actor, step: 1010, train_loss: -0.0244818
TORCHFORT::WANDB: model: actor, step: 1010, train_lr: 0.001
TORCHFORT::WANDB: model: alpha, step: 1010, train_loss: -2.95803
TORCHFORT::WANDB: model: alpha, step: 1010, train_lr: 0.0001
TORCHFORT::WANDB: model: critic_0, step: 1011, train_loss: 0.160716
TORCHFORT::WANDB: model: critic_0, step: 1011, train_lr: 0.001
TORCHFORT::WANDB: model: actor, step: 1011, train_loss: -0.00992222
TORCHFORT::WANDB: model: actor, step: 1011, train_lr: 0.001
TORCHFORT::WANDB: model: alpha, step: 1011, train_loss: -2.96188
TORCHFORT::WANDB: model: alpha, step: 1011, train_lr: 0.0001
TORCHFORT::WANDB: model: critic_0, step: 1012, train_loss: 0.154911
TORCHFORT::WANDB: model: critic_0, step: 1012, train_lr: 0.001
TORCHFORT::WANDB: model: actor, step: 1012, train_loss: -0.0211508
TORCHFORT::WANDB: model: actor, step: 1012, train_lr: 0.001
TORCHFORT::WANDB: model: alpha, step: 1012, train_loss: -2.96245
TORCHFORT::WANDB: model: alpha, step: 1012, train_lr: 0.0001
TORCHFORT::WANDB: model: critic_0, step: 1013, train_loss: 0.170713
TORCHFORT::WANDB: model: critic_0, step: 1013, train_lr: 0.001
TORCHFORT::WANDB: model: actor, step: 1013, train_loss: -0.0421605
TORCHFORT::WANDB: model: actor, step: 1013, train_lr: 0.001
TORCHFORT::WANDB: model: alpha, step: 1013, train_loss: -2.96359
TORCHFORT::WANDB: model: alpha, step: 1013, train_lr: 0.0001
TORCHFORT::WANDB: model: critic_0, step: 1014, train_loss: 0.165576
TORCHFORT::WANDB: model: critic_0, step: 1014, train_lr: 0.001
TORCHFORT::WANDB: model: actor, step: 1014, train_loss: -0.0292391
TORCHFORT::WANDB: model: actor, step: 1014, train_lr: 0.001
TORCHFORT::WANDB: model: alpha, step: 1014, train_loss: -2.96268
TORCHFORT::WANDB: model: alpha, step: 1014, train_lr: 0.0001
TORCHFORT::WANDB: model: critic_0, step: 1015, train_loss: 0.159612
TORCHFORT::WANDB: model: critic_0, step: 1015, train_lr: 0.001
TORCHFORT::WANDB: model: actor, step: 1015, train_loss: -0.0208021
TORCHFORT::WANDB: model: actor, step: 1015, train_lr: 0.001
TORCHFORT::WANDB: model: alpha, step: 1015, train_loss: -2.96403
TORCHFORT::WANDB: model: alpha, step: 1015, train_lr: 0.0001
TORCHFORT::WANDB: model: critic_0, step: 1016, train_loss: 0.153446
TORCHFORT::WANDB: model: critic_0, step: 1016, train_lr: 0.001
TORCHFORT::WANDB: model: actor, step: 1016, train_loss: -0.021351
TORCHFORT::WANDB: model: actor, step: 1016, train_lr: 0.001
TORCHFORT::WANDB: model: alpha, step: 1016, train_loss: -2.96891
TORCHFORT::WANDB: model: alpha, step: 1016, train_lr: 0.0001
TORCHFORT::WANDB: model: critic_0, step: 1017, train_loss: 0.165771
TORCHFORT::WANDB: model: critic_0, step: 1017, train_lr: 0.001
TORCHFORT::WANDB: model: actor, step: 1017, train_loss: -0.049734
TORCHFORT::WANDB: model: actor, step: 1017, train_lr: 0.001
TORCHFORT::WANDB: model: alpha, step: 1017, train_loss: -2.96492
TORCHFORT::WANDB: model: alpha, step: 1017, train_lr: 0.0001
TORCHFORT::WANDB: model: critic_0, step: 1018, train_loss: 0.18019
TORCHFORT::WANDB: model: critic_0, step: 1018, train_lr: 0.001
TORCHFORT::WANDB: model: actor, step: 1018, train_loss: -0.0450356
TORCHFORT::WANDB: model: actor, step: 1018, train_lr: 0.001
TORCHFORT::WANDB: model: alpha, step: 1018, train_loss: -2.9667
TORCHFORT::WANDB: model: alpha, step: 1018, train_lr: 0.0001
TORCHFORT::WANDB: model: critic_0, step: 1019, train_loss: 0.163972
TORCHFORT::WANDB: model: critic_0, step: 1019, train_lr: 0.001
TORCHFORT::WANDB: model: actor, step: 1019, train_loss: -0.0321311
TORCHFORT::WANDB: model: actor, step: 1019, train_lr: 0.001
TORCHFORT::WANDB: model: alpha, step: 1019, train_loss: -2.96417
TORCHFORT::WANDB: model: alpha, step: 1019, train_lr: 0.0001
TORCHFORT::WANDB: model: critic_0, step: 1020, train_loss: 0.16545
TORCHFORT::WANDB: model: critic_0, step: 1020, train_lr: 0.001
TORCHFORT::WANDB: model: actor, step: 1020, train_loss: -0.0260451
TORCHFORT::WANDB: model: actor, step: 1020, train_lr: 0.001
TORCHFORT::WANDB: model: alpha, step: 1020, train_loss: -2.96289
TORCHFORT::WANDB: model: alpha, step: 1020, train_lr: 0.0001
TORCHFORT::WANDB: model: rlwm, step: 61, reward_sum: 4591.77
TORCHFORT::WANDB: model: rlwm, step: 61, reward_sum: 4591.77
TORCHFORT::WANDB: model: rlwm, step: 61, reward_sum: 4591.77
TORCHFORT::WANDB: model: rlwm, step: 61, reward_sum: 4591.77
TORCHFORT::WANDB: model: critic_0, step: 1021, train_loss: 0.17456
TORCHFORT::WANDB: model: critic_0, step: 1021, train_lr: 0.001
TORCHFORT::WANDB: model: actor, step: 1021, train_loss: -0.0543445
TORCHFORT::WANDB: model: actor, step: 1021, train_lr: 0.001
TORCHFORT::WANDB: model: alpha, step: 1021, train_loss: -2.96924
TORCHFORT::WANDB: model: alpha, step: 1021, train_lr: 0.0001
TORCHFORT::WANDB: model: critic_0, step: 1022, train_loss: 0.160776
TORCHFORT::WANDB: model: critic_0, step: 1022, train_lr: 0.001
TORCHFORT::WANDB: model: actor, step: 1022, train_loss: -0.0478347
TORCHFORT::WANDB: model: actor, step: 1022, train_lr: 0.001
TORCHFORT::WANDB: model: alpha, step: 1022, train_loss: -2.9685
TORCHFORT::WANDB: model: alpha, step: 1022, train_lr: 0.0001
TORCHFORT::WANDB: model: critic_0, step: 1023, train_loss: 0.181978
TORCHFORT::WANDB: model: critic_0, step: 1023, train_lr: 0.001
TORCHFORT::WANDB: model: actor, step: 1023, train_loss: -0.0300597
TORCHFORT::WANDB: model: actor, step: 1023, train_lr: 0.001
TORCHFORT::WANDB: model: alpha, step: 1023, train_loss: -2.96932
TORCHFORT::WANDB: model: alpha, step: 1023, train_lr: 0.0001
TORCHFORT::WANDB: model: critic_0, step: 1024, train_loss: 0.166505
TORCHFORT::WANDB: model: critic_0, step: 1024, train_lr: 0.001
TORCHFORT::WANDB: model: actor, step: 1024, train_loss: -0.038528
TORCHFORT::WANDB: model: actor, step: 1024, train_lr: 0.001
TORCHFORT::WANDB: model: alpha, step: 1024, train_loss: -2.97066
TORCHFORT::WANDB: model: alpha, step: 1024, train_lr: 0.0001
TORCHFORT::WANDB: model: critic_0, step: 1025, train_loss: 0.181819
TORCHFORT::WANDB: model: critic_0, step: 1025, train_lr: 0.001
TORCHFORT::WANDB: model: actor, step: 1025, train_loss: -0.0648483
TORCHFORT::WANDB: model: actor, step: 1025, train_lr: 0.001
TORCHFORT::WANDB: model: alpha, step: 1025, train_loss: -2.9682
TORCHFORT::WANDB: model: alpha, step: 1025, train_lr: 0.0001
TORCHFORT::WANDB: model: critic_0, step: 1026, train_loss: 0.171123
TORCHFORT::WANDB: model: critic_0, step: 1026, train_lr: 0.001
TORCHFORT::WANDB: model: actor, step: 1026, train_loss: -0.0410042
TORCHFORT::WANDB: model: actor, step: 1026, train_lr: 0.001
TORCHFORT::WANDB: model: alpha, step: 1026, train_loss: -2.96817
TORCHFORT::WANDB: model: alpha, step: 1026, train_lr: 0.0001
TORCHFORT::WANDB: model: critic_0, step: 1027, train_loss: 0.174987
TORCHFORT::WANDB: model: critic_0, step: 1027, train_lr: 0.001
TORCHFORT::WANDB: model: actor, step: 1027, train_loss: -0.0271357
TORCHFORT::WANDB: model: actor, step: 1027, train_lr: 0.001
TORCHFORT::WANDB: model: alpha, step: 1027, train_loss: -2.96418
TORCHFORT::WANDB: model: alpha, step: 1027, train_lr: 0.0001
TORCHFORT::WANDB: model: critic_0, step: 1028, train_loss: 0.174751
TORCHFORT::WANDB: model: critic_0, step: 1028, train_lr: 0.001
TORCHFORT::WANDB: model: actor, step: 1028, train_loss: -0.0538209
TORCHFORT::WANDB: model: actor, step: 1028, train_lr: 0.001
TORCHFORT::WANDB: model: alpha, step: 1028, train_loss: -2.97283
TORCHFORT::WANDB: model: alpha, step: 1028, train_lr: 0.0001
TORCHFORT::WANDB: model: critic_0, step: 1029, train_loss: 0.171683
TORCHFORT::WANDB: model: critic_0, step: 1029, train_lr: 0.001
TORCHFORT::WANDB: model: actor, step: 1029, train_loss: -0.0765896
TORCHFORT::WANDB: model: actor, step: 1029, train_lr: 0.001
TORCHFORT::WANDB: model: alpha, step: 1029, train_loss: -2.97176
TORCHFORT::WANDB: model: alpha, step: 1029, train_lr: 0.0001
TORCHFORT::WANDB: model: critic_0, step: 1030, train_loss: 0.170022
TORCHFORT::WANDB: model: critic_0, step: 1030, train_lr: 0.001
TORCHFORT::WANDB: model: actor, step: 1030, train_loss: -0.0588444
TORCHFORT::WANDB: model: actor, step: 1030, train_lr: 0.001
TORCHFORT::WANDB: model: alpha, step: 1030, train_loss: -2.97248
TORCHFORT::WANDB: model: alpha, step: 1030, train_lr: 0.0001
TORCHFORT::WANDB: model: critic_0, step: 1031, train_loss: 0.179942
TORCHFORT::WANDB: model: critic_0, step: 1031, train_lr: 0.001
TORCHFORT::WANDB: model: actor, step: 1031, train_loss: -0.0220343
TORCHFORT::WANDB: model: actor, step: 1031, train_lr: 0.001
TORCHFORT::WANDB: model: alpha, step: 1031, train_loss: -2.97112
TORCHFORT::WANDB: model: alpha, step: 1031, train_lr: 0.0001
TORCHFORT::WANDB: model: critic_0, step: 1032, train_loss: 0.170989
TORCHFORT::WANDB: model: critic_0, step: 1032, train_lr: 0.001
TORCHFORT::WANDB: model: actor, step: 1032, train_loss: -0.0279332
TORCHFORT::WANDB: model: actor, step: 1032, train_lr: 0.001
TORCHFORT::WANDB: model: alpha, step: 1032, train_loss: -2.96737
TORCHFORT::WANDB: model: alpha, step: 1032, train_lr: 0.0001
TORCHFORT::WANDB: model: critic_0, step: 1033, train_loss: 0.175882
TORCHFORT::WANDB: model: critic_0, step: 1033, train_lr: 0.001
TORCHFORT::WANDB: model: actor, step: 1033, train_loss: -0.0829643
TORCHFORT::WANDB: model: actor, step: 1033, train_lr: 0.001
TORCHFORT::WANDB: model: alpha, step: 1033, train_loss: -2.97349
TORCHFORT::WANDB: model: alpha, step: 1033, train_lr: 0.0001
TORCHFORT::WANDB: model: critic_0, step: 1034, train_loss: 0.178987
TORCHFORT::WANDB: model: critic_0, step: 1034, train_lr: 0.001
TORCHFORT::WANDB: model: actor, step: 1034, train_loss: -0.0808147
TORCHFORT::WANDB: model: actor, step: 1034, train_lr: 0.001
TORCHFORT::WANDB: model: alpha, step: 1034, train_loss: -2.97399
TORCHFORT::WANDB: model: alpha, step: 1034, train_lr: 0.0001
TORCHFORT::WANDB: model: critic_0, step: 1035, train_loss: 0.166072
TORCHFORT::WANDB: model: critic_0, step: 1035, train_lr: 0.001
TORCHFORT::WANDB: model: actor, step: 1035, train_loss: -0.0340351
TORCHFORT::WANDB: model: actor, step: 1035, train_lr: 0.001
TORCHFORT::WANDB: model: alpha, step: 1035, train_loss: -2.97404
TORCHFORT::WANDB: model: alpha, step: 1035, train_lr: 0.0001
TORCHFORT::WANDB: model: critic_0, step: 1036, train_loss: 0.17713
TORCHFORT::WANDB: model: critic_0, step: 1036, train_lr: 0.001
TORCHFORT::WANDB: model: actor, step: 1036, train_loss: -0.0286441
TORCHFORT::WANDB: model: actor, step: 1036, train_lr: 0.001
TORCHFORT::WANDB: model: alpha, step: 1036, train_loss: -2.97532
TORCHFORT::WANDB: model: alpha, step: 1036, train_lr: 0.0001
TORCHFORT::WANDB: model: critic_0, step: 1037, train_loss: 0.167314
TORCHFORT::WANDB: model: critic_0, step: 1037, train_lr: 0.001
TORCHFORT::WANDB: model: actor, step: 1037, train_loss: -0.069082
TORCHFORT::WANDB: model: actor, step: 1037, train_lr: 0.001
TORCHFORT::WANDB: model: alpha, step: 1037, train_loss: -2.97153
TORCHFORT::WANDB: model: alpha, step: 1037, train_lr: 0.0001
TORCHFORT::WANDB: model: critic_0, step: 1038, train_loss: 0.174876
TORCHFORT::WANDB: model: critic_0, step: 1038, train_lr: 0.001
TORCHFORT::WANDB: model: actor, step: 1038, train_loss: -0.089439
TORCHFORT::WANDB: model: actor, step: 1038, train_lr: 0.001
TORCHFORT::WANDB: model: alpha, step: 1038, train_loss: -2.97378
TORCHFORT::WANDB: model: alpha, step: 1038, train_lr: 0.0001
TORCHFORT::WANDB: model: critic_0, step: 1039, train_loss: 0.182346
TORCHFORT::WANDB: model: critic_0, step: 1039, train_lr: 0.001
TORCHFORT::WANDB: model: actor, step: 1039, train_loss: -0.0419369
TORCHFORT::WANDB: model: actor, step: 1039, train_lr: 0.001
TORCHFORT::WANDB: model: alpha, step: 1039, train_loss: -2.97426
TORCHFORT::WANDB: model: alpha, step: 1039, train_lr: 0.0001
TORCHFORT::WANDB: model: critic_0, step: 1040, train_loss: 0.180857
TORCHFORT::WANDB: model: critic_0, step: 1040, train_lr: 0.001
TORCHFORT::WANDB: model: actor, step: 1040, train_loss: -0.0242132
TORCHFORT::WANDB: model: actor, step: 1040, train_lr: 0.001
TORCHFORT::WANDB: model: alpha, step: 1040, train_loss: -2.97642
TORCHFORT::WANDB: model: alpha, step: 1040, train_lr: 0.0001
TORCHFORT::WANDB: model: rlwm, step: 62, reward_sum: 4912.84
TORCHFORT::WANDB: model: rlwm, step: 62, reward_sum: 4912.84
TORCHFORT::WANDB: model: rlwm, step: 62, reward_sum: 4912.84
TORCHFORT::WANDB: model: rlwm, step: 62, reward_sum: 4912.84
TORCHFORT::WANDB: model: critic_0, step: 1041, train_loss: 0.181498
TORCHFORT::WANDB: model: critic_0, step: 1041, train_lr: 0.001
TORCHFORT::WANDB: model: actor, step: 1041, train_loss: -0.0671412
TORCHFORT::WANDB: model: actor, step: 1041, train_lr: 0.001
TORCHFORT::WANDB: model: alpha, step: 1041, train_loss: -2.97083
TORCHFORT::WANDB: model: alpha, step: 1041, train_lr: 0.0001
TORCHFORT::WANDB: model: critic_0, step: 1042, train_loss: 0.181837
TORCHFORT::WANDB: model: critic_0, step: 1042, train_lr: 0.001
TORCHFORT::WANDB: model: actor, step: 1042, train_loss: -0.0985444
TORCHFORT::WANDB: model: actor, step: 1042, train_lr: 0.001
TORCHFORT::WANDB: model: alpha, step: 1042, train_loss: -2.97783
TORCHFORT::WANDB: model: alpha, step: 1042, train_lr: 0.0001
TORCHFORT::WANDB: model: critic_0, step: 1043, train_loss: 0.186104
TORCHFORT::WANDB: model: critic_0, step: 1043, train_lr: 0.001
TORCHFORT::WANDB: model: actor, step: 1043, train_loss: -0.0700563
TORCHFORT::WANDB: model: actor, step: 1043, train_lr: 0.001
TORCHFORT::WANDB: model: alpha, step: 1043, train_loss: -2.97562
TORCHFORT::WANDB: model: alpha, step: 1043, train_lr: 0.0001
TORCHFORT::WANDB: model: critic_0, step: 1044, train_loss: 0.17318
TORCHFORT::WANDB: model: critic_0, step: 1044, train_lr: 0.001
TORCHFORT::WANDB: model: actor, step: 1044, train_loss: -0.0307315
TORCHFORT::WANDB: model: actor, step: 1044, train_lr: 0.001
TORCHFORT::WANDB: model: alpha, step: 1044, train_loss: -2.97762
TORCHFORT::WANDB: model: alpha, step: 1044, train_lr: 0.0001
TORCHFORT::WANDB: model: critic_0, step: 1045, train_loss: 0.193159
TORCHFORT::WANDB: model: critic_0, step: 1045, train_lr: 0.001
TORCHFORT::WANDB: model: actor, step: 1045, train_loss: -0.0607737
TORCHFORT::WANDB: model: actor, step: 1045, train_lr: 0.001
TORCHFORT::WANDB: model: alpha, step: 1045, train_loss: -2.97903
TORCHFORT::WANDB: model: alpha, step: 1045, train_lr: 0.0001
TORCHFORT::WANDB: model: critic_0, step: 1046, train_loss: 0.185516
TORCHFORT::WANDB: model: critic_0, step: 1046, train_lr: 0.001
TORCHFORT::WANDB: model: actor, step: 1046, train_loss: -0.104886
TORCHFORT::WANDB: model: actor, step: 1046, train_lr: 0.001
TORCHFORT::WANDB: model: alpha, step: 1046, train_loss: -2.97823
TORCHFORT::WANDB: model: alpha, step: 1046, train_lr: 0.0001
TORCHFORT::WANDB: model: critic_0, step: 1047, train_loss: 0.169373
TORCHFORT::WANDB: model: critic_0, step: 1047, train_lr: 0.001
TORCHFORT::WANDB: model: actor, step: 1047, train_loss: -0.0873255
TORCHFORT::WANDB: model: actor, step: 1047, train_lr: 0.001
TORCHFORT::WANDB: model: alpha, step: 1047, train_loss: -2.97941
TORCHFORT::WANDB: model: alpha, step: 1047, train_lr: 0.0001
TORCHFORT::WANDB: model: critic_0, step: 1048, train_loss: 0.201811
TORCHFORT::WANDB: model: critic_0, step: 1048, train_lr: 0.001
TORCHFORT::WANDB: model: actor, step: 1048, train_loss: -0.0429522
TORCHFORT::WANDB: model: actor, step: 1048, train_lr: 0.001
TORCHFORT::WANDB: model: alpha, step: 1048, train_loss: -2.97687
TORCHFORT::WANDB: model: alpha, step: 1048, train_lr: 0.0001
TORCHFORT::WANDB: model: critic_0, step: 1049, train_loss: 0.181679
TORCHFORT::WANDB: model: critic_0, step: 1049, train_lr: 0.001
TORCHFORT::WANDB: model: actor, step: 1049, train_loss: -0.0377803
TORCHFORT::WANDB: model: actor, step: 1049, train_lr: 0.001
TORCHFORT::WANDB: model: alpha, step: 1049, train_loss: -2.97333
TORCHFORT::WANDB: model: alpha, step: 1049, train_lr: 0.0001
TORCHFORT::WANDB: model: critic_0, step: 1050, train_loss: 0.191052
TORCHFORT::WANDB: model: critic_0, step: 1050, train_lr: 0.001
TORCHFORT::WANDB: model: actor, step: 1050, train_loss: -0.0974614
TORCHFORT::WANDB: model: actor, step: 1050, train_lr: 0.001
TORCHFORT::WANDB: model: alpha, step: 1050, train_loss: -2.97673
TORCHFORT::WANDB: model: alpha, step: 1050, train_lr: 0.0001
TORCHFORT::WANDB: model: critic_0, step: 1051, train_loss: 0.183872
TORCHFORT::WANDB: model: critic_0, step: 1051, train_lr: 0.001
TORCHFORT::WANDB: model: actor, step: 1051, train_loss: -0.10458
TORCHFORT::WANDB: model: actor, step: 1051, train_lr: 0.001
TORCHFORT::WANDB: model: alpha, step: 1051, train_loss: -2.97687
TORCHFORT::WANDB: model: alpha, step: 1051, train_lr: 0.0001
TORCHFORT::WANDB: model: critic_0, step: 1052, train_loss: 0.198006
TORCHFORT::WANDB: model: critic_0, step: 1052, train_lr: 0.001
TORCHFORT::WANDB: model: actor, step: 1052, train_loss: -0.0553617
TORCHFORT::WANDB: model: actor, step: 1052, train_lr: 0.001
TORCHFORT::WANDB: model: alpha, step: 1052, train_loss: -2.97536
TORCHFORT::WANDB: model: alpha, step: 1052, train_lr: 0.0001
TORCHFORT::WANDB: model: critic_0, step: 1053, train_loss: 0.174532
TORCHFORT::WANDB: model: critic_0, step: 1053, train_lr: 0.001
TORCHFORT::WANDB: model: actor, step: 1053, train_loss: -0.0452832
TORCHFORT::WANDB: model: actor, step: 1053, train_lr: 0.001
TORCHFORT::WANDB: model: alpha, step: 1053, train_loss: -2.97571
TORCHFORT::WANDB: model: alpha, step: 1053, train_lr: 0.0001
TORCHFORT::WANDB: model: critic_0, step: 1054, train_loss: 0.167426
TORCHFORT::WANDB: model: critic_0, step: 1054, train_lr: 0.001
TORCHFORT::WANDB: model: actor, step: 1054, train_loss: -0.0778782
TORCHFORT::WANDB: model: actor, step: 1054, train_lr: 0.001
TORCHFORT::WANDB: model: alpha, step: 1054, train_loss: -2.97432
TORCHFORT::WANDB: model: alpha, step: 1054, train_lr: 0.0001
TORCHFORT::WANDB: model: critic_0, step: 1055, train_loss: 0.177335
TORCHFORT::WANDB: model: critic_0, step: 1055, train_lr: 0.001
TORCHFORT::WANDB: model: actor, step: 1055, train_loss: -0.110089
TORCHFORT::WANDB: model: actor, step: 1055, train_lr: 0.001
TORCHFORT::WANDB: model: alpha, step: 1055, train_loss: -2.97582
TORCHFORT::WANDB: model: alpha, step: 1055, train_lr: 0.0001
TORCHFORT::WANDB: model: critic_0, step: 1056, train_loss: 0.178439
TORCHFORT::WANDB: model: critic_0, step: 1056, train_lr: 0.001
TORCHFORT::WANDB: model: actor, step: 1056, train_loss: -0.0826081
TORCHFORT::WANDB: model: actor, step: 1056, train_lr: 0.001
TORCHFORT::WANDB: model: alpha, step: 1056, train_loss: -2.97877
TORCHFORT::WANDB: model: alpha, step: 1056, train_lr: 0.0001
TORCHFORT::WANDB: model: critic_0, step: 1057, train_loss: 0.178831
TORCHFORT::WANDB: model: critic_0, step: 1057, train_lr: 0.001
TORCHFORT::WANDB: model: actor, step: 1057, train_loss: -0.0499678
TORCHFORT::WANDB: model: actor, step: 1057, train_lr: 0.001
TORCHFORT::WANDB: model: alpha, step: 1057, train_loss: -2.9801
TORCHFORT::WANDB: model: alpha, step: 1057, train_lr: 0.0001
TORCHFORT::WANDB: model: critic_0, step: 1058, train_loss: 0.178051
TORCHFORT::WANDB: model: critic_0, step: 1058, train_lr: 0.001
TORCHFORT::WANDB: model: actor, step: 1058, train_loss: -0.0753862
TORCHFORT::WANDB: model: actor, step: 1058, train_lr: 0.001
TORCHFORT::WANDB: model: alpha, step: 1058, train_loss: -2.97357
TORCHFORT::WANDB: model: alpha, step: 1058, train_lr: 0.0001
TORCHFORT::WANDB: model: critic_0, step: 1059, train_loss: 0.177807
TORCHFORT::WANDB: model: critic_0, step: 1059, train_lr: 0.001
TORCHFORT::WANDB: model: actor, step: 1059, train_loss: -0.105456
TORCHFORT::WANDB: model: actor, step: 1059, train_lr: 0.001
TORCHFORT::WANDB: model: alpha, step: 1059, train_loss: -2.98233
TORCHFORT::WANDB: model: alpha, step: 1059, train_lr: 0.0001
TORCHFORT::WANDB: model: critic_0, step: 1060, train_loss: 0.186587
TORCHFORT::WANDB: model: critic_0, step: 1060, train_lr: 0.001
TORCHFORT::WANDB: model: actor, step: 1060, train_loss: -0.0884165
TORCHFORT::WANDB: model: actor, step: 1060, train_lr: 0.001
TORCHFORT::WANDB: model: alpha, step: 1060, train_loss: -2.97828
TORCHFORT::WANDB: model: alpha, step: 1060, train_lr: 0.0001
TORCHFORT::WANDB: model: rlwm, step: 63, reward_sum: 3352.67
TORCHFORT::WANDB: model: rlwm, step: 63, reward_sum: 3352.67
TORCHFORT::WANDB: model: rlwm, step: 63, reward_sum: 3352.67
TORCHFORT::WANDB: model: rlwm, step: 63, reward_sum: 3352.67
TORCHFORT::WANDB: model: critic_0, step: 1061, train_loss: 0.198745
TORCHFORT::WANDB: model: critic_0, step: 1061, train_lr: 0.001
TORCHFORT::WANDB: model: actor, step: 1061, train_loss: -0.0661574
TORCHFORT::WANDB: model: actor, step: 1061, train_lr: 0.001
TORCHFORT::WANDB: model: alpha, step: 1061, train_loss: -2.97763
TORCHFORT::WANDB: model: alpha, step: 1061, train_lr: 0.0001
TORCHFORT::WANDB: model: critic_0, step: 1062, train_loss: 0.197303
TORCHFORT::WANDB: model: critic_0, step: 1062, train_lr: 0.001
TORCHFORT::WANDB: model: actor, step: 1062, train_loss: -0.101954
TORCHFORT::WANDB: model: actor, step: 1062, train_lr: 0.001
TORCHFORT::WANDB: model: alpha, step: 1062, train_loss: -2.98343
TORCHFORT::WANDB: model: alpha, step: 1062, train_lr: 0.0001
TORCHFORT::WANDB: model: critic_0, step: 1063, train_loss: 0.193288
TORCHFORT::WANDB: model: critic_0, step: 1063, train_lr: 0.001
TORCHFORT::WANDB: model: actor, step: 1063, train_loss: -0.125749
TORCHFORT::WANDB: model: actor, step: 1063, train_lr: 0.001
TORCHFORT::WANDB: model: alpha, step: 1063, train_loss: -2.97902
TORCHFORT::WANDB: model: alpha, step: 1063, train_lr: 0.0001
TORCHFORT::WANDB: model: critic_0, step: 1064, train_loss: 0.189657
TORCHFORT::WANDB: model: critic_0, step: 1064, train_lr: 0.001
TORCHFORT::WANDB: model: actor, step: 1064, train_loss: -0.0650658
TORCHFORT::WANDB: model: actor, step: 1064, train_lr: 0.001
TORCHFORT::WANDB: model: alpha, step: 1064, train_loss: -2.98296
TORCHFORT::WANDB: model: alpha, step: 1064, train_lr: 0.0001
TORCHFORT::WANDB: model: critic_0, step: 1065, train_loss: 0.186017
TORCHFORT::WANDB: model: critic_0, step: 1065, train_lr: 0.001
TORCHFORT::WANDB: model: actor, step: 1065, train_loss: -0.0551813
TORCHFORT::WANDB: model: actor, step: 1065, train_lr: 0.001
TORCHFORT::WANDB: model: alpha, step: 1065, train_loss: -2.98378
TORCHFORT::WANDB: model: alpha, step: 1065, train_lr: 0.0001
TORCHFORT::WANDB: model: critic_0, step: 1066, train_loss: 0.195182
TORCHFORT::WANDB: model: critic_0, step: 1066, train_lr: 0.001
TORCHFORT::WANDB: model: actor, step: 1066, train_loss: -0.0954144
TORCHFORT::WANDB: model: actor, step: 1066, train_lr: 0.001
TORCHFORT::WANDB: model: alpha, step: 1066, train_loss: -2.98286
TORCHFORT::WANDB: model: alpha, step: 1066, train_lr: 0.0001
TORCHFORT::WANDB: model: critic_0, step: 1067, train_loss: 0.184368
TORCHFORT::WANDB: model: critic_0, step: 1067, train_lr: 0.001
TORCHFORT::WANDB: model: actor, step: 1067, train_loss: -0.138989
TORCHFORT::WANDB: model: actor, step: 1067, train_lr: 0.001
TORCHFORT::WANDB: model: alpha, step: 1067, train_loss: -2.98346
TORCHFORT::WANDB: model: alpha, step: 1067, train_lr: 0.0001
TORCHFORT::WANDB: model: critic_0, step: 1068, train_loss: 0.183737
TORCHFORT::WANDB: model: critic_0, step: 1068, train_lr: 0.001
TORCHFORT::WANDB: model: actor, step: 1068, train_loss: -0.104045
TORCHFORT::WANDB: model: actor, step: 1068, train_lr: 0.001
TORCHFORT::WANDB: model: alpha, step: 1068, train_loss: -2.98554
TORCHFORT::WANDB: model: alpha, step: 1068, train_lr: 0.0001
TORCHFORT::WANDB: model: critic_0, step: 1069, train_loss: 0.195877
TORCHFORT::WANDB: model: critic_0, step: 1069, train_lr: 0.001
TORCHFORT::WANDB: model: actor, step: 1069, train_loss: -0.0674819
TORCHFORT::WANDB: model: actor, step: 1069, train_lr: 0.001
TORCHFORT::WANDB: model: alpha, step: 1069, train_loss: -2.98653
TORCHFORT::WANDB: model: alpha, step: 1069, train_lr: 0.0001
TORCHFORT::WANDB: model: critic_0, step: 1070, train_loss: 0.183456
TORCHFORT::WANDB: model: critic_0, step: 1070, train_lr: 0.001
TORCHFORT::WANDB: model: actor, step: 1070, train_loss: -0.079172
TORCHFORT::WANDB: model: actor, step: 1070, train_lr: 0.001
TORCHFORT::WANDB: model: alpha, step: 1070, train_loss: -2.98365
TORCHFORT::WANDB: model: alpha, step: 1070, train_lr: 0.0001
TORCHFORT::WANDB: model: critic_0, step: 1071, train_loss: 0.193051
TORCHFORT::WANDB: model: critic_0, step: 1071, train_lr: 0.001
TORCHFORT::WANDB: model: actor, step: 1071, train_loss: -0.109154
TORCHFORT::WANDB: model: actor, step: 1071, train_lr: 0.001
TORCHFORT::WANDB: model: alpha, step: 1071, train_loss: -2.9793
TORCHFORT::WANDB: model: alpha, step: 1071, train_lr: 0.0001
TORCHFORT::WANDB: model: critic_0, step: 1072, train_loss: 0.194576
TORCHFORT::WANDB: model: critic_0, step: 1072, train_lr: 0.001
TORCHFORT::WANDB: model: actor, step: 1072, train_loss: -0.116304
TORCHFORT::WANDB: model: actor, step: 1072, train_lr: 0.001
TORCHFORT::WANDB: model: alpha, step: 1072, train_loss: -2.98386
TORCHFORT::WANDB: model: alpha, step: 1072, train_lr: 0.0001
TORCHFORT::WANDB: model: critic_0, step: 1073, train_loss: 0.195155
TORCHFORT::WANDB: model: critic_0, step: 1073, train_lr: 0.001
TORCHFORT::WANDB: model: actor, step: 1073, train_loss: -0.0855756
TORCHFORT::WANDB: model: actor, step: 1073, train_lr: 0.001
TORCHFORT::WANDB: model: alpha, step: 1073, train_loss: -2.9871
TORCHFORT::WANDB: model: alpha, step: 1073, train_lr: 0.0001
TORCHFORT::WANDB: model: critic_0, step: 1074, train_loss: 0.198915
TORCHFORT::WANDB: model: critic_0, step: 1074, train_lr: 0.001
TORCHFORT::WANDB: model: actor, step: 1074, train_loss: -0.0809992
TORCHFORT::WANDB: model: actor, step: 1074, train_lr: 0.001
TORCHFORT::WANDB: model: alpha, step: 1074, train_loss: -2.98772
TORCHFORT::WANDB: model: alpha, step: 1074, train_lr: 0.0001
TORCHFORT::WANDB: model: critic_0, step: 1075, train_loss: 0.207175
TORCHFORT::WANDB: model: critic_0, step: 1075, train_lr: 0.001
TORCHFORT::WANDB: model: actor, step: 1075, train_loss: -0.109779
TORCHFORT::WANDB: model: actor, step: 1075, train_lr: 0.001
TORCHFORT::WANDB: model: alpha, step: 1075, train_loss: -2.98932
TORCHFORT::WANDB: model: alpha, step: 1075, train_lr: 0.0001
TORCHFORT::WANDB: model: critic_0, step: 1076, train_loss: 0.190999
TORCHFORT::WANDB: model: critic_0, step: 1076, train_lr: 0.001
TORCHFORT::WANDB: model: actor, step: 1076, train_loss: -0.120878
TORCHFORT::WANDB: model: actor, step: 1076, train_lr: 0.001
TORCHFORT::WANDB: model: alpha, step: 1076, train_loss: -2.9877
TORCHFORT::WANDB: model: alpha, step: 1076, train_lr: 0.0001
TORCHFORT::WANDB: model: critic_0, step: 1077, train_loss: 0.194473
TORCHFORT::WANDB: model: critic_0, step: 1077, train_lr: 0.001
TORCHFORT::WANDB: model: actor, step: 1077, train_loss: -0.0876835
TORCHFORT::WANDB: model: actor, step: 1077, train_lr: 0.001
TORCHFORT::WANDB: model: alpha, step: 1077, train_loss: -2.98705
TORCHFORT::WANDB: model: alpha, step: 1077, train_lr: 0.0001
TORCHFORT::WANDB: model: critic_0, step: 1078, train_loss: 0.195348
TORCHFORT::WANDB: model: critic_0, step: 1078, train_lr: 0.001
TORCHFORT::WANDB: model: actor, step: 1078, train_loss: -0.085795
TORCHFORT::WANDB: model: actor, step: 1078, train_lr: 0.001
TORCHFORT::WANDB: model: alpha, step: 1078, train_loss: -2.98888
TORCHFORT::WANDB: model: alpha, step: 1078, train_lr: 0.0001
TORCHFORT::WANDB: model: critic_0, step: 1079, train_loss: 0.196493
TORCHFORT::WANDB: model: critic_0, step: 1079, train_lr: 0.001
TORCHFORT::WANDB: model: actor, step: 1079, train_loss: -0.115219
TORCHFORT::WANDB: model: actor, step: 1079, train_lr: 0.001
TORCHFORT::WANDB: model: alpha, step: 1079, train_loss: -2.9864
TORCHFORT::WANDB: model: alpha, step: 1079, train_lr: 0.0001
TORCHFORT::WANDB: model: critic_0, step: 1080, train_loss: 0.196806
TORCHFORT::WANDB: model: critic_0, step: 1080, train_lr: 0.001
TORCHFORT::WANDB: model: actor, step: 1080, train_loss: -0.118686
TORCHFORT::WANDB: model: actor, step: 1080, train_lr: 0.001
TORCHFORT::WANDB: model: alpha, step: 1080, train_loss: -2.98592
TORCHFORT::WANDB: model: alpha, step: 1080, train_lr: 0.0001
TORCHFORT::WANDB: model: rlwm, step: 64, reward_sum: 3729.16
TORCHFORT::WANDB: model: rlwm, step: 64, reward_sum: 3729.16
TORCHFORT::WANDB: model: rlwm, step: 64, reward_sum: 3729.16
TORCHFORT::WANDB: model: rlwm, step: 64, reward_sum: 3729.16
TORCHFORT::WANDB: model: critic_0, step: 1081, train_loss: 0.208945
TORCHFORT::WANDB: model: critic_0, step: 1081, train_lr: 0.001
TORCHFORT::WANDB: model: actor, step: 1081, train_loss: -0.0990908
TORCHFORT::WANDB: model: actor, step: 1081, train_lr: 0.001
TORCHFORT::WANDB: model: alpha, step: 1081, train_loss: -2.98699
TORCHFORT::WANDB: model: alpha, step: 1081, train_lr: 0.0001
TORCHFORT::WANDB: model: critic_0, step: 1082, train_loss: 0.203436
TORCHFORT::WANDB: model: critic_0, step: 1082, train_lr: 0.001
TORCHFORT::WANDB: model: actor, step: 1082, train_loss: -0.0878918
TORCHFORT::WANDB: model: actor, step: 1082, train_lr: 0.001
TORCHFORT::WANDB: model: alpha, step: 1082, train_loss: -2.98457
TORCHFORT::WANDB: model: alpha, step: 1082, train_lr: 0.0001
TORCHFORT::WANDB: model: critic_0, step: 1083, train_loss: 0.192713
TORCHFORT::WANDB: model: critic_0, step: 1083, train_lr: 0.001
TORCHFORT::WANDB: model: actor, step: 1083, train_loss: -0.135379
TORCHFORT::WANDB: model: actor, step: 1083, train_lr: 0.001
TORCHFORT::WANDB: model: alpha, step: 1083, train_loss: -2.9896
TORCHFORT::WANDB: model: alpha, step: 1083, train_lr: 0.0001
TORCHFORT::WANDB: model: critic_0, step: 1084, train_loss: 0.217002
TORCHFORT::WANDB: model: critic_0, step: 1084, train_lr: 0.001
TORCHFORT::WANDB: model: actor, step: 1084, train_loss: -0.123795
TORCHFORT::WANDB: model: actor, step: 1084, train_lr: 0.001
TORCHFORT::WANDB: model: alpha, step: 1084, train_loss: -2.9889
TORCHFORT::WANDB: model: alpha, step: 1084, train_lr: 0.0001
TORCHFORT::WANDB: model: critic_0, step: 1085, train_loss: 0.199508
TORCHFORT::WANDB: model: critic_0, step: 1085, train_lr: 0.001
TORCHFORT::WANDB: model: actor, step: 1085, train_loss: -0.08458
TORCHFORT::WANDB: model: actor, step: 1085, train_lr: 0.001
TORCHFORT::WANDB: model: alpha, step: 1085, train_loss: -2.9891
TORCHFORT::WANDB: model: alpha, step: 1085, train_lr: 0.0001
TORCHFORT::WANDB: model: critic_0, step: 1086, train_loss: 0.201671
TORCHFORT::WANDB: model: critic_0, step: 1086, train_lr: 0.001
TORCHFORT::WANDB: model: actor, step: 1086, train_loss: -0.0862994
TORCHFORT::WANDB: model: actor, step: 1086, train_lr: 0.001
TORCHFORT::WANDB: model: alpha, step: 1086, train_loss: -2.98528
TORCHFORT::WANDB: model: alpha, step: 1086, train_lr: 0.0001
TORCHFORT::WANDB: model: critic_0, step: 1087, train_loss: 0.207049
TORCHFORT::WANDB: model: critic_0, step: 1087, train_lr: 0.001
TORCHFORT::WANDB: model: actor, step: 1087, train_loss: -0.129379
TORCHFORT::WANDB: model: actor, step: 1087, train_lr: 0.001
TORCHFORT::WANDB: model: alpha, step: 1087, train_loss: -2.98707
TORCHFORT::WANDB: model: alpha, step: 1087, train_lr: 0.0001
TORCHFORT::WANDB: model: critic_0, step: 1088, train_loss: 0.200935
TORCHFORT::WANDB: model: critic_0, step: 1088, train_lr: 0.001
TORCHFORT::WANDB: model: actor, step: 1088, train_loss: -0.134791
TORCHFORT::WANDB: model: actor, step: 1088, train_lr: 0.001
TORCHFORT::WANDB: model: alpha, step: 1088, train_loss: -2.98754
TORCHFORT::WANDB: model: alpha, step: 1088, train_lr: 0.0001
TORCHFORT::WANDB: model: critic_0, step: 1089, train_loss: 0.218421
TORCHFORT::WANDB: model: critic_0, step: 1089, train_lr: 0.001
TORCHFORT::WANDB: model: actor, step: 1089, train_loss: -0.11977
TORCHFORT::WANDB: model: actor, step: 1089, train_lr: 0.001
TORCHFORT::WANDB: model: alpha, step: 1089, train_loss: -2.98908
TORCHFORT::WANDB: model: alpha, step: 1089, train_lr: 0.0001
TORCHFORT::WANDB: model: critic_0, step: 1090, train_loss: 0.202551
TORCHFORT::WANDB: model: critic_0, step: 1090, train_lr: 0.001
TORCHFORT::WANDB: model: actor, step: 1090, train_loss: -0.0759948
TORCHFORT::WANDB: model: actor, step: 1090, train_lr: 0.001
TORCHFORT::WANDB: model: alpha, step: 1090, train_loss: -2.98928
TORCHFORT::WANDB: model: alpha, step: 1090, train_lr: 0.0001
TORCHFORT::WANDB: model: critic_0, step: 1091, train_loss: 0.19918
TORCHFORT::WANDB: model: critic_0, step: 1091, train_lr: 0.001
TORCHFORT::WANDB: model: actor, step: 1091, train_loss: -0.111967
TORCHFORT::WANDB: model: actor, step: 1091, train_lr: 0.001
TORCHFORT::WANDB: model: alpha, step: 1091, train_loss: -2.98844
TORCHFORT::WANDB: model: alpha, step: 1091, train_lr: 0.0001
TORCHFORT::WANDB: model: critic_0, step: 1092, train_loss: 0.205937
TORCHFORT::WANDB: model: critic_0, step: 1092, train_lr: 0.001
TORCHFORT::WANDB: model: actor, step: 1092, train_loss: -0.153195
TORCHFORT::WANDB: model: actor, step: 1092, train_lr: 0.001
TORCHFORT::WANDB: model: alpha, step: 1092, train_loss: -2.9955
TORCHFORT::WANDB: model: alpha, step: 1092, train_lr: 0.0001
TORCHFORT::WANDB: model: critic_0, step: 1093, train_loss: 0.209985
TORCHFORT::WANDB: model: critic_0, step: 1093, train_lr: 0.001
TORCHFORT::WANDB: model: actor, step: 1093, train_loss: -0.137315
TORCHFORT::WANDB: model: actor, step: 1093, train_lr: 0.001
TORCHFORT::WANDB: model: alpha, step: 1093, train_loss: -2.98538
TORCHFORT::WANDB: model: alpha, step: 1093, train_lr: 0.0001
TORCHFORT::WANDB: model: critic_0, step: 1094, train_loss: 0.202464
TORCHFORT::WANDB: model: critic_0, step: 1094, train_lr: 0.001
TORCHFORT::WANDB: model: actor, step: 1094, train_loss: -0.100957
TORCHFORT::WANDB: model: actor, step: 1094, train_lr: 0.001
TORCHFORT::WANDB: model: alpha, step: 1094, train_loss: -2.99177
TORCHFORT::WANDB: model: alpha, step: 1094, train_lr: 0.0001
TORCHFORT::WANDB: model: critic_0, step: 1095, train_loss: 0.19906
TORCHFORT::WANDB: model: critic_0, step: 1095, train_lr: 0.001
TORCHFORT::WANDB: model: actor, step: 1095, train_loss: -0.123698
TORCHFORT::WANDB: model: actor, step: 1095, train_lr: 0.001
TORCHFORT::WANDB: model: alpha, step: 1095, train_loss: -2.99189
TORCHFORT::WANDB: model: alpha, step: 1095, train_lr: 0.0001
TORCHFORT::WANDB: model: critic_0, step: 1096, train_loss: 0.208173
TORCHFORT::WANDB: model: critic_0, step: 1096, train_lr: 0.001
TORCHFORT::WANDB: model: actor, step: 1096, train_loss: -0.145003
TORCHFORT::WANDB: model: actor, step: 1096, train_lr: 0.001
TORCHFORT::WANDB: model: alpha, step: 1096, train_loss: -2.99596
TORCHFORT::WANDB: model: alpha, step: 1096, train_lr: 0.0001
TORCHFORT::WANDB: model: critic_0, step: 1097, train_loss: 0.213542
TORCHFORT::WANDB: model: critic_0, step: 1097, train_lr: 0.001
TORCHFORT::WANDB: model: actor, step: 1097, train_loss: -0.12863
TORCHFORT::WANDB: model: actor, step: 1097, train_lr: 0.001
TORCHFORT::WANDB: model: alpha, step: 1097, train_loss: -2.99436
TORCHFORT::WANDB: model: alpha, step: 1097, train_lr: 0.0001
TORCHFORT::WANDB: model: critic_0, step: 1098, train_loss: 0.212631
TORCHFORT::WANDB: model: critic_0, step: 1098, train_lr: 0.001
TORCHFORT::WANDB: model: actor, step: 1098, train_loss: -0.116257
TORCHFORT::WANDB: model: actor, step: 1098, train_lr: 0.001
TORCHFORT::WANDB: model: alpha, step: 1098, train_loss: -2.99057
TORCHFORT::WANDB: model: alpha, step: 1098, train_lr: 0.0001
TORCHFORT::WANDB: model: critic_0, step: 1099, train_loss: 0.199847
TORCHFORT::WANDB: model: critic_0, step: 1099, train_lr: 0.001
TORCHFORT::WANDB: model: actor, step: 1099, train_loss: -0.128464
TORCHFORT::WANDB: model: actor, step: 1099, train_lr: 0.001
TORCHFORT::WANDB: model: alpha, step: 1099, train_loss: -2.99359
TORCHFORT::WANDB: model: alpha, step: 1099, train_lr: 0.0001
TORCHFORT::WANDB: model: critic_0, step: 1100, train_loss: 0.214859
TORCHFORT::WANDB: model: critic_0, step: 1100, train_lr: 0.001
TORCHFORT::WANDB: model: actor, step: 1100, train_loss: -0.142721
TORCHFORT::WANDB: model: actor, step: 1100, train_lr: 0.001
TORCHFORT::WANDB: model: alpha, step: 1100, train_loss: -2.99154
TORCHFORT::WANDB: model: alpha, step: 1100, train_lr: 0.0001
TORCHFORT::WANDB: model: rlwm, step: 65, reward_sum: 3505.68
TORCHFORT::WANDB: model: rlwm, step: 65, reward_sum: 3505.68
TORCHFORT::WANDB: model: rlwm, step: 65, reward_sum: 3505.68
TORCHFORT::WANDB: model: rlwm, step: 65, reward_sum: 3505.68
TORCHFORT::WANDB: model: critic_0, step: 1101, train_loss: 0.221567
TORCHFORT::WANDB: model: critic_0, step: 1101, train_lr: 0.001
TORCHFORT::WANDB: model: actor, step: 1101, train_loss: -0.123976
TORCHFORT::WANDB: model: actor, step: 1101, train_lr: 0.001
TORCHFORT::WANDB: model: alpha, step: 1101, train_loss: -2.99312
TORCHFORT::WANDB: model: alpha, step: 1101, train_lr: 0.0001
TORCHFORT::WANDB: model: critic_0, step: 1102, train_loss: 0.199962
TORCHFORT::WANDB: model: critic_0, step: 1102, train_lr: 0.001
TORCHFORT::WANDB: model: actor, step: 1102, train_loss: -0.110047
TORCHFORT::WANDB: model: actor, step: 1102, train_lr: 0.001
TORCHFORT::WANDB: model: alpha, step: 1102, train_loss: -2.99023
TORCHFORT::WANDB: model: alpha, step: 1102, train_lr: 0.0001
TORCHFORT::WANDB: model: critic_0, step: 1103, train_loss: 0.212717
TORCHFORT::WANDB: model: critic_0, step: 1103, train_lr: 0.001
TORCHFORT::WANDB: model: actor, step: 1103, train_loss: -0.130421
TORCHFORT::WANDB: model: actor, step: 1103, train_lr: 0.001
TORCHFORT::WANDB: model: alpha, step: 1103, train_loss: -2.99473
TORCHFORT::WANDB: model: alpha, step: 1103, train_lr: 0.0001
TORCHFORT::WANDB: model: critic_0, step: 1104, train_loss: 0.211728
TORCHFORT::WANDB: model: critic_0, step: 1104, train_lr: 0.001
TORCHFORT::WANDB: model: actor, step: 1104, train_loss: -0.159922
TORCHFORT::WANDB: model: actor, step: 1104, train_lr: 0.001
TORCHFORT::WANDB: model: alpha, step: 1104, train_loss: -2.993
TORCHFORT::WANDB: model: alpha, step: 1104, train_lr: 0.0001
TORCHFORT::WANDB: model: critic_0, step: 1105, train_loss: 0.211056
TORCHFORT::WANDB: model: critic_0, step: 1105, train_lr: 0.001
TORCHFORT::WANDB: model: actor, step: 1105, train_loss: -0.143886
TORCHFORT::WANDB: model: actor, step: 1105, train_lr: 0.001
TORCHFORT::WANDB: model: alpha, step: 1105, train_loss: -2.99832
TORCHFORT::WANDB: model: alpha, step: 1105, train_lr: 0.0001
TORCHFORT::WANDB: model: critic_0, step: 1106, train_loss: 0.218273
TORCHFORT::WANDB: model: critic_0, step: 1106, train_lr: 0.001
TORCHFORT::WANDB: model: actor, step: 1106, train_loss: -0.113473
TORCHFORT::WANDB: model: actor, step: 1106, train_lr: 0.001
TORCHFORT::WANDB: model: alpha, step: 1106, train_loss: -2.99269
TORCHFORT::WANDB: model: alpha, step: 1106, train_lr: 0.0001
TORCHFORT::WANDB: model: critic_0, step: 1107, train_loss: 0.208094
TORCHFORT::WANDB: model: critic_0, step: 1107, train_lr: 0.001
TORCHFORT::WANDB: model: actor, step: 1107, train_loss: -0.122645
TORCHFORT::WANDB: model: actor, step: 1107, train_lr: 0.001
TORCHFORT::WANDB: model: alpha, step: 1107, train_loss: -2.99677
TORCHFORT::WANDB: model: alpha, step: 1107, train_lr: 0.0001
TORCHFORT::WANDB: model: critic_0, step: 1108, train_loss: 0.228761
TORCHFORT::WANDB: model: critic_0, step: 1108, train_lr: 0.001
TORCHFORT::WANDB: model: actor, step: 1108, train_loss: -0.156047
TORCHFORT::WANDB: model: actor, step: 1108, train_lr: 0.001
TORCHFORT::WANDB: model: alpha, step: 1108, train_loss: -2.99308
TORCHFORT::WANDB: model: alpha, step: 1108, train_lr: 0.0001
TORCHFORT::WANDB: model: critic_0, step: 1109, train_loss: 0.220693
TORCHFORT::WANDB: model: critic_0, step: 1109, train_lr: 0.001
TORCHFORT::WANDB: model: actor, step: 1109, train_loss: -0.145218
TORCHFORT::WANDB: model: actor, step: 1109, train_lr: 0.001
TORCHFORT::WANDB: model: alpha, step: 1109, train_loss: -2.99597
TORCHFORT::WANDB: model: alpha, step: 1109, train_lr: 0.0001
TORCHFORT::WANDB: model: critic_0, step: 1110, train_loss: 0.21212
TORCHFORT::WANDB: model: critic_0, step: 1110, train_lr: 0.001
TORCHFORT::WANDB: model: actor, step: 1110, train_loss: -0.105601
TORCHFORT::WANDB: model: actor, step: 1110, train_lr: 0.001
TORCHFORT::WANDB: model: alpha, step: 1110, train_loss: -2.99235
TORCHFORT::WANDB: model: alpha, step: 1110, train_lr: 0.0001
TORCHFORT::WANDB: model: critic_0, step: 1111, train_loss: 0.221928
TORCHFORT::WANDB: model: critic_0, step: 1111, train_lr: 0.001
TORCHFORT::WANDB: model: actor, step: 1111, train_loss: -0.126792
TORCHFORT::WANDB: model: actor, step: 1111, train_lr: 0.001
TORCHFORT::WANDB: model: alpha, step: 1111, train_loss: -2.99361
TORCHFORT::WANDB: model: alpha, step: 1111, train_lr: 0.0001
TORCHFORT::WANDB: model: critic_0, step: 1112, train_loss: 0.226216
TORCHFORT::WANDB: model: critic_0, step: 1112, train_lr: 0.001
TORCHFORT::WANDB: model: actor, step: 1112, train_loss: -0.159474
TORCHFORT::WANDB: model: actor, step: 1112, train_lr: 0.001
TORCHFORT::WANDB: model: alpha, step: 1112, train_loss: -2.99612
TORCHFORT::WANDB: model: alpha, step: 1112, train_lr: 0.0001
TORCHFORT::WANDB: model: critic_0, step: 1113, train_loss: 0.210204
TORCHFORT::WANDB: model: critic_0, step: 1113, train_lr: 0.001
TORCHFORT::WANDB: model: actor, step: 1113, train_loss: -0.161412
TORCHFORT::WANDB: model: actor, step: 1113, train_lr: 0.001
TORCHFORT::WANDB: model: alpha, step: 1113, train_loss: -2.99604
TORCHFORT::WANDB: model: alpha, step: 1113, train_lr: 0.0001
TORCHFORT::WANDB: model: critic_0, step: 1114, train_loss: 0.229275
TORCHFORT::WANDB: model: critic_0, step: 1114, train_lr: 0.001
TORCHFORT::WANDB: model: actor, step: 1114, train_loss: -0.139347
TORCHFORT::WANDB: model: actor, step: 1114, train_lr: 0.001
TORCHFORT::WANDB: model: alpha, step: 1114, train_loss: -2.99505
TORCHFORT::WANDB: model: alpha, step: 1114, train_lr: 0.0001
TORCHFORT::WANDB: model: critic_0, step: 1115, train_loss: 0.215603
TORCHFORT::WANDB: model: critic_0, step: 1115, train_lr: 0.001
TORCHFORT::WANDB: model: actor, step: 1115, train_loss: -0.11975
TORCHFORT::WANDB: model: actor, step: 1115, train_lr: 0.001
TORCHFORT::WANDB: model: alpha, step: 1115, train_loss: -2.9996
TORCHFORT::WANDB: model: alpha, step: 1115, train_lr: 0.0001
TORCHFORT::WANDB: model: critic_0, step: 1116, train_loss: 0.212272
TORCHFORT::WANDB: model: critic_0, step: 1116, train_lr: 0.001
TORCHFORT::WANDB: model: actor, step: 1116, train_loss: -0.158965
TORCHFORT::WANDB: model: actor, step: 1116, train_lr: 0.001
TORCHFORT::WANDB: model: alpha, step: 1116, train_loss: -2.9966
TORCHFORT::WANDB: model: alpha, step: 1116, train_lr: 0.0001
TORCHFORT::WANDB: model: critic_0, step: 1117, train_loss: 0.220704
TORCHFORT::WANDB: model: critic_0, step: 1117, train_lr: 0.001
TORCHFORT::WANDB: model: actor, step: 1117, train_loss: -0.179557
TORCHFORT::WANDB: model: actor, step: 1117, train_lr: 0.001
TORCHFORT::WANDB: model: alpha, step: 1117, train_loss: -2.99985
TORCHFORT::WANDB: model: alpha, step: 1117, train_lr: 0.0001
TORCHFORT::WANDB: model: critic_0, step: 1118, train_loss: 0.211653
TORCHFORT::WANDB: model: critic_0, step: 1118, train_lr: 0.001
TORCHFORT::WANDB: model: actor, step: 1118, train_loss: -0.146822
TORCHFORT::WANDB: model: actor, step: 1118, train_lr: 0.001
TORCHFORT::WANDB: model: alpha, step: 1118, train_loss: -2.99387
TORCHFORT::WANDB: model: alpha, step: 1118, train_lr: 0.0001
TORCHFORT::WANDB: model: critic_0, step: 1119, train_loss: 0.212919
TORCHFORT::WANDB: model: critic_0, step: 1119, train_lr: 0.001
TORCHFORT::WANDB: model: actor, step: 1119, train_loss: -0.120435
TORCHFORT::WANDB: model: actor, step: 1119, train_lr: 0.001
TORCHFORT::WANDB: model: alpha, step: 1119, train_loss: -2.99867
TORCHFORT::WANDB: model: alpha, step: 1119, train_lr: 0.0001
TORCHFORT::WANDB: model: critic_0, step: 1120, train_loss: 0.214327
TORCHFORT::WANDB: model: critic_0, step: 1120, train_lr: 0.001
TORCHFORT::WANDB: model: actor, step: 1120, train_loss: -0.137475
TORCHFORT::WANDB: model: actor, step: 1120, train_lr: 0.001
TORCHFORT::WANDB: model: alpha, step: 1120, train_loss: -2.99204
TORCHFORT::WANDB: model: alpha, step: 1120, train_lr: 0.0001
TORCHFORT::WANDB: model: rlwm, step: 66, reward_sum: 3062.88
TORCHFORT::WANDB: model: rlwm, step: 66, reward_sum: 3062.88
TORCHFORT::WANDB: model: rlwm, step: 66, reward_sum: 3062.88
TORCHFORT::WANDB: model: rlwm, step: 66, reward_sum: 3062.88
TORCHFORT::WANDB: model: critic_0, step: 1121, train_loss: 0.223376
TORCHFORT::WANDB: model: critic_0, step: 1121, train_lr: 0.001
TORCHFORT::WANDB: model: actor, step: 1121, train_loss: -0.155579
TORCHFORT::WANDB: model: actor, step: 1121, train_lr: 0.001
TORCHFORT::WANDB: model: alpha, step: 1121, train_loss: -2.9959
TORCHFORT::WANDB: model: alpha, step: 1121, train_lr: 0.0001
TORCHFORT::WANDB: model: critic_0, step: 1122, train_loss: 0.227125
TORCHFORT::WANDB: model: critic_0, step: 1122, train_lr: 0.001
TORCHFORT::WANDB: model: actor, step: 1122, train_loss: -0.169245
TORCHFORT::WANDB: model: actor, step: 1122, train_lr: 0.001
TORCHFORT::WANDB: model: alpha, step: 1122, train_loss: -2.99701
TORCHFORT::WANDB: model: alpha, step: 1122, train_lr: 0.0001
TORCHFORT::WANDB: model: critic_0, step: 1123, train_loss: 0.230586
TORCHFORT::WANDB: model: critic_0, step: 1123, train_lr: 0.001
TORCHFORT::WANDB: model: actor, step: 1123, train_loss: -0.152471
TORCHFORT::WANDB: model: actor, step: 1123, train_lr: 0.001
TORCHFORT::WANDB: model: alpha, step: 1123, train_loss: -2.99893
TORCHFORT::WANDB: model: alpha, step: 1123, train_lr: 0.0001
TORCHFORT::WANDB: model: critic_0, step: 1124, train_loss: 0.231126
TORCHFORT::WANDB: model: critic_0, step: 1124, train_lr: 0.001
TORCHFORT::WANDB: model: actor, step: 1124, train_loss: -0.139407
TORCHFORT::WANDB: model: actor, step: 1124, train_lr: 0.001
TORCHFORT::WANDB: model: alpha, step: 1124, train_loss: -3.00282
TORCHFORT::WANDB: model: alpha, step: 1124, train_lr: 0.0001
TORCHFORT::WANDB: model: critic_0, step: 1125, train_loss: 0.225393
TORCHFORT::WANDB: model: critic_0, step: 1125, train_lr: 0.001
TORCHFORT::WANDB: model: actor, step: 1125, train_loss: -0.154687
TORCHFORT::WANDB: model: actor, step: 1125, train_lr: 0.001
TORCHFORT::WANDB: model: alpha, step: 1125, train_loss: -3.00009
TORCHFORT::WANDB: model: alpha, step: 1125, train_lr: 0.0001
TORCHFORT::WANDB: model: critic_0, step: 1126, train_loss: 0.238541
TORCHFORT::WANDB: model: critic_0, step: 1126, train_lr: 0.001
TORCHFORT::WANDB: model: actor, step: 1126, train_loss: -0.189538
TORCHFORT::WANDB: model: actor, step: 1126, train_lr: 0.001
TORCHFORT::WANDB: model: alpha, step: 1126, train_loss: -2.99933
TORCHFORT::WANDB: model: alpha, step: 1126, train_lr: 0.0001
TORCHFORT::WANDB: model: critic_0, step: 1127, train_loss: 0.230136
TORCHFORT::WANDB: model: critic_0, step: 1127, train_lr: 0.001
TORCHFORT::WANDB: model: actor, step: 1127, train_loss: -0.161629
TORCHFORT::WANDB: model: actor, step: 1127, train_lr: 0.001
TORCHFORT::WANDB: model: alpha, step: 1127, train_loss: -3.00135
TORCHFORT::WANDB: model: alpha, step: 1127, train_lr: 0.0001
TORCHFORT::WANDB: model: critic_0, step: 1128, train_loss: 0.228542
TORCHFORT::WANDB: model: critic_0, step: 1128, train_lr: 0.001
TORCHFORT::WANDB: model: actor, step: 1128, train_loss: -0.135223
TORCHFORT::WANDB: model: actor, step: 1128, train_lr: 0.001
TORCHFORT::WANDB: model: alpha, step: 1128, train_loss: -3.00238
TORCHFORT::WANDB: model: alpha, step: 1128, train_lr: 0.0001
TORCHFORT::WANDB: model: critic_0, step: 1129, train_loss: 0.23308
TORCHFORT::WANDB: model: critic_0, step: 1129, train_lr: 0.001
TORCHFORT::WANDB: model: actor, step: 1129, train_loss: -0.149899
TORCHFORT::WANDB: model: actor, step: 1129, train_lr: 0.001
TORCHFORT::WANDB: model: alpha, step: 1129, train_loss: -3.00259
TORCHFORT::WANDB: model: alpha, step: 1129, train_lr: 0.0001
TORCHFORT::WANDB: model: critic_0, step: 1130, train_loss: 0.234233
TORCHFORT::WANDB: model: critic_0, step: 1130, train_lr: 0.001
TORCHFORT::WANDB: model: actor, step: 1130, train_loss: -0.195532
TORCHFORT::WANDB: model: actor, step: 1130, train_lr: 0.001
TORCHFORT::WANDB: model: alpha, step: 1130, train_loss: -3.00366
TORCHFORT::WANDB: model: alpha, step: 1130, train_lr: 0.0001
TORCHFORT::WANDB: model: critic_0, step: 1131, train_loss: 0.244312
TORCHFORT::WANDB: model: critic_0, step: 1131, train_lr: 0.001
TORCHFORT::WANDB: model: actor, step: 1131, train_loss: -0.192439
TORCHFORT::WANDB: model: actor, step: 1131, train_lr: 0.001
TORCHFORT::WANDB: model: alpha, step: 1131, train_loss: -3.00536
TORCHFORT::WANDB: model: alpha, step: 1131, train_lr: 0.0001
TORCHFORT::WANDB: model: critic_0, step: 1132, train_loss: 0.254405
TORCHFORT::WANDB: model: critic_0, step: 1132, train_lr: 0.001
TORCHFORT::WANDB: model: actor, step: 1132, train_loss: -0.144499
TORCHFORT::WANDB: model: actor, step: 1132, train_lr: 0.001
TORCHFORT::WANDB: model: alpha, step: 1132, train_loss: -3.00228
TORCHFORT::WANDB: model: alpha, step: 1132, train_lr: 0.0001
TORCHFORT::WANDB: model: critic_0, step: 1133, train_loss: 0.237074
TORCHFORT::WANDB: model: critic_0, step: 1133, train_lr: 0.001
TORCHFORT::WANDB: model: actor, step: 1133, train_loss: -0.140121
TORCHFORT::WANDB: model: actor, step: 1133, train_lr: 0.001
TORCHFORT::WANDB: model: alpha, step: 1133, train_loss: -3.00625
TORCHFORT::WANDB: model: alpha, step: 1133, train_lr: 0.0001
TORCHFORT::WANDB: model: critic_0, step: 1134, train_loss: 0.253775
TORCHFORT::WANDB: model: critic_0, step: 1134, train_lr: 0.001
TORCHFORT::WANDB: model: actor, step: 1134, train_loss: -0.160669
TORCHFORT::WANDB: model: actor, step: 1134, train_lr: 0.001
TORCHFORT::WANDB: model: alpha, step: 1134, train_loss: -3.00444
TORCHFORT::WANDB: model: alpha, step: 1134, train_lr: 0.0001
TORCHFORT::WANDB: model: critic_0, step: 1135, train_loss: 0.226453
TORCHFORT::WANDB: model: critic_0, step: 1135, train_lr: 0.001
TORCHFORT::WANDB: model: actor, step: 1135, train_loss: -0.182447
TORCHFORT::WANDB: model: actor, step: 1135, train_lr: 0.001
TORCHFORT::WANDB: model: alpha, step: 1135, train_loss: -3.00174
TORCHFORT::WANDB: model: alpha, step: 1135, train_lr: 0.0001
TORCHFORT::WANDB: model: critic_0, step: 1136, train_loss: 0.247193
TORCHFORT::WANDB: model: critic_0, step: 1136, train_lr: 0.001
TORCHFORT::WANDB: model: actor, step: 1136, train_loss: -0.171075
TORCHFORT::WANDB: model: actor, step: 1136, train_lr: 0.001
TORCHFORT::WANDB: model: alpha, step: 1136, train_loss: -3.00571
TORCHFORT::WANDB: model: alpha, step: 1136, train_lr: 0.0001
TORCHFORT::WANDB: model: critic_0, step: 1137, train_loss: 0.224467
TORCHFORT::WANDB: model: critic_0, step: 1137, train_lr: 0.001
TORCHFORT::WANDB: model: actor, step: 1137, train_loss: -0.164773
TORCHFORT::WANDB: model: actor, step: 1137, train_lr: 0.001
TORCHFORT::WANDB: model: alpha, step: 1137, train_loss: -3.00263
TORCHFORT::WANDB: model: alpha, step: 1137, train_lr: 0.0001
TORCHFORT::WANDB: model: critic_0, step: 1138, train_loss: 0.216167
TORCHFORT::WANDB: model: critic_0, step: 1138, train_lr: 0.001
TORCHFORT::WANDB: model: actor, step: 1138, train_loss: -0.175557
TORCHFORT::WANDB: model: actor, step: 1138, train_lr: 0.001
TORCHFORT::WANDB: model: alpha, step: 1138, train_loss: -3.00803
TORCHFORT::WANDB: model: alpha, step: 1138, train_lr: 0.0001
TORCHFORT::WANDB: model: critic_0, step: 1139, train_loss: 0.201926
TORCHFORT::WANDB: model: critic_0, step: 1139, train_lr: 0.001
TORCHFORT::WANDB: model: actor, step: 1139, train_loss: -0.169359
TORCHFORT::WANDB: model: actor, step: 1139, train_lr: 0.001
TORCHFORT::WANDB: model: alpha, step: 1139, train_loss: -3.00127
TORCHFORT::WANDB: model: alpha, step: 1139, train_lr: 0.0001
TORCHFORT::WANDB: model: critic_0, step: 1140, train_loss: 0.229528
TORCHFORT::WANDB: model: critic_0, step: 1140, train_lr: 0.001
TORCHFORT::WANDB: model: actor, step: 1140, train_loss: -0.171658
TORCHFORT::WANDB: model: actor, step: 1140, train_lr: 0.001
TORCHFORT::WANDB: model: alpha, step: 1140, train_loss: -3.00154
TORCHFORT::WANDB: model: alpha, step: 1140, train_lr: 0.0001
TORCHFORT::WANDB: model: rlwm, step: 67, reward_sum: 3429.74
TORCHFORT::WANDB: model: rlwm, step: 67, reward_sum: 3429.74
TORCHFORT::WANDB: model: rlwm, step: 67, reward_sum: 3429.74
TORCHFORT::WANDB: model: rlwm, step: 67, reward_sum: 3429.74
TORCHFORT::WANDB: model: critic_0, step: 1141, train_loss: 0.23082
TORCHFORT::WANDB: model: critic_0, step: 1141, train_lr: 0.001
TORCHFORT::WANDB: model: actor, step: 1141, train_loss: -0.180517
TORCHFORT::WANDB: model: actor, step: 1141, train_lr: 0.001
TORCHFORT::WANDB: model: alpha, step: 1141, train_loss: -3.00419
TORCHFORT::WANDB: model: alpha, step: 1141, train_lr: 0.0001
TORCHFORT::WANDB: model: critic_0, step: 1142, train_loss: 0.226305
TORCHFORT::WANDB: model: critic_0, step: 1142, train_lr: 0.001
TORCHFORT::WANDB: model: actor, step: 1142, train_loss: -0.196011
TORCHFORT::WANDB: model: actor, step: 1142, train_lr: 0.001
TORCHFORT::WANDB: model: alpha, step: 1142, train_loss: -3.00634
TORCHFORT::WANDB: model: alpha, step: 1142, train_lr: 0.0001
TORCHFORT::WANDB: model: critic_0, step: 1143, train_loss: 0.232067
TORCHFORT::WANDB: model: critic_0, step: 1143, train_lr: 0.001
TORCHFORT::WANDB: model: actor, step: 1143, train_loss: -0.172112
TORCHFORT::WANDB: model: actor, step: 1143, train_lr: 0.001
TORCHFORT::WANDB: model: alpha, step: 1143, train_loss: -3.00629
TORCHFORT::WANDB: model: alpha, step: 1143, train_lr: 0.0001
TORCHFORT::WANDB: model: critic_0, step: 1144, train_loss: 0.242893
TORCHFORT::WANDB: model: critic_0, step: 1144, train_lr: 0.001
TORCHFORT::WANDB: model: actor, step: 1144, train_loss: -0.156679
TORCHFORT::WANDB: model: actor, step: 1144, train_lr: 0.001
TORCHFORT::WANDB: model: alpha, step: 1144, train_loss: -3.0038
TORCHFORT::WANDB: model: alpha, step: 1144, train_lr: 0.0001
TORCHFORT::WANDB: model: critic_0, step: 1145, train_loss: 0.236504
TORCHFORT::WANDB: model: critic_0, step: 1145, train_lr: 0.001
TORCHFORT::WANDB: model: actor, step: 1145, train_loss: -0.168279
TORCHFORT::WANDB: model: actor, step: 1145, train_lr: 0.001
TORCHFORT::WANDB: model: alpha, step: 1145, train_loss: -3.00562
TORCHFORT::WANDB: model: alpha, step: 1145, train_lr: 0.0001
TORCHFORT::WANDB: model: critic_0, step: 1146, train_loss: 0.267499
TORCHFORT::WANDB: model: critic_0, step: 1146, train_lr: 0.001
TORCHFORT::WANDB: model: actor, step: 1146, train_loss: -0.194348
TORCHFORT::WANDB: model: actor, step: 1146, train_lr: 0.001
TORCHFORT::WANDB: model: alpha, step: 1146, train_loss: -3.00436
TORCHFORT::WANDB: model: alpha, step: 1146, train_lr: 0.0001
TORCHFORT::WANDB: model: critic_0, step: 1147, train_loss: 0.237429
TORCHFORT::WANDB: model: critic_0, step: 1147, train_lr: 0.001
TORCHFORT::WANDB: model: actor, step: 1147, train_loss: -0.183548
TORCHFORT::WANDB: model: actor, step: 1147, train_lr: 0.001
TORCHFORT::WANDB: model: alpha, step: 1147, train_loss: -3.00888
TORCHFORT::WANDB: model: alpha, step: 1147, train_lr: 0.0001
TORCHFORT::WANDB: model: critic_0, step: 1148, train_loss: 0.239231
TORCHFORT::WANDB: model: critic_0, step: 1148, train_lr: 0.001
TORCHFORT::WANDB: model: actor, step: 1148, train_loss: -0.165569
TORCHFORT::WANDB: model: actor, step: 1148, train_lr: 0.001
TORCHFORT::WANDB: model: alpha, step: 1148, train_loss: -3.0045
TORCHFORT::WANDB: model: alpha, step: 1148, train_lr: 0.0001
TORCHFORT::WANDB: model: critic_0, step: 1149, train_loss: 0.258499
TORCHFORT::WANDB: model: critic_0, step: 1149, train_lr: 0.001
TORCHFORT::WANDB: model: actor, step: 1149, train_loss: -0.184245
TORCHFORT::WANDB: model: actor, step: 1149, train_lr: 0.001
TORCHFORT::WANDB: model: alpha, step: 1149, train_loss: -3.00544
TORCHFORT::WANDB: model: alpha, step: 1149, train_lr: 0.0001
TORCHFORT::WANDB: model: critic_0, step: 1150, train_loss: 0.254129
TORCHFORT::WANDB: model: critic_0, step: 1150, train_lr: 0.001
TORCHFORT::WANDB: model: actor, step: 1150, train_loss: -0.188678
TORCHFORT::WANDB: model: actor, step: 1150, train_lr: 0.001
TORCHFORT::WANDB: model: alpha, step: 1150, train_loss: -3.00081
TORCHFORT::WANDB: model: alpha, step: 1150, train_lr: 0.0001
TORCHFORT::WANDB: model: critic_0, step: 1151, train_loss: 0.241964
TORCHFORT::WANDB: model: critic_0, step: 1151, train_lr: 0.001
TORCHFORT::WANDB: model: actor, step: 1151, train_loss: -0.175577
TORCHFORT::WANDB: model: actor, step: 1151, train_lr: 0.001
TORCHFORT::WANDB: model: alpha, step: 1151, train_loss: -3.00504
TORCHFORT::WANDB: model: alpha, step: 1151, train_lr: 0.0001
TORCHFORT::WANDB: model: critic_0, step: 1152, train_loss: 0.250166
TORCHFORT::WANDB: model: critic_0, step: 1152, train_lr: 0.001
TORCHFORT::WANDB: model: actor, step: 1152, train_loss: -0.173082
TORCHFORT::WANDB: model: actor, step: 1152, train_lr: 0.001
TORCHFORT::WANDB: model: alpha, step: 1152, train_loss: -3.00437
TORCHFORT::WANDB: model: alpha, step: 1152, train_lr: 0.0001
TORCHFORT::WANDB: model: critic_0, step: 1153, train_loss: 0.242108
TORCHFORT::WANDB: model: critic_0, step: 1153, train_lr: 0.001
TORCHFORT::WANDB: model: actor, step: 1153, train_loss: -0.182344
TORCHFORT::WANDB: model: actor, step: 1153, train_lr: 0.001
TORCHFORT::WANDB: model: alpha, step: 1153, train_loss: -3.00814
TORCHFORT::WANDB: model: alpha, step: 1153, train_lr: 0.0001
TORCHFORT::WANDB: model: critic_0, step: 1154, train_loss: 0.245733
TORCHFORT::WANDB: model: critic_0, step: 1154, train_lr: 0.001
TORCHFORT::WANDB: model: actor, step: 1154, train_loss: -0.200811
TORCHFORT::WANDB: model: actor, step: 1154, train_lr: 0.001
TORCHFORT::WANDB: model: alpha, step: 1154, train_loss: -3.00504
TORCHFORT::WANDB: model: alpha, step: 1154, train_lr: 0.0001
TORCHFORT::WANDB: model: critic_0, step: 1155, train_loss: 0.24468
TORCHFORT::WANDB: model: critic_0, step: 1155, train_lr: 0.001
TORCHFORT::WANDB: model: actor, step: 1155, train_loss: -0.187383
TORCHFORT::WANDB: model: actor, step: 1155, train_lr: 0.001
TORCHFORT::WANDB: model: alpha, step: 1155, train_loss: -3.004
TORCHFORT::WANDB: model: alpha, step: 1155, train_lr: 0.0001
TORCHFORT::WANDB: model: critic_0, step: 1156, train_loss: 0.232477
TORCHFORT::WANDB: model: critic_0, step: 1156, train_lr: 0.001
TORCHFORT::WANDB: model: actor, step: 1156, train_loss: -0.176703
TORCHFORT::WANDB: model: actor, step: 1156, train_lr: 0.001
TORCHFORT::WANDB: model: alpha, step: 1156, train_loss: -3.00915
TORCHFORT::WANDB: model: alpha, step: 1156, train_lr: 0.0001
TORCHFORT::WANDB: model: critic_0, step: 1157, train_loss: 0.250938
TORCHFORT::WANDB: model: critic_0, step: 1157, train_lr: 0.001
TORCHFORT::WANDB: model: actor, step: 1157, train_loss: -0.172988
TORCHFORT::WANDB: model: actor, step: 1157, train_lr: 0.001
TORCHFORT::WANDB: model: alpha, step: 1157, train_loss: -3.00794
TORCHFORT::WANDB: model: alpha, step: 1157, train_lr: 0.0001
TORCHFORT::WANDB: model: critic_0, step: 1158, train_loss: 0.229576
TORCHFORT::WANDB: model: critic_0, step: 1158, train_lr: 0.001
TORCHFORT::WANDB: model: actor, step: 1158, train_loss: -0.199951
TORCHFORT::WANDB: model: actor, step: 1158, train_lr: 0.001
TORCHFORT::WANDB: model: alpha, step: 1158, train_loss: -3.00854
TORCHFORT::WANDB: model: alpha, step: 1158, train_lr: 0.0001
TORCHFORT::WANDB: model: critic_0, step: 1159, train_loss: 0.252733
TORCHFORT::WANDB: model: critic_0, step: 1159, train_lr: 0.001
TORCHFORT::WANDB: model: actor, step: 1159, train_loss: -0.207579
TORCHFORT::WANDB: model: actor, step: 1159, train_lr: 0.001
TORCHFORT::WANDB: model: alpha, step: 1159, train_loss: -3.01018
TORCHFORT::WANDB: model: alpha, step: 1159, train_lr: 0.0001
TORCHFORT::WANDB: model: critic_0, step: 1160, train_loss: 0.245837
TORCHFORT::WANDB: model: critic_0, step: 1160, train_lr: 0.001
TORCHFORT::WANDB: model: actor, step: 1160, train_loss: -0.180761
TORCHFORT::WANDB: model: actor, step: 1160, train_lr: 0.001
TORCHFORT::WANDB: model: alpha, step: 1160, train_loss: -3.01256
TORCHFORT::WANDB: model: alpha, step: 1160, train_lr: 0.0001
TORCHFORT::WANDB: model: rlwm, step: 68, reward_sum: 2420.11
TORCHFORT::WANDB: model: rlwm, step: 68, reward_sum: 2420.11
TORCHFORT::WANDB: model: rlwm, step: 68, reward_sum: 2420.11
TORCHFORT::WANDB: model: rlwm, step: 68, reward_sum: 2420.11
TORCHFORT::WANDB: model: critic_0, step: 1161, train_loss: 0.264947
TORCHFORT::WANDB: model: critic_0, step: 1161, train_lr: 0.001
TORCHFORT::WANDB: model: actor, step: 1161, train_loss: -0.180391
TORCHFORT::WANDB: model: actor, step: 1161, train_lr: 0.001
TORCHFORT::WANDB: model: alpha, step: 1161, train_loss: -3.01176
TORCHFORT::WANDB: model: alpha, step: 1161, train_lr: 0.0001
TORCHFORT::WANDB: model: critic_0, step: 1162, train_loss: 0.265351
TORCHFORT::WANDB: model: critic_0, step: 1162, train_lr: 0.001
TORCHFORT::WANDB: model: actor, step: 1162, train_loss: -0.213999
TORCHFORT::WANDB: model: actor, step: 1162, train_lr: 0.001
TORCHFORT::WANDB: model: alpha, step: 1162, train_loss: -3.01065
TORCHFORT::WANDB: model: alpha, step: 1162, train_lr: 0.0001
TORCHFORT::WANDB: model: critic_0, step: 1163, train_loss: 0.254927
TORCHFORT::WANDB: model: critic_0, step: 1163, train_lr: 0.001
TORCHFORT::WANDB: model: actor, step: 1163, train_loss: -0.213025
TORCHFORT::WANDB: model: actor, step: 1163, train_lr: 0.001
TORCHFORT::WANDB: model: alpha, step: 1163, train_loss: -3.01156
TORCHFORT::WANDB: model: alpha, step: 1163, train_lr: 0.0001
TORCHFORT::WANDB: model: critic_0, step: 1164, train_loss: 0.268864
TORCHFORT::WANDB: model: critic_0, step: 1164, train_lr: 0.001
TORCHFORT::WANDB: model: actor, step: 1164, train_loss: -0.171795
TORCHFORT::WANDB: model: actor, step: 1164, train_lr: 0.001
TORCHFORT::WANDB: model: alpha, step: 1164, train_loss: -3.01229
TORCHFORT::WANDB: model: alpha, step: 1164, train_lr: 0.0001
TORCHFORT::WANDB: model: critic_0, step: 1165, train_loss: 0.27654
TORCHFORT::WANDB: model: critic_0, step: 1165, train_lr: 0.001
TORCHFORT::WANDB: model: actor, step: 1165, train_loss: -0.196464
TORCHFORT::WANDB: model: actor, step: 1165, train_lr: 0.001
TORCHFORT::WANDB: model: alpha, step: 1165, train_loss: -3.01052
TORCHFORT::WANDB: model: alpha, step: 1165, train_lr: 0.0001
TORCHFORT::WANDB: model: critic_0, step: 1166, train_loss: 0.245097
TORCHFORT::WANDB: model: critic_0, step: 1166, train_lr: 0.001
TORCHFORT::WANDB: model: actor, step: 1166, train_loss: -0.212169
TORCHFORT::WANDB: model: actor, step: 1166, train_lr: 0.001
TORCHFORT::WANDB: model: alpha, step: 1166, train_loss: -3.01001
TORCHFORT::WANDB: model: alpha, step: 1166, train_lr: 0.0001
TORCHFORT::WANDB: model: critic_0, step: 1167, train_loss: 0.252553
TORCHFORT::WANDB: model: critic_0, step: 1167, train_lr: 0.001
TORCHFORT::WANDB: model: actor, step: 1167, train_loss: -0.192392
TORCHFORT::WANDB: model: actor, step: 1167, train_lr: 0.001
TORCHFORT::WANDB: model: alpha, step: 1167, train_loss: -3.00847
TORCHFORT::WANDB: model: alpha, step: 1167, train_lr: 0.0001
TORCHFORT::WANDB: model: critic_0, step: 1168, train_loss: 0.284486
TORCHFORT::WANDB: model: critic_0, step: 1168, train_lr: 0.001
TORCHFORT::WANDB: model: actor, step: 1168, train_loss: -0.174025
TORCHFORT::WANDB: model: actor, step: 1168, train_lr: 0.001
TORCHFORT::WANDB: model: alpha, step: 1168, train_loss: -3.01189
TORCHFORT::WANDB: model: alpha, step: 1168, train_lr: 0.0001
TORCHFORT::WANDB: model: critic_0, step: 1169, train_loss: 0.252034
TORCHFORT::WANDB: model: critic_0, step: 1169, train_lr: 0.001
TORCHFORT::WANDB: model: actor, step: 1169, train_loss: -0.193867
TORCHFORT::WANDB: model: actor, step: 1169, train_lr: 0.001
TORCHFORT::WANDB: model: alpha, step: 1169, train_loss: -3.00988
TORCHFORT::WANDB: model: alpha, step: 1169, train_lr: 0.0001
TORCHFORT::WANDB: model: critic_0, step: 1170, train_loss: 0.246964
TORCHFORT::WANDB: model: critic_0, step: 1170, train_lr: 0.001
TORCHFORT::WANDB: model: actor, step: 1170, train_loss: -0.221894
TORCHFORT::WANDB: model: actor, step: 1170, train_lr: 0.001
TORCHFORT::WANDB: model: alpha, step: 1170, train_loss: -3.01035
TORCHFORT::WANDB: model: alpha, step: 1170, train_lr: 0.0001
TORCHFORT::WANDB: model: critic_0, step: 1171, train_loss: 0.272964
TORCHFORT::WANDB: model: critic_0, step: 1171, train_lr: 0.001
TORCHFORT::WANDB: model: actor, step: 1171, train_loss: -0.188493
TORCHFORT::WANDB: model: actor, step: 1171, train_lr: 0.001
TORCHFORT::WANDB: model: alpha, step: 1171, train_loss: -3.01372
TORCHFORT::WANDB: model: alpha, step: 1171, train_lr: 0.0001
TORCHFORT::WANDB: model: critic_0, step: 1172, train_loss: 0.242107
TORCHFORT::WANDB: model: critic_0, step: 1172, train_lr: 0.001
TORCHFORT::WANDB: model: actor, step: 1172, train_loss: -0.186552
TORCHFORT::WANDB: model: actor, step: 1172, train_lr: 0.001
TORCHFORT::WANDB: model: alpha, step: 1172, train_loss: -3.01449
TORCHFORT::WANDB: model: alpha, step: 1172, train_lr: 0.0001
TORCHFORT::WANDB: model: critic_0, step: 1173, train_loss: 0.247873
TORCHFORT::WANDB: model: critic_0, step: 1173, train_lr: 0.001
TORCHFORT::WANDB: model: actor, step: 1173, train_loss: -0.214482
TORCHFORT::WANDB: model: actor, step: 1173, train_lr: 0.001
TORCHFORT::WANDB: model: alpha, step: 1173, train_loss: -3.0135
TORCHFORT::WANDB: model: alpha, step: 1173, train_lr: 0.0001
TORCHFORT::WANDB: model: critic_0, step: 1174, train_loss: 0.244592
TORCHFORT::WANDB: model: critic_0, step: 1174, train_lr: 0.001
TORCHFORT::WANDB: model: actor, step: 1174, train_loss: -0.210091
TORCHFORT::WANDB: model: actor, step: 1174, train_lr: 0.001
TORCHFORT::WANDB: model: alpha, step: 1174, train_loss: -3.01641
TORCHFORT::WANDB: model: alpha, step: 1174, train_lr: 0.0001
TORCHFORT::WANDB: model: critic_0, step: 1175, train_loss: 0.246866
TORCHFORT::WANDB: model: critic_0, step: 1175, train_lr: 0.001
TORCHFORT::WANDB: model: actor, step: 1175, train_loss: -0.188773
TORCHFORT::WANDB: model: actor, step: 1175, train_lr: 0.001
TORCHFORT::WANDB: model: alpha, step: 1175, train_loss: -3.01235
TORCHFORT::WANDB: model: alpha, step: 1175, train_lr: 0.0001
TORCHFORT::WANDB: model: critic_0, step: 1176, train_loss: 0.26097
TORCHFORT::WANDB: model: critic_0, step: 1176, train_lr: 0.001
TORCHFORT::WANDB: model: actor, step: 1176, train_loss: -0.185235
TORCHFORT::WANDB: model: actor, step: 1176, train_lr: 0.001
TORCHFORT::WANDB: model: alpha, step: 1176, train_loss: -3.01154
TORCHFORT::WANDB: model: alpha, step: 1176, train_lr: 0.0001
TORCHFORT::WANDB: model: critic_0, step: 1177, train_loss: 0.270962
TORCHFORT::WANDB: model: critic_0, step: 1177, train_lr: 0.001
TORCHFORT::WANDB: model: actor, step: 1177, train_loss: -0.243957
TORCHFORT::WANDB: model: actor, step: 1177, train_lr: 0.001
TORCHFORT::WANDB: model: alpha, step: 1177, train_loss: -3.01461
TORCHFORT::WANDB: model: alpha, step: 1177, train_lr: 0.0001
TORCHFORT::WANDB: model: critic_0, step: 1178, train_loss: 0.272277
TORCHFORT::WANDB: model: critic_0, step: 1178, train_lr: 0.001
TORCHFORT::WANDB: model: actor, step: 1178, train_loss: -0.221994
TORCHFORT::WANDB: model: actor, step: 1178, train_lr: 0.001
TORCHFORT::WANDB: model: alpha, step: 1178, train_loss: -3.01405
TORCHFORT::WANDB: model: alpha, step: 1178, train_lr: 0.0001
TORCHFORT::WANDB: model: critic_0, step: 1179, train_loss: 0.261682
TORCHFORT::WANDB: model: critic_0, step: 1179, train_lr: 0.001
TORCHFORT::WANDB: model: actor, step: 1179, train_loss: -0.178992
TORCHFORT::WANDB: model: actor, step: 1179, train_lr: 0.001
TORCHFORT::WANDB: model: alpha, step: 1179, train_loss: -3.01674
TORCHFORT::WANDB: model: alpha, step: 1179, train_lr: 0.0001
TORCHFORT::WANDB: model: critic_0, step: 1180, train_loss: 0.283497
TORCHFORT::WANDB: model: critic_0, step: 1180, train_lr: 0.001
TORCHFORT::WANDB: model: actor, step: 1180, train_loss: -0.19319
TORCHFORT::WANDB: model: actor, step: 1180, train_lr: 0.001
TORCHFORT::WANDB: model: alpha, step: 1180, train_loss: -3.02002
TORCHFORT::WANDB: model: alpha, step: 1180, train_lr: 0.0001
TORCHFORT::WANDB: model: rlwm, step: 69, reward_sum: 2455.27
TORCHFORT::WANDB: model: rlwm, step: 69, reward_sum: 2455.27
TORCHFORT::WANDB: model: rlwm, step: 69, reward_sum: 2455.27
TORCHFORT::WANDB: model: rlwm, step: 69, reward_sum: 2455.27
TORCHFORT::WANDB: model: critic_0, step: 1181, train_loss: 0.26708
TORCHFORT::WANDB: model: critic_0, step: 1181, train_lr: 0.001
TORCHFORT::WANDB: model: actor, step: 1181, train_loss: -0.22331
TORCHFORT::WANDB: model: actor, step: 1181, train_lr: 0.001
TORCHFORT::WANDB: model: alpha, step: 1181, train_loss: -3.01669
TORCHFORT::WANDB: model: alpha, step: 1181, train_lr: 0.0001
TORCHFORT::WANDB: model: critic_0, step: 1182, train_loss: 0.275343
TORCHFORT::WANDB: model: critic_0, step: 1182, train_lr: 0.001
TORCHFORT::WANDB: model: actor, step: 1182, train_loss: -0.216038
TORCHFORT::WANDB: model: actor, step: 1182, train_lr: 0.001
TORCHFORT::WANDB: model: alpha, step: 1182, train_loss: -3.01753
TORCHFORT::WANDB: model: alpha, step: 1182, train_lr: 0.0001
TORCHFORT::WANDB: model: critic_0, step: 1183, train_loss: 0.283506
TORCHFORT::WANDB: model: critic_0, step: 1183, train_lr: 0.001
TORCHFORT::WANDB: model: actor, step: 1183, train_loss: -0.198071
TORCHFORT::WANDB: model: actor, step: 1183, train_lr: 0.001
TORCHFORT::WANDB: model: alpha, step: 1183, train_loss: -3.01357
TORCHFORT::WANDB: model: alpha, step: 1183, train_lr: 0.0001
TORCHFORT::WANDB: model: critic_0, step: 1184, train_loss: 0.258797
TORCHFORT::WANDB: model: critic_0, step: 1184, train_lr: 0.001
TORCHFORT::WANDB: model: actor, step: 1184, train_loss: -0.210518
TORCHFORT::WANDB: model: actor, step: 1184, train_lr: 0.001
TORCHFORT::WANDB: model: alpha, step: 1184, train_loss: -3.01579
TORCHFORT::WANDB: model: alpha, step: 1184, train_lr: 0.0001
TORCHFORT::WANDB: model: critic_0, step: 1185, train_loss: 0.245323
TORCHFORT::WANDB: model: critic_0, step: 1185, train_lr: 0.001
TORCHFORT::WANDB: model: actor, step: 1185, train_loss: -0.221743
TORCHFORT::WANDB: model: actor, step: 1185, train_lr: 0.001
TORCHFORT::WANDB: model: alpha, step: 1185, train_loss: -3.01493
TORCHFORT::WANDB: model: alpha, step: 1185, train_lr: 0.0001
TORCHFORT::WANDB: model: critic_0, step: 1186, train_loss: 0.263707
TORCHFORT::WANDB: model: critic_0, step: 1186, train_lr: 0.001
TORCHFORT::WANDB: model: actor, step: 1186, train_loss: -0.209808
TORCHFORT::WANDB: model: actor, step: 1186, train_lr: 0.001
TORCHFORT::WANDB: model: alpha, step: 1186, train_loss: -3.01764
TORCHFORT::WANDB: model: alpha, step: 1186, train_lr: 0.0001
TORCHFORT::WANDB: model: critic_0, step: 1187, train_loss: 0.272315
TORCHFORT::WANDB: model: critic_0, step: 1187, train_lr: 0.001
TORCHFORT::WANDB: model: actor, step: 1187, train_loss: -0.20399
TORCHFORT::WANDB: model: actor, step: 1187, train_lr: 0.001
TORCHFORT::WANDB: model: alpha, step: 1187, train_loss: -3.01504
TORCHFORT::WANDB: model: alpha, step: 1187, train_lr: 0.0001
TORCHFORT::WANDB: model: critic_0, step: 1188, train_loss: 0.267474
TORCHFORT::WANDB: model: critic_0, step: 1188, train_lr: 0.001
TORCHFORT::WANDB: model: actor, step: 1188, train_loss: -0.215224
TORCHFORT::WANDB: model: actor, step: 1188, train_lr: 0.001
TORCHFORT::WANDB: model: alpha, step: 1188, train_loss: -3.01683
TORCHFORT::WANDB: model: alpha, step: 1188, train_lr: 0.0001
TORCHFORT::WANDB: model: critic_0, step: 1189, train_loss: 0.256526
TORCHFORT::WANDB: model: critic_0, step: 1189, train_lr: 0.001
TORCHFORT::WANDB: model: actor, step: 1189, train_loss: -0.218018
TORCHFORT::WANDB: model: actor, step: 1189, train_lr: 0.001
TORCHFORT::WANDB: model: alpha, step: 1189, train_loss: -3.01722
TORCHFORT::WANDB: model: alpha, step: 1189, train_lr: 0.0001
TORCHFORT::WANDB: model: critic_0, step: 1190, train_loss: 0.264571
TORCHFORT::WANDB: model: critic_0, step: 1190, train_lr: 0.001
TORCHFORT::WANDB: model: actor, step: 1190, train_loss: -0.205482
TORCHFORT::WANDB: model: actor, step: 1190, train_lr: 0.001
TORCHFORT::WANDB: model: alpha, step: 1190, train_loss: -3.01803
TORCHFORT::WANDB: model: alpha, step: 1190, train_lr: 0.0001
TORCHFORT::WANDB: model: critic_0, step: 1191, train_loss: 0.277848
TORCHFORT::WANDB: model: critic_0, step: 1191, train_lr: 0.001
TORCHFORT::WANDB: model: actor, step: 1191, train_loss: -0.217748
TORCHFORT::WANDB: model: actor, step: 1191, train_lr: 0.001
TORCHFORT::WANDB: model: alpha, step: 1191, train_loss: -3.02128
TORCHFORT::WANDB: model: alpha, step: 1191, train_lr: 0.0001
TORCHFORT::WANDB: model: critic_0, step: 1192, train_loss: 0.263786
TORCHFORT::WANDB: model: critic_0, step: 1192, train_lr: 0.001
TORCHFORT::WANDB: model: actor, step: 1192, train_loss: -0.225056
TORCHFORT::WANDB: model: actor, step: 1192, train_lr: 0.001
TORCHFORT::WANDB: model: alpha, step: 1192, train_loss: -3.02184
TORCHFORT::WANDB: model: alpha, step: 1192, train_lr: 0.0001
TORCHFORT::WANDB: model: critic_0, step: 1193, train_loss: 0.269233
TORCHFORT::WANDB: model: critic_0, step: 1193, train_lr: 0.001
TORCHFORT::WANDB: model: actor, step: 1193, train_loss: -0.19997
TORCHFORT::WANDB: model: actor, step: 1193, train_lr: 0.001
TORCHFORT::WANDB: model: alpha, step: 1193, train_loss: -3.02133
TORCHFORT::WANDB: model: alpha, step: 1193, train_lr: 0.0001
TORCHFORT::WANDB: model: critic_0, step: 1194, train_loss: 0.278552
TORCHFORT::WANDB: model: critic_0, step: 1194, train_lr: 0.001
TORCHFORT::WANDB: model: actor, step: 1194, train_loss: -0.211573
TORCHFORT::WANDB: model: actor, step: 1194, train_lr: 0.001
TORCHFORT::WANDB: model: alpha, step: 1194, train_loss: -3.01711
TORCHFORT::WANDB: model: alpha, step: 1194, train_lr: 0.0001
TORCHFORT::WANDB: model: critic_0, step: 1195, train_loss: 0.244579
TORCHFORT::WANDB: model: critic_0, step: 1195, train_lr: 0.001
TORCHFORT::WANDB: model: actor, step: 1195, train_loss: -0.228841
TORCHFORT::WANDB: model: actor, step: 1195, train_lr: 0.001
TORCHFORT::WANDB: model: alpha, step: 1195, train_loss: -3.01615
TORCHFORT::WANDB: model: alpha, step: 1195, train_lr: 0.0001
TORCHFORT::WANDB: model: critic_0, step: 1196, train_loss: 0.290692
TORCHFORT::WANDB: model: critic_0, step: 1196, train_lr: 0.001
TORCHFORT::WANDB: model: actor, step: 1196, train_loss: -0.236218
TORCHFORT::WANDB: model: actor, step: 1196, train_lr: 0.001
TORCHFORT::WANDB: model: alpha, step: 1196, train_loss: -3.0185
TORCHFORT::WANDB: model: alpha, step: 1196, train_lr: 0.0001
TORCHFORT::WANDB: model: critic_0, step: 1197, train_loss: 0.257729
TORCHFORT::WANDB: model: critic_0, step: 1197, train_lr: 0.001
TORCHFORT::WANDB: model: actor, step: 1197, train_loss: -0.20966
TORCHFORT::WANDB: model: actor, step: 1197, train_lr: 0.001
TORCHFORT::WANDB: model: alpha, step: 1197, train_loss: -3.01755
TORCHFORT::WANDB: model: alpha, step: 1197, train_lr: 0.0001
TORCHFORT::WANDB: model: critic_0, step: 1198, train_loss: 0.293539
TORCHFORT::WANDB: model: critic_0, step: 1198, train_lr: 0.001
TORCHFORT::WANDB: model: actor, step: 1198, train_loss: -0.204403
TORCHFORT::WANDB: model: actor, step: 1198, train_lr: 0.001
TORCHFORT::WANDB: model: alpha, step: 1198, train_loss: -3.01749
TORCHFORT::WANDB: model: alpha, step: 1198, train_lr: 0.0001
TORCHFORT::WANDB: model: critic_0, step: 1199, train_loss: 0.264444
TORCHFORT::WANDB: model: critic_0, step: 1199, train_lr: 0.001
TORCHFORT::WANDB: model: actor, step: 1199, train_loss: -0.231593
TORCHFORT::WANDB: model: actor, step: 1199, train_lr: 0.001
TORCHFORT::WANDB: model: alpha, step: 1199, train_loss: -3.01719
TORCHFORT::WANDB: model: alpha, step: 1199, train_lr: 0.0001
TORCHFORT::WANDB: model: critic_0, step: 1200, train_loss: 0.269755
TORCHFORT::WANDB: model: critic_0, step: 1200, train_lr: 0.001
TORCHFORT::WANDB: model: actor, step: 1200, train_loss: -0.234244
TORCHFORT::WANDB: model: actor, step: 1200, train_lr: 0.001
TORCHFORT::WANDB: model: alpha, step: 1200, train_loss: -3.02102
TORCHFORT::WANDB: model: alpha, step: 1200, train_lr: 0.0001
TORCHFORT::WANDB: model: rlwm, step: 70, reward_sum: 2702.08
TORCHFORT::WANDB: model: rlwm, step: 70, reward_sum: 2702.08
TORCHFORT::WANDB: model: rlwm, step: 70, reward_sum: 2702.08
TORCHFORT::WANDB: model: rlwm, step: 70, reward_sum: 2702.08
TORCHFORT::WANDB: model: critic_0, step: 1201, train_loss: 0.286327
TORCHFORT::WANDB: model: critic_0, step: 1201, train_lr: 0.001
TORCHFORT::WANDB: model: actor, step: 1201, train_loss: -0.208506
TORCHFORT::WANDB: model: actor, step: 1201, train_lr: 0.001
TORCHFORT::WANDB: model: alpha, step: 1201, train_loss: -3.01825
TORCHFORT::WANDB: model: alpha, step: 1201, train_lr: 0.0001
TORCHFORT::WANDB: model: critic_0, step: 1202, train_loss: 0.30787
TORCHFORT::WANDB: model: critic_0, step: 1202, train_lr: 0.001
TORCHFORT::WANDB: model: actor, step: 1202, train_loss: -0.221895
TORCHFORT::WANDB: model: actor, step: 1202, train_lr: 0.001
TORCHFORT::WANDB: model: alpha, step: 1202, train_loss: -3.01899
TORCHFORT::WANDB: model: alpha, step: 1202, train_lr: 0.0001
TORCHFORT::WANDB: model: critic_0, step: 1203, train_loss: 0.261295
TORCHFORT::WANDB: model: critic_0, step: 1203, train_lr: 0.001
TORCHFORT::WANDB: model: actor, step: 1203, train_loss: -0.2317
TORCHFORT::WANDB: model: actor, step: 1203, train_lr: 0.001
TORCHFORT::WANDB: model: alpha, step: 1203, train_loss: -3.02058
TORCHFORT::WANDB: model: alpha, step: 1203, train_lr: 0.0001
TORCHFORT::WANDB: model: critic_0, step: 1204, train_loss: 0.293143
TORCHFORT::WANDB: model: critic_0, step: 1204, train_lr: 0.001
TORCHFORT::WANDB: model: actor, step: 1204, train_loss: -0.230332
TORCHFORT::WANDB: model: actor, step: 1204, train_lr: 0.001
TORCHFORT::WANDB: model: alpha, step: 1204, train_loss: -3.01751
TORCHFORT::WANDB: model: alpha, step: 1204, train_lr: 0.0001
TORCHFORT::WANDB: model: critic_0, step: 1205, train_loss: 0.271086
TORCHFORT::WANDB: model: critic_0, step: 1205, train_lr: 0.001
TORCHFORT::WANDB: model: actor, step: 1205, train_loss: -0.23309
TORCHFORT::WANDB: model: actor, step: 1205, train_lr: 0.001
TORCHFORT::WANDB: model: alpha, step: 1205, train_loss: -3.0219
TORCHFORT::WANDB: model: alpha, step: 1205, train_lr: 0.0001
TORCHFORT::WANDB: model: critic_0, step: 1206, train_loss: 0.273409
TORCHFORT::WANDB: model: critic_0, step: 1206, train_lr: 0.001
TORCHFORT::WANDB: model: actor, step: 1206, train_loss: -0.227688
TORCHFORT::WANDB: model: actor, step: 1206, train_lr: 0.001
TORCHFORT::WANDB: model: alpha, step: 1206, train_loss: -3.01873
TORCHFORT::WANDB: model: alpha, step: 1206, train_lr: 0.0001
TORCHFORT::WANDB: model: critic_0, step: 1207, train_loss: 0.281511
TORCHFORT::WANDB: model: critic_0, step: 1207, train_lr: 0.001
TORCHFORT::WANDB: model: actor, step: 1207, train_loss: -0.216095
TORCHFORT::WANDB: model: actor, step: 1207, train_lr: 0.001
TORCHFORT::WANDB: model: alpha, step: 1207, train_loss: -3.02021
TORCHFORT::WANDB: model: alpha, step: 1207, train_lr: 0.0001
TORCHFORT::WANDB: model: critic_0, step: 1208, train_loss: 0.295433
TORCHFORT::WANDB: model: critic_0, step: 1208, train_lr: 0.001
TORCHFORT::WANDB: model: actor, step: 1208, train_loss: -0.247326
TORCHFORT::WANDB: model: actor, step: 1208, train_lr: 0.001
TORCHFORT::WANDB: model: alpha, step: 1208, train_loss: -3.02291
TORCHFORT::WANDB: model: alpha, step: 1208, train_lr: 0.0001
TORCHFORT::WANDB: model: critic_0, step: 1209, train_loss: 0.276912
TORCHFORT::WANDB: model: critic_0, step: 1209, train_lr: 0.001
TORCHFORT::WANDB: model: actor, step: 1209, train_loss: -0.250361
TORCHFORT::WANDB: model: actor, step: 1209, train_lr: 0.001
TORCHFORT::WANDB: model: alpha, step: 1209, train_loss: -3.02356
TORCHFORT::WANDB: model: alpha, step: 1209, train_lr: 0.0001
TORCHFORT::WANDB: model: critic_0, step: 1210, train_loss: 0.301455
TORCHFORT::WANDB: model: critic_0, step: 1210, train_lr: 0.001
TORCHFORT::WANDB: model: actor, step: 1210, train_loss: -0.246867
TORCHFORT::WANDB: model: actor, step: 1210, train_lr: 0.001
TORCHFORT::WANDB: model: alpha, step: 1210, train_loss: -3.02432
TORCHFORT::WANDB: model: alpha, step: 1210, train_lr: 0.0001
TORCHFORT::WANDB: model: critic_0, step: 1211, train_loss: 0.284007
TORCHFORT::WANDB: model: critic_0, step: 1211, train_lr: 0.001
TORCHFORT::WANDB: model: actor, step: 1211, train_loss: -0.207396
TORCHFORT::WANDB: model: actor, step: 1211, train_lr: 0.001
TORCHFORT::WANDB: model: alpha, step: 1211, train_loss: -3.02344
TORCHFORT::WANDB: model: alpha, step: 1211, train_lr: 0.0001
TORCHFORT::WANDB: model: critic_0, step: 1212, train_loss: 0.27892
TORCHFORT::WANDB: model: critic_0, step: 1212, train_lr: 0.001
TORCHFORT::WANDB: model: actor, step: 1212, train_loss: -0.233701
TORCHFORT::WANDB: model: actor, step: 1212, train_lr: 0.001
TORCHFORT::WANDB: model: alpha, step: 1212, train_loss: -3.02188
TORCHFORT::WANDB: model: alpha, step: 1212, train_lr: 0.0001
TORCHFORT::WANDB: model: critic_0, step: 1213, train_loss: 0.314817
TORCHFORT::WANDB: model: critic_0, step: 1213, train_lr: 0.001
TORCHFORT::WANDB: model: actor, step: 1213, train_loss: -0.276845
TORCHFORT::WANDB: model: actor, step: 1213, train_lr: 0.001
TORCHFORT::WANDB: model: alpha, step: 1213, train_loss: -3.02796
TORCHFORT::WANDB: model: alpha, step: 1213, train_lr: 0.0001
TORCHFORT::WANDB: model: critic_0, step: 1214, train_loss: 0.299495
TORCHFORT::WANDB: model: critic_0, step: 1214, train_lr: 0.001
TORCHFORT::WANDB: model: actor, step: 1214, train_loss: -0.253048
TORCHFORT::WANDB: model: actor, step: 1214, train_lr: 0.001
TORCHFORT::WANDB: model: alpha, step: 1214, train_loss: -3.02357
TORCHFORT::WANDB: model: alpha, step: 1214, train_lr: 0.0001
TORCHFORT::WANDB: model: critic_0, step: 1215, train_loss: 0.289288
TORCHFORT::WANDB: model: critic_0, step: 1215, train_lr: 0.001
TORCHFORT::WANDB: model: actor, step: 1215, train_loss: -0.205807
TORCHFORT::WANDB: model: actor, step: 1215, train_lr: 0.001
TORCHFORT::WANDB: model: alpha, step: 1215, train_loss: -3.02793
TORCHFORT::WANDB: model: alpha, step: 1215, train_lr: 0.0001
TORCHFORT::WANDB: model: critic_0, step: 1216, train_loss: 0.300619
TORCHFORT::WANDB: model: critic_0, step: 1216, train_lr: 0.001
TORCHFORT::WANDB: model: actor, step: 1216, train_loss: -0.198629
TORCHFORT::WANDB: model: actor, step: 1216, train_lr: 0.001
TORCHFORT::WANDB: model: alpha, step: 1216, train_loss: -3.02617
TORCHFORT::WANDB: model: alpha, step: 1216, train_lr: 0.0001
TORCHFORT::WANDB: model: critic_0, step: 1217, train_loss: 0.288124
TORCHFORT::WANDB: model: critic_0, step: 1217, train_lr: 0.001
TORCHFORT::WANDB: model: actor, step: 1217, train_loss: -0.249323
TORCHFORT::WANDB: model: actor, step: 1217, train_lr: 0.001
TORCHFORT::WANDB: model: alpha, step: 1217, train_loss: -3.02369
TORCHFORT::WANDB: model: alpha, step: 1217, train_lr: 0.0001
TORCHFORT::WANDB: model: critic_0, step: 1218, train_loss: 0.282204
TORCHFORT::WANDB: model: critic_0, step: 1218, train_lr: 0.001
TORCHFORT::WANDB: model: actor, step: 1218, train_loss: -0.28926
TORCHFORT::WANDB: model: actor, step: 1218, train_lr: 0.001
TORCHFORT::WANDB: model: alpha, step: 1218, train_loss: -3.02434
TORCHFORT::WANDB: model: alpha, step: 1218, train_lr: 0.0001
TORCHFORT::WANDB: model: critic_0, step: 1219, train_loss: 0.307245
TORCHFORT::WANDB: model: critic_0, step: 1219, train_lr: 0.001
TORCHFORT::WANDB: model: actor, step: 1219, train_loss: -0.245316
TORCHFORT::WANDB: model: actor, step: 1219, train_lr: 0.001
TORCHFORT::WANDB: model: alpha, step: 1219, train_loss: -3.02496
TORCHFORT::WANDB: model: alpha, step: 1219, train_lr: 0.0001
TORCHFORT::WANDB: model: critic_0, step: 1220, train_loss: 0.270475
TORCHFORT::WANDB: model: critic_0, step: 1220, train_lr: 0.001
TORCHFORT::WANDB: model: actor, step: 1220, train_loss: -0.224859
TORCHFORT::WANDB: model: actor, step: 1220, train_lr: 0.001
TORCHFORT::WANDB: model: alpha, step: 1220, train_loss: -3.02356
TORCHFORT::WANDB: model: alpha, step: 1220, train_lr: 0.0001
TORCHFORT::WANDB: model: rlwm, step: 71, reward_sum: 3037.82
TORCHFORT::WANDB: model: rlwm, step: 71, reward_sum: 3037.82
TORCHFORT::WANDB: model: rlwm, step: 71, reward_sum: 3037.82
TORCHFORT::WANDB: model: rlwm, step: 71, reward_sum: 3037.82
TORCHFORT::WANDB: model: critic_0, step: 1221, train_loss: 0.293358
TORCHFORT::WANDB: model: critic_0, step: 1221, train_lr: 0.001
TORCHFORT::WANDB: model: actor, step: 1221, train_loss: -0.236004
TORCHFORT::WANDB: model: actor, step: 1221, train_lr: 0.001
TORCHFORT::WANDB: model: alpha, step: 1221, train_loss: -3.0283
TORCHFORT::WANDB: model: alpha, step: 1221, train_lr: 0.0001
TORCHFORT::WANDB: model: critic_0, step: 1222, train_loss: 0.283902
TORCHFORT::WANDB: model: critic_0, step: 1222, train_lr: 0.001
TORCHFORT::WANDB: model: actor, step: 1222, train_loss: -0.245853
TORCHFORT::WANDB: model: actor, step: 1222, train_lr: 0.001
TORCHFORT::WANDB: model: alpha, step: 1222, train_loss: -3.02302
TORCHFORT::WANDB: model: alpha, step: 1222, train_lr: 0.0001
TORCHFORT::WANDB: model: critic_0, step: 1223, train_loss: 0.293631
TORCHFORT::WANDB: model: critic_0, step: 1223, train_lr: 0.001
TORCHFORT::WANDB: model: actor, step: 1223, train_loss: -0.244929
TORCHFORT::WANDB: model: actor, step: 1223, train_lr: 0.001
TORCHFORT::WANDB: model: alpha, step: 1223, train_loss: -3.02855
TORCHFORT::WANDB: model: alpha, step: 1223, train_lr: 0.0001
TORCHFORT::WANDB: model: critic_0, step: 1224, train_loss: 0.317097
TORCHFORT::WANDB: model: critic_0, step: 1224, train_lr: 0.001
TORCHFORT::WANDB: model: actor, step: 1224, train_loss: -0.240571
TORCHFORT::WANDB: model: actor, step: 1224, train_lr: 0.001
TORCHFORT::WANDB: model: alpha, step: 1224, train_loss: -3.02824
TORCHFORT::WANDB: model: alpha, step: 1224, train_lr: 0.0001
TORCHFORT::WANDB: model: critic_0, step: 1225, train_loss: 0.301264
TORCHFORT::WANDB: model: critic_0, step: 1225, train_lr: 0.001
TORCHFORT::WANDB: model: actor, step: 1225, train_loss: -0.262833
TORCHFORT::WANDB: model: actor, step: 1225, train_lr: 0.001
TORCHFORT::WANDB: model: alpha, step: 1225, train_loss: -3.02816
TORCHFORT::WANDB: model: alpha, step: 1225, train_lr: 0.0001
TORCHFORT::WANDB: model: critic_0, step: 1226, train_loss: 0.296356
TORCHFORT::WANDB: model: critic_0, step: 1226, train_lr: 0.001
TORCHFORT::WANDB: model: actor, step: 1226, train_loss: -0.269773
TORCHFORT::WANDB: model: actor, step: 1226, train_lr: 0.001
TORCHFORT::WANDB: model: alpha, step: 1226, train_loss: -3.02369
TORCHFORT::WANDB: model: alpha, step: 1226, train_lr: 0.0001
TORCHFORT::WANDB: model: critic_0, step: 1227, train_loss: 0.304297
TORCHFORT::WANDB: model: critic_0, step: 1227, train_lr: 0.001
TORCHFORT::WANDB: model: actor, step: 1227, train_loss: -0.238481
TORCHFORT::WANDB: model: actor, step: 1227, train_lr: 0.001
TORCHFORT::WANDB: model: alpha, step: 1227, train_loss: -3.02743
TORCHFORT::WANDB: model: alpha, step: 1227, train_lr: 0.0001
TORCHFORT::WANDB: model: critic_0, step: 1228, train_loss: 0.298687
TORCHFORT::WANDB: model: critic_0, step: 1228, train_lr: 0.001
TORCHFORT::WANDB: model: actor, step: 1228, train_loss: -0.213678
TORCHFORT::WANDB: model: actor, step: 1228, train_lr: 0.001
TORCHFORT::WANDB: model: alpha, step: 1228, train_loss: -3.03055
TORCHFORT::WANDB: model: alpha, step: 1228, train_lr: 0.0001
TORCHFORT::WANDB: model: critic_0, step: 1229, train_loss: 0.320927
TORCHFORT::WANDB: model: critic_0, step: 1229, train_lr: 0.001
TORCHFORT::WANDB: model: actor, step: 1229, train_loss: -0.247907
TORCHFORT::WANDB: model: actor, step: 1229, train_lr: 0.001
TORCHFORT::WANDB: model: alpha, step: 1229, train_loss: -3.02759
TORCHFORT::WANDB: model: alpha, step: 1229, train_lr: 0.0001
TORCHFORT::WANDB: model: critic_0, step: 1230, train_loss: 0.286377
TORCHFORT::WANDB: model: critic_0, step: 1230, train_lr: 0.001
TORCHFORT::WANDB: model: actor, step: 1230, train_loss: -0.257752
TORCHFORT::WANDB: model: actor, step: 1230, train_lr: 0.001
TORCHFORT::WANDB: model: alpha, step: 1230, train_loss: -3.02882
TORCHFORT::WANDB: model: alpha, step: 1230, train_lr: 0.0001
TORCHFORT::WANDB: model: critic_0, step: 1231, train_loss: 0.295022
TORCHFORT::WANDB: model: critic_0, step: 1231, train_lr: 0.001
TORCHFORT::WANDB: model: actor, step: 1231, train_loss: -0.26553
TORCHFORT::WANDB: model: actor, step: 1231, train_lr: 0.001
TORCHFORT::WANDB: model: alpha, step: 1231, train_loss: -3.02513
TORCHFORT::WANDB: model: alpha, step: 1231, train_lr: 0.0001
TORCHFORT::WANDB: model: critic_0, step: 1232, train_loss: 0.306172
TORCHFORT::WANDB: model: critic_0, step: 1232, train_lr: 0.001
TORCHFORT::WANDB: model: actor, step: 1232, train_loss: -0.235554
TORCHFORT::WANDB: model: actor, step: 1232, train_lr: 0.001
TORCHFORT::WANDB: model: alpha, step: 1232, train_loss: -3.02803
TORCHFORT::WANDB: model: alpha, step: 1232, train_lr: 0.0001
TORCHFORT::WANDB: model: critic_0, step: 1233, train_loss: 0.312375
TORCHFORT::WANDB: model: critic_0, step: 1233, train_lr: 0.001
TORCHFORT::WANDB: model: actor, step: 1233, train_loss: -0.225201
TORCHFORT::WANDB: model: actor, step: 1233, train_lr: 0.001
TORCHFORT::WANDB: model: alpha, step: 1233, train_loss: -3.02338
TORCHFORT::WANDB: model: alpha, step: 1233, train_lr: 0.0001
TORCHFORT::WANDB: model: critic_0, step: 1234, train_loss: 0.312905
TORCHFORT::WANDB: model: critic_0, step: 1234, train_lr: 0.001
TORCHFORT::WANDB: model: actor, step: 1234, train_loss: -0.248964
TORCHFORT::WANDB: model: actor, step: 1234, train_lr: 0.001
TORCHFORT::WANDB: model: alpha, step: 1234, train_loss: -3.02647
TORCHFORT::WANDB: model: alpha, step: 1234, train_lr: 0.0001
TORCHFORT::WANDB: model: critic_0, step: 1235, train_loss: 0.289956
TORCHFORT::WANDB: model: critic_0, step: 1235, train_lr: 0.001
TORCHFORT::WANDB: model: actor, step: 1235, train_loss: -0.255664
TORCHFORT::WANDB: model: actor, step: 1235, train_lr: 0.001
TORCHFORT::WANDB: model: alpha, step: 1235, train_loss: -3.02896
TORCHFORT::WANDB: model: alpha, step: 1235, train_lr: 0.0001
TORCHFORT::WANDB: model: critic_0, step: 1236, train_loss: 0.31639
TORCHFORT::WANDB: model: critic_0, step: 1236, train_lr: 0.001
TORCHFORT::WANDB: model: actor, step: 1236, train_loss: -0.255317
TORCHFORT::WANDB: model: actor, step: 1236, train_lr: 0.001
TORCHFORT::WANDB: model: alpha, step: 1236, train_loss: -3.02783
TORCHFORT::WANDB: model: alpha, step: 1236, train_lr: 0.0001
TORCHFORT::WANDB: model: critic_0, step: 1237, train_loss: 0.299882
TORCHFORT::WANDB: model: critic_0, step: 1237, train_lr: 0.001
TORCHFORT::WANDB: model: actor, step: 1237, train_loss: -0.240712
TORCHFORT::WANDB: model: actor, step: 1237, train_lr: 0.001
TORCHFORT::WANDB: model: alpha, step: 1237, train_loss: -3.02901
TORCHFORT::WANDB: model: alpha, step: 1237, train_lr: 0.0001
TORCHFORT::WANDB: model: critic_0, step: 1238, train_loss: 0.301879
TORCHFORT::WANDB: model: critic_0, step: 1238, train_lr: 0.001
TORCHFORT::WANDB: model: actor, step: 1238, train_loss: -0.25426
TORCHFORT::WANDB: model: actor, step: 1238, train_lr: 0.001
TORCHFORT::WANDB: model: alpha, step: 1238, train_loss: -3.03274
TORCHFORT::WANDB: model: alpha, step: 1238, train_lr: 0.0001
TORCHFORT::WANDB: model: critic_0, step: 1239, train_loss: 0.300268
TORCHFORT::WANDB: model: critic_0, step: 1239, train_lr: 0.001
TORCHFORT::WANDB: model: actor, step: 1239, train_loss: -0.265769
TORCHFORT::WANDB: model: actor, step: 1239, train_lr: 0.001
TORCHFORT::WANDB: model: alpha, step: 1239, train_loss: -3.01947
TORCHFORT::WANDB: model: alpha, step: 1239, train_lr: 0.0001
TORCHFORT::WANDB: model: critic_0, step: 1240, train_loss: 0.289329
TORCHFORT::WANDB: model: critic_0, step: 1240, train_lr: 0.001
TORCHFORT::WANDB: model: actor, step: 1240, train_loss: -0.253957
TORCHFORT::WANDB: model: actor, step: 1240, train_lr: 0.001
TORCHFORT::WANDB: model: alpha, step: 1240, train_loss: -3.02425
TORCHFORT::WANDB: model: alpha, step: 1240, train_lr: 0.0001
TORCHFORT::WANDB: model: rlwm, step: 72, reward_sum: 2557.51
TORCHFORT::WANDB: model: rlwm, step: 72, reward_sum: 2557.51
TORCHFORT::WANDB: model: rlwm, step: 72, reward_sum: 2557.51
TORCHFORT::WANDB: model: rlwm, step: 72, reward_sum: 2557.51
TORCHFORT::WANDB: model: critic_0, step: 1241, train_loss: 0.298437
TORCHFORT::WANDB: model: critic_0, step: 1241, train_lr: 0.001
TORCHFORT::WANDB: model: actor, step: 1241, train_loss: -0.248152
TORCHFORT::WANDB: model: actor, step: 1241, train_lr: 0.001
TORCHFORT::WANDB: model: alpha, step: 1241, train_loss: -3.02962
TORCHFORT::WANDB: model: alpha, step: 1241, train_lr: 0.0001
TORCHFORT::WANDB: model: critic_0, step: 1242, train_loss: 0.307278
TORCHFORT::WANDB: model: critic_0, step: 1242, train_lr: 0.001
TORCHFORT::WANDB: model: actor, step: 1242, train_loss: -0.263904
TORCHFORT::WANDB: model: actor, step: 1242, train_lr: 0.001
TORCHFORT::WANDB: model: alpha, step: 1242, train_loss: -3.03281
TORCHFORT::WANDB: model: alpha, step: 1242, train_lr: 0.0001
TORCHFORT::WANDB: model: critic_0, step: 1243, train_loss: 0.279711
TORCHFORT::WANDB: model: critic_0, step: 1243, train_lr: 0.001
TORCHFORT::WANDB: model: actor, step: 1243, train_loss: -0.262846
TORCHFORT::WANDB: model: actor, step: 1243, train_lr: 0.001
TORCHFORT::WANDB: model: alpha, step: 1243, train_loss: -3.03193
TORCHFORT::WANDB: model: alpha, step: 1243, train_lr: 0.0001
TORCHFORT::WANDB: model: critic_0, step: 1244, train_loss: 0.316772
TORCHFORT::WANDB: model: critic_0, step: 1244, train_lr: 0.001
TORCHFORT::WANDB: model: actor, step: 1244, train_loss: -0.266218
TORCHFORT::WANDB: model: actor, step: 1244, train_lr: 0.001
TORCHFORT::WANDB: model: alpha, step: 1244, train_loss: -3.02528
TORCHFORT::WANDB: model: alpha, step: 1244, train_lr: 0.0001
TORCHFORT::WANDB: model: critic_0, step: 1245, train_loss: 0.303031
TORCHFORT::WANDB: model: critic_0, step: 1245, train_lr: 0.001
TORCHFORT::WANDB: model: actor, step: 1245, train_loss: -0.256594
TORCHFORT::WANDB: model: actor, step: 1245, train_lr: 0.001
TORCHFORT::WANDB: model: alpha, step: 1245, train_loss: -3.02426
TORCHFORT::WANDB: model: alpha, step: 1245, train_lr: 0.0001
TORCHFORT::WANDB: model: critic_0, step: 1246, train_loss: 0.302188
TORCHFORT::WANDB: model: critic_0, step: 1246, train_lr: 0.001
TORCHFORT::WANDB: model: actor, step: 1246, train_loss: -0.243102
TORCHFORT::WANDB: model: actor, step: 1246, train_lr: 0.001
TORCHFORT::WANDB: model: alpha, step: 1246, train_loss: -3.03384
TORCHFORT::WANDB: model: alpha, step: 1246, train_lr: 0.0001
TORCHFORT::WANDB: model: critic_0, step: 1247, train_loss: 0.321821
TORCHFORT::WANDB: model: critic_0, step: 1247, train_lr: 0.001
TORCHFORT::WANDB: model: actor, step: 1247, train_loss: -0.251701
TORCHFORT::WANDB: model: actor, step: 1247, train_lr: 0.001
TORCHFORT::WANDB: model: alpha, step: 1247, train_loss: -3.02958
TORCHFORT::WANDB: model: alpha, step: 1247, train_lr: 0.0001
TORCHFORT::WANDB: model: critic_0, step: 1248, train_loss: 0.312376
TORCHFORT::WANDB: model: critic_0, step: 1248, train_lr: 0.001
TORCHFORT::WANDB: model: actor, step: 1248, train_loss: -0.279399
TORCHFORT::WANDB: model: actor, step: 1248, train_lr: 0.001
TORCHFORT::WANDB: model: alpha, step: 1248, train_loss: -3.03077
TORCHFORT::WANDB: model: alpha, step: 1248, train_lr: 0.0001
TORCHFORT::WANDB: model: critic_0, step: 1249, train_loss: 0.307145
TORCHFORT::WANDB: model: critic_0, step: 1249, train_lr: 0.001
TORCHFORT::WANDB: model: actor, step: 1249, train_loss: -0.259774
TORCHFORT::WANDB: model: actor, step: 1249, train_lr: 0.001
TORCHFORT::WANDB: model: alpha, step: 1249, train_loss: -3.03128
TORCHFORT::WANDB: model: alpha, step: 1249, train_lr: 0.0001
TORCHFORT::WANDB: model: critic_0, step: 1250, train_loss: 0.320815
TORCHFORT::WANDB: model: critic_0, step: 1250, train_lr: 0.001
TORCHFORT::WANDB: model: actor, step: 1250, train_loss: -0.269654
TORCHFORT::WANDB: model: actor, step: 1250, train_lr: 0.001
TORCHFORT::WANDB: model: alpha, step: 1250, train_loss: -3.02986
TORCHFORT::WANDB: model: alpha, step: 1250, train_lr: 0.0001
TORCHFORT::WANDB: model: critic_0, step: 1251, train_loss: 0.342679
TORCHFORT::WANDB: model: critic_0, step: 1251, train_lr: 0.001
TORCHFORT::WANDB: model: actor, step: 1251, train_loss: -0.27107
TORCHFORT::WANDB: model: actor, step: 1251, train_lr: 0.001
TORCHFORT::WANDB: model: alpha, step: 1251, train_loss: -3.03382
TORCHFORT::WANDB: model: alpha, step: 1251, train_lr: 0.0001
TORCHFORT::WANDB: model: critic_0, step: 1252, train_loss: 0.30347
TORCHFORT::WANDB: model: critic_0, step: 1252, train_lr: 0.001
TORCHFORT::WANDB: model: actor, step: 1252, train_loss: -0.265272
TORCHFORT::WANDB: model: actor, step: 1252, train_lr: 0.001
TORCHFORT::WANDB: model: alpha, step: 1252, train_loss: -3.03228
TORCHFORT::WANDB: model: alpha, step: 1252, train_lr: 0.0001
TORCHFORT::WANDB: model: critic_0, step: 1253, train_loss: 0.301306
TORCHFORT::WANDB: model: critic_0, step: 1253, train_lr: 0.001
TORCHFORT::WANDB: model: actor, step: 1253, train_loss: -0.257289
TORCHFORT::WANDB: model: actor, step: 1253, train_lr: 0.001
TORCHFORT::WANDB: model: alpha, step: 1253, train_loss: -3.03012
TORCHFORT::WANDB: model: alpha, step: 1253, train_lr: 0.0001
TORCHFORT::WANDB: model: critic_0, step: 1254, train_loss: 0.31439
TORCHFORT::WANDB: model: critic_0, step: 1254, train_lr: 0.001
TORCHFORT::WANDB: model: actor, step: 1254, train_loss: -0.256079
TORCHFORT::WANDB: model: actor, step: 1254, train_lr: 0.001
TORCHFORT::WANDB: model: alpha, step: 1254, train_loss: -3.03321
TORCHFORT::WANDB: model: alpha, step: 1254, train_lr: 0.0001
TORCHFORT::WANDB: model: critic_0, step: 1255, train_loss: 0.311731
TORCHFORT::WANDB: model: critic_0, step: 1255, train_lr: 0.001
TORCHFORT::WANDB: model: actor, step: 1255, train_loss: -0.277645
TORCHFORT::WANDB: model: actor, step: 1255, train_lr: 0.001
TORCHFORT::WANDB: model: alpha, step: 1255, train_loss: -3.03567
TORCHFORT::WANDB: model: alpha, step: 1255, train_lr: 0.0001
TORCHFORT::WANDB: model: critic_0, step: 1256, train_loss: 0.311735
TORCHFORT::WANDB: model: critic_0, step: 1256, train_lr: 0.001
TORCHFORT::WANDB: model: actor, step: 1256, train_loss: -0.290624
TORCHFORT::WANDB: model: actor, step: 1256, train_lr: 0.001
TORCHFORT::WANDB: model: alpha, step: 1256, train_loss: -3.03276
TORCHFORT::WANDB: model: alpha, step: 1256, train_lr: 0.0001
TORCHFORT::WANDB: model: critic_0, step: 1257, train_loss: 0.308439
TORCHFORT::WANDB: model: critic_0, step: 1257, train_lr: 0.001
TORCHFORT::WANDB: model: actor, step: 1257, train_loss: -0.260464
TORCHFORT::WANDB: model: actor, step: 1257, train_lr: 0.001
TORCHFORT::WANDB: model: alpha, step: 1257, train_loss: -3.03842
TORCHFORT::WANDB: model: alpha, step: 1257, train_lr: 0.0001
TORCHFORT::WANDB: model: critic_0, step: 1258, train_loss: 0.303319
TORCHFORT::WANDB: model: critic_0, step: 1258, train_lr: 0.001
TORCHFORT::WANDB: model: actor, step: 1258, train_loss: -0.245842
TORCHFORT::WANDB: model: actor, step: 1258, train_lr: 0.001
TORCHFORT::WANDB: model: alpha, step: 1258, train_loss: -3.03295
TORCHFORT::WANDB: model: alpha, step: 1258, train_lr: 0.0001
TORCHFORT::WANDB: model: critic_0, step: 1259, train_loss: 0.307955
TORCHFORT::WANDB: model: critic_0, step: 1259, train_lr: 0.001
TORCHFORT::WANDB: model: actor, step: 1259, train_loss: -0.274542
TORCHFORT::WANDB: model: actor, step: 1259, train_lr: 0.001
TORCHFORT::WANDB: model: alpha, step: 1259, train_loss: -3.03402
TORCHFORT::WANDB: model: alpha, step: 1259, train_lr: 0.0001
TORCHFORT::WANDB: model: critic_0, step: 1260, train_loss: 0.316498
TORCHFORT::WANDB: model: critic_0, step: 1260, train_lr: 0.001
TORCHFORT::WANDB: model: actor, step: 1260, train_loss: -0.287131
TORCHFORT::WANDB: model: actor, step: 1260, train_lr: 0.001
TORCHFORT::WANDB: model: alpha, step: 1260, train_loss: -3.03773
TORCHFORT::WANDB: model: alpha, step: 1260, train_lr: 0.0001
TORCHFORT::WANDB: model: rlwm, step: 73, reward_sum: 3515.35
TORCHFORT::WANDB: model: rlwm, step: 73, reward_sum: 3515.35
TORCHFORT::WANDB: model: rlwm, step: 73, reward_sum: 3515.35
TORCHFORT::WANDB: model: rlwm, step: 73, reward_sum: 3515.35
TORCHFORT::WANDB: model: critic_0, step: 1261, train_loss: 0.310817
TORCHFORT::WANDB: model: critic_0, step: 1261, train_lr: 0.001
TORCHFORT::WANDB: model: actor, step: 1261, train_loss: -0.262076
TORCHFORT::WANDB: model: actor, step: 1261, train_lr: 0.001
TORCHFORT::WANDB: model: alpha, step: 1261, train_loss: -3.03746
TORCHFORT::WANDB: model: alpha, step: 1261, train_lr: 0.0001
TORCHFORT::WANDB: model: critic_0, step: 1262, train_loss: 0.332543
TORCHFORT::WANDB: model: critic_0, step: 1262, train_lr: 0.001
TORCHFORT::WANDB: model: actor, step: 1262, train_loss: -0.263172
TORCHFORT::WANDB: model: actor, step: 1262, train_lr: 0.001
TORCHFORT::WANDB: model: alpha, step: 1262, train_loss: -3.03285
TORCHFORT::WANDB: model: alpha, step: 1262, train_lr: 0.0001
TORCHFORT::WANDB: model: critic_0, step: 1263, train_loss: 0.319857
TORCHFORT::WANDB: model: critic_0, step: 1263, train_lr: 0.001
TORCHFORT::WANDB: model: actor, step: 1263, train_loss: -0.291008
TORCHFORT::WANDB: model: actor, step: 1263, train_lr: 0.001
TORCHFORT::WANDB: model: alpha, step: 1263, train_loss: -3.03952
TORCHFORT::WANDB: model: alpha, step: 1263, train_lr: 0.0001
TORCHFORT::WANDB: model: critic_0, step: 1264, train_loss: 0.316437
TORCHFORT::WANDB: model: critic_0, step: 1264, train_lr: 0.001
TORCHFORT::WANDB: model: actor, step: 1264, train_loss: -0.287644
TORCHFORT::WANDB: model: actor, step: 1264, train_lr: 0.001
TORCHFORT::WANDB: model: alpha, step: 1264, train_loss: -3.03575
TORCHFORT::WANDB: model: alpha, step: 1264, train_lr: 0.0001
TORCHFORT::WANDB: model: critic_0, step: 1265, train_loss: 0.320197
TORCHFORT::WANDB: model: critic_0, step: 1265, train_lr: 0.001
TORCHFORT::WANDB: model: actor, step: 1265, train_loss: -0.251464
TORCHFORT::WANDB: model: actor, step: 1265, train_lr: 0.001
TORCHFORT::WANDB: model: alpha, step: 1265, train_loss: -3.0355
TORCHFORT::WANDB: model: alpha, step: 1265, train_lr: 0.0001
TORCHFORT::WANDB: model: critic_0, step: 1266, train_loss: 0.317085
TORCHFORT::WANDB: model: critic_0, step: 1266, train_lr: 0.001
TORCHFORT::WANDB: model: actor, step: 1266, train_loss: -0.268718
TORCHFORT::WANDB: model: actor, step: 1266, train_lr: 0.001
TORCHFORT::WANDB: model: alpha, step: 1266, train_loss: -3.04124
TORCHFORT::WANDB: model: alpha, step: 1266, train_lr: 0.0001
TORCHFORT::WANDB: model: critic_0, step: 1267, train_loss: 0.307491
TORCHFORT::WANDB: model: critic_0, step: 1267, train_lr: 0.001
TORCHFORT::WANDB: model: actor, step: 1267, train_loss: -0.3038
TORCHFORT::WANDB: model: actor, step: 1267, train_lr: 0.001
TORCHFORT::WANDB: model: alpha, step: 1267, train_loss: -3.0341
TORCHFORT::WANDB: model: alpha, step: 1267, train_lr: 0.0001
TORCHFORT::WANDB: model: critic_0, step: 1268, train_loss: 0.300649
TORCHFORT::WANDB: model: critic_0, step: 1268, train_lr: 0.001
TORCHFORT::WANDB: model: actor, step: 1268, train_loss: -0.286943
TORCHFORT::WANDB: model: actor, step: 1268, train_lr: 0.001
TORCHFORT::WANDB: model: alpha, step: 1268, train_loss: -3.0389
TORCHFORT::WANDB: model: alpha, step: 1268, train_lr: 0.0001
TORCHFORT::WANDB: model: critic_0, step: 1269, train_loss: 0.32365
TORCHFORT::WANDB: model: critic_0, step: 1269, train_lr: 0.001
TORCHFORT::WANDB: model: actor, step: 1269, train_loss: -0.276876
TORCHFORT::WANDB: model: actor, step: 1269, train_lr: 0.001
TORCHFORT::WANDB: model: alpha, step: 1269, train_loss: -3.0362
TORCHFORT::WANDB: model: alpha, step: 1269, train_lr: 0.0001
TORCHFORT::WANDB: model: critic_0, step: 1270, train_loss: 0.329507
TORCHFORT::WANDB: model: critic_0, step: 1270, train_lr: 0.001
TORCHFORT::WANDB: model: actor, step: 1270, train_loss: -0.271542
TORCHFORT::WANDB: model: actor, step: 1270, train_lr: 0.001
TORCHFORT::WANDB: model: alpha, step: 1270, train_loss: -3.03572
TORCHFORT::WANDB: model: alpha, step: 1270, train_lr: 0.0001
TORCHFORT::WANDB: model: critic_0, step: 1271, train_loss: 0.328817
TORCHFORT::WANDB: model: critic_0, step: 1271, train_lr: 0.001
TORCHFORT::WANDB: model: actor, step: 1271, train_loss: -0.277527
TORCHFORT::WANDB: model: actor, step: 1271, train_lr: 0.001
TORCHFORT::WANDB: model: alpha, step: 1271, train_loss: -3.03761
TORCHFORT::WANDB: model: alpha, step: 1271, train_lr: 0.0001
TORCHFORT::WANDB: model: critic_0, step: 1272, train_loss: 0.310127
TORCHFORT::WANDB: model: critic_0, step: 1272, train_lr: 0.001
TORCHFORT::WANDB: model: actor, step: 1272, train_loss: -0.290174
TORCHFORT::WANDB: model: actor, step: 1272, train_lr: 0.001
TORCHFORT::WANDB: model: alpha, step: 1272, train_loss: -3.03701
TORCHFORT::WANDB: model: alpha, step: 1272, train_lr: 0.0001
TORCHFORT::WANDB: model: critic_0, step: 1273, train_loss: 0.325076
TORCHFORT::WANDB: model: critic_0, step: 1273, train_lr: 0.001
TORCHFORT::WANDB: model: actor, step: 1273, train_loss: -0.280934
TORCHFORT::WANDB: model: actor, step: 1273, train_lr: 0.001
TORCHFORT::WANDB: model: alpha, step: 1273, train_loss: -3.04115
TORCHFORT::WANDB: model: alpha, step: 1273, train_lr: 0.0001
TORCHFORT::WANDB: model: critic_0, step: 1274, train_loss: 0.300056
TORCHFORT::WANDB: model: critic_0, step: 1274, train_lr: 0.001
TORCHFORT::WANDB: model: actor, step: 1274, train_loss: -0.265056
TORCHFORT::WANDB: model: actor, step: 1274, train_lr: 0.001
TORCHFORT::WANDB: model: alpha, step: 1274, train_loss: -3.04007
TORCHFORT::WANDB: model: alpha, step: 1274, train_lr: 0.0001
TORCHFORT::WANDB: model: critic_0, step: 1275, train_loss: 0.324595
TORCHFORT::WANDB: model: critic_0, step: 1275, train_lr: 0.001
TORCHFORT::WANDB: model: actor, step: 1275, train_loss: -0.292275
TORCHFORT::WANDB: model: actor, step: 1275, train_lr: 0.001
TORCHFORT::WANDB: model: alpha, step: 1275, train_loss: -3.04093
TORCHFORT::WANDB: model: alpha, step: 1275, train_lr: 0.0001
TORCHFORT::WANDB: model: critic_0, step: 1276, train_loss: 0.322259
TORCHFORT::WANDB: model: critic_0, step: 1276, train_lr: 0.001
TORCHFORT::WANDB: model: actor, step: 1276, train_loss: -0.305029
TORCHFORT::WANDB: model: actor, step: 1276, train_lr: 0.001
TORCHFORT::WANDB: model: alpha, step: 1276, train_loss: -3.03878
TORCHFORT::WANDB: model: alpha, step: 1276, train_lr: 0.0001
TORCHFORT::WANDB: model: critic_0, step: 1277, train_loss: 0.312809
TORCHFORT::WANDB: model: critic_0, step: 1277, train_lr: 0.001
TORCHFORT::WANDB: model: actor, step: 1277, train_loss: -0.281618
TORCHFORT::WANDB: model: actor, step: 1277, train_lr: 0.001
TORCHFORT::WANDB: model: alpha, step: 1277, train_loss: -3.03994
TORCHFORT::WANDB: model: alpha, step: 1277, train_lr: 0.0001
TORCHFORT::WANDB: model: critic_0, step: 1278, train_loss: 0.337587
TORCHFORT::WANDB: model: critic_0, step: 1278, train_lr: 0.001
TORCHFORT::WANDB: model: actor, step: 1278, train_loss: -0.26153
TORCHFORT::WANDB: model: actor, step: 1278, train_lr: 0.001
TORCHFORT::WANDB: model: alpha, step: 1278, train_loss: -3.03997
TORCHFORT::WANDB: model: alpha, step: 1278, train_lr: 0.0001
TORCHFORT::WANDB: model: critic_0, step: 1279, train_loss: 0.309333
TORCHFORT::WANDB: model: critic_0, step: 1279, train_lr: 0.001
TORCHFORT::WANDB: model: actor, step: 1279, train_loss: -0.271848
TORCHFORT::WANDB: model: actor, step: 1279, train_lr: 0.001
TORCHFORT::WANDB: model: alpha, step: 1279, train_loss: -3.03903
TORCHFORT::WANDB: model: alpha, step: 1279, train_lr: 0.0001
TORCHFORT::WANDB: model: critic_0, step: 1280, train_loss: 0.32835
TORCHFORT::WANDB: model: critic_0, step: 1280, train_lr: 0.001
TORCHFORT::WANDB: model: actor, step: 1280, train_loss: -0.313381
TORCHFORT::WANDB: model: actor, step: 1280, train_lr: 0.001
TORCHFORT::WANDB: model: alpha, step: 1280, train_loss: -3.03648
TORCHFORT::WANDB: model: alpha, step: 1280, train_lr: 0.0001
TORCHFORT::WANDB: model: rlwm, step: 74, reward_sum: 2592.05
TORCHFORT::WANDB: model: rlwm, step: 74, reward_sum: 2592.05
TORCHFORT::WANDB: model: rlwm, step: 74, reward_sum: 2592.05
TORCHFORT::WANDB: model: rlwm, step: 74, reward_sum: 2592.05
TORCHFORT::WANDB: model: critic_0, step: 1281, train_loss: 0.34284
TORCHFORT::WANDB: model: critic_0, step: 1281, train_lr: 0.001
TORCHFORT::WANDB: model: actor, step: 1281, train_loss: -0.295182
TORCHFORT::WANDB: model: actor, step: 1281, train_lr: 0.001
TORCHFORT::WANDB: model: alpha, step: 1281, train_loss: -3.03916
TORCHFORT::WANDB: model: alpha, step: 1281, train_lr: 0.0001
TORCHFORT::WANDB: model: critic_0, step: 1282, train_loss: 0.363332
TORCHFORT::WANDB: model: critic_0, step: 1282, train_lr: 0.001
TORCHFORT::WANDB: model: actor, step: 1282, train_loss: -0.253527
TORCHFORT::WANDB: model: actor, step: 1282, train_lr: 0.001
TORCHFORT::WANDB: model: alpha, step: 1282, train_loss: -3.04243
TORCHFORT::WANDB: model: alpha, step: 1282, train_lr: 0.0001
TORCHFORT::WANDB: model: critic_0, step: 1283, train_loss: 0.345234
TORCHFORT::WANDB: model: critic_0, step: 1283, train_lr: 0.001
TORCHFORT::WANDB: model: actor, step: 1283, train_loss: -0.261914
TORCHFORT::WANDB: model: actor, step: 1283, train_lr: 0.001
TORCHFORT::WANDB: model: alpha, step: 1283, train_loss: -3.04315
TORCHFORT::WANDB: model: alpha, step: 1283, train_lr: 0.0001
TORCHFORT::WANDB: model: critic_0, step: 1284, train_loss: 0.323555
TORCHFORT::WANDB: model: critic_0, step: 1284, train_lr: 0.001
TORCHFORT::WANDB: model: actor, step: 1284, train_loss: -0.314823
TORCHFORT::WANDB: model: actor, step: 1284, train_lr: 0.001
TORCHFORT::WANDB: model: alpha, step: 1284, train_loss: -3.04044
TORCHFORT::WANDB: model: alpha, step: 1284, train_lr: 0.0001
TORCHFORT::WANDB: model: critic_0, step: 1285, train_loss: 0.33274
TORCHFORT::WANDB: model: critic_0, step: 1285, train_lr: 0.001
TORCHFORT::WANDB: model: actor, step: 1285, train_loss: -0.320066
TORCHFORT::WANDB: model: actor, step: 1285, train_lr: 0.001
TORCHFORT::WANDB: model: alpha, step: 1285, train_loss: -3.04406
TORCHFORT::WANDB: model: alpha, step: 1285, train_lr: 0.0001
TORCHFORT::WANDB: model: critic_0, step: 1286, train_loss: 0.324186
TORCHFORT::WANDB: model: critic_0, step: 1286, train_lr: 0.001
TORCHFORT::WANDB: model: actor, step: 1286, train_loss: -0.269971
TORCHFORT::WANDB: model: actor, step: 1286, train_lr: 0.001
TORCHFORT::WANDB: model: alpha, step: 1286, train_loss: -3.03292
TORCHFORT::WANDB: model: alpha, step: 1286, train_lr: 0.0001
TORCHFORT::WANDB: model: critic_0, step: 1287, train_loss: 0.361369
TORCHFORT::WANDB: model: critic_0, step: 1287, train_lr: 0.001
TORCHFORT::WANDB: model: actor, step: 1287, train_loss: -0.274451
TORCHFORT::WANDB: model: actor, step: 1287, train_lr: 0.001
TORCHFORT::WANDB: model: alpha, step: 1287, train_loss: -3.03703
TORCHFORT::WANDB: model: alpha, step: 1287, train_lr: 0.0001
TORCHFORT::WANDB: model: critic_0, step: 1288, train_loss: 0.328696
TORCHFORT::WANDB: model: critic_0, step: 1288, train_lr: 0.001
TORCHFORT::WANDB: model: actor, step: 1288, train_loss: -0.301556
TORCHFORT::WANDB: model: actor, step: 1288, train_lr: 0.001
TORCHFORT::WANDB: model: alpha, step: 1288, train_loss: -3.03946
TORCHFORT::WANDB: model: alpha, step: 1288, train_lr: 0.0001
TORCHFORT::WANDB: model: critic_0, step: 1289, train_loss: 0.334791
TORCHFORT::WANDB: model: critic_0, step: 1289, train_lr: 0.001
TORCHFORT::WANDB: model: actor, step: 1289, train_loss: -0.300515
TORCHFORT::WANDB: model: actor, step: 1289, train_lr: 0.001
TORCHFORT::WANDB: model: alpha, step: 1289, train_loss: -3.03835
TORCHFORT::WANDB: model: alpha, step: 1289, train_lr: 0.0001
TORCHFORT::WANDB: model: critic_0, step: 1290, train_loss: 0.31178
TORCHFORT::WANDB: model: critic_0, step: 1290, train_lr: 0.001
TORCHFORT::WANDB: model: actor, step: 1290, train_loss: -0.293387
TORCHFORT::WANDB: model: actor, step: 1290, train_lr: 0.001
TORCHFORT::WANDB: model: alpha, step: 1290, train_loss: -3.03862
TORCHFORT::WANDB: model: alpha, step: 1290, train_lr: 0.0001
TORCHFORT::WANDB: model: critic_0, step: 1291, train_loss: 0.336559
TORCHFORT::WANDB: model: critic_0, step: 1291, train_lr: 0.001
TORCHFORT::WANDB: model: actor, step: 1291, train_loss: -0.256116
TORCHFORT::WANDB: model: actor, step: 1291, train_lr: 0.001
TORCHFORT::WANDB: model: alpha, step: 1291, train_loss: -3.03885
TORCHFORT::WANDB: model: alpha, step: 1291, train_lr: 0.0001
TORCHFORT::WANDB: model: critic_0, step: 1292, train_loss: 0.317421
TORCHFORT::WANDB: model: critic_0, step: 1292, train_lr: 0.001
TORCHFORT::WANDB: model: actor, step: 1292, train_loss: -0.285702
TORCHFORT::WANDB: model: actor, step: 1292, train_lr: 0.001
TORCHFORT::WANDB: model: alpha, step: 1292, train_loss: -3.04153
TORCHFORT::WANDB: model: alpha, step: 1292, train_lr: 0.0001
TORCHFORT::WANDB: model: critic_0, step: 1293, train_loss: 0.336724
TORCHFORT::WANDB: model: critic_0, step: 1293, train_lr: 0.001
TORCHFORT::WANDB: model: actor, step: 1293, train_loss: -0.316858
TORCHFORT::WANDB: model: actor, step: 1293, train_lr: 0.001
TORCHFORT::WANDB: model: alpha, step: 1293, train_loss: -3.03821
TORCHFORT::WANDB: model: alpha, step: 1293, train_lr: 0.0001
TORCHFORT::WANDB: model: critic_0, step: 1294, train_loss: 0.319016
TORCHFORT::WANDB: model: critic_0, step: 1294, train_lr: 0.001
TORCHFORT::WANDB: model: actor, step: 1294, train_loss: -0.300582
TORCHFORT::WANDB: model: actor, step: 1294, train_lr: 0.001
TORCHFORT::WANDB: model: alpha, step: 1294, train_loss: -3.03434
TORCHFORT::WANDB: model: alpha, step: 1294, train_lr: 0.0001
TORCHFORT::WANDB: model: critic_0, step: 1295, train_loss: 0.329203
TORCHFORT::WANDB: model: critic_0, step: 1295, train_lr: 0.001
TORCHFORT::WANDB: model: actor, step: 1295, train_loss: -0.286282
TORCHFORT::WANDB: model: actor, step: 1295, train_lr: 0.001
TORCHFORT::WANDB: model: alpha, step: 1295, train_loss: -3.04131
TORCHFORT::WANDB: model: alpha, step: 1295, train_lr: 0.0001
TORCHFORT::WANDB: model: critic_0, step: 1296, train_loss: 0.339101
TORCHFORT::WANDB: model: critic_0, step: 1296, train_lr: 0.001
TORCHFORT::WANDB: model: actor, step: 1296, train_loss: -0.290851
TORCHFORT::WANDB: model: actor, step: 1296, train_lr: 0.001
TORCHFORT::WANDB: model: alpha, step: 1296, train_loss: -3.04112
TORCHFORT::WANDB: model: alpha, step: 1296, train_lr: 0.0001
TORCHFORT::WANDB: model: critic_0, step: 1297, train_loss: 0.333487
TORCHFORT::WANDB: model: critic_0, step: 1297, train_lr: 0.001
TORCHFORT::WANDB: model: actor, step: 1297, train_loss: -0.309132
TORCHFORT::WANDB: model: actor, step: 1297, train_lr: 0.001
TORCHFORT::WANDB: model: alpha, step: 1297, train_loss: -3.04026
TORCHFORT::WANDB: model: alpha, step: 1297, train_lr: 0.0001
TORCHFORT::WANDB: model: critic_0, step: 1298, train_loss: 0.345584
TORCHFORT::WANDB: model: critic_0, step: 1298, train_lr: 0.001
TORCHFORT::WANDB: model: actor, step: 1298, train_loss: -0.299757
TORCHFORT::WANDB: model: actor, step: 1298, train_lr: 0.001
TORCHFORT::WANDB: model: alpha, step: 1298, train_loss: -3.03438
TORCHFORT::WANDB: model: alpha, step: 1298, train_lr: 0.0001
TORCHFORT::WANDB: model: critic_0, step: 1299, train_loss: 0.332312
TORCHFORT::WANDB: model: critic_0, step: 1299, train_lr: 0.001
TORCHFORT::WANDB: model: actor, step: 1299, train_loss: -0.276974
TORCHFORT::WANDB: model: actor, step: 1299, train_lr: 0.001
TORCHFORT::WANDB: model: alpha, step: 1299, train_loss: -3.04206
TORCHFORT::WANDB: model: alpha, step: 1299, train_lr: 0.0001
TORCHFORT::WANDB: model: critic_0, step: 1300, train_loss: 0.326357
TORCHFORT::WANDB: model: critic_0, step: 1300, train_lr: 0.001
TORCHFORT::WANDB: model: actor, step: 1300, train_loss: -0.27851
TORCHFORT::WANDB: model: actor, step: 1300, train_lr: 0.001
TORCHFORT::WANDB: model: alpha, step: 1300, train_loss: -3.04656
TORCHFORT::WANDB: model: alpha, step: 1300, train_lr: 0.0001
TORCHFORT::WANDB: model: rlwm, step: 75, reward_sum: 3407.32
TORCHFORT::WANDB: model: rlwm, step: 75, reward_sum: 3407.32
TORCHFORT::WANDB: model: rlwm, step: 75, reward_sum: 3407.32
TORCHFORT::WANDB: model: rlwm, step: 75, reward_sum: 3407.32
TORCHFORT::WANDB: model: critic_0, step: 1301, train_loss: 0.36798
TORCHFORT::WANDB: model: critic_0, step: 1301, train_lr: 0.001
TORCHFORT::WANDB: model: actor, step: 1301, train_loss: -0.304558
TORCHFORT::WANDB: model: actor, step: 1301, train_lr: 0.001
TORCHFORT::WANDB: model: alpha, step: 1301, train_loss: -3.04563
TORCHFORT::WANDB: model: alpha, step: 1301, train_lr: 0.0001
TORCHFORT::WANDB: model: critic_0, step: 1302, train_loss: 0.360321
TORCHFORT::WANDB: model: critic_0, step: 1302, train_lr: 0.001
TORCHFORT::WANDB: model: actor, step: 1302, train_loss: -0.296619
TORCHFORT::WANDB: model: actor, step: 1302, train_lr: 0.001
TORCHFORT::WANDB: model: alpha, step: 1302, train_loss: -3.04688
TORCHFORT::WANDB: model: alpha, step: 1302, train_lr: 0.0001
TORCHFORT::WANDB: model: critic_0, step: 1303, train_loss: 0.358153
TORCHFORT::WANDB: model: critic_0, step: 1303, train_lr: 0.001
TORCHFORT::WANDB: model: actor, step: 1303, train_loss: -0.268731
TORCHFORT::WANDB: model: actor, step: 1303, train_lr: 0.001
TORCHFORT::WANDB: model: alpha, step: 1303, train_loss: -3.04149
TORCHFORT::WANDB: model: alpha, step: 1303, train_lr: 0.0001
TORCHFORT::WANDB: model: critic_0, step: 1304, train_loss: 0.36365
TORCHFORT::WANDB: model: critic_0, step: 1304, train_lr: 0.001
TORCHFORT::WANDB: model: actor, step: 1304, train_loss: -0.300299
TORCHFORT::WANDB: model: actor, step: 1304, train_lr: 0.001
TORCHFORT::WANDB: model: alpha, step: 1304, train_loss: -3.04159
TORCHFORT::WANDB: model: alpha, step: 1304, train_lr: 0.0001
TORCHFORT::WANDB: model: critic_0, step: 1305, train_loss: 0.346956
TORCHFORT::WANDB: model: critic_0, step: 1305, train_lr: 0.001
TORCHFORT::WANDB: model: actor, step: 1305, train_loss: -0.307902
TORCHFORT::WANDB: model: actor, step: 1305, train_lr: 0.001
TORCHFORT::WANDB: model: alpha, step: 1305, train_loss: -3.04576
TORCHFORT::WANDB: model: alpha, step: 1305, train_lr: 0.0001
TORCHFORT::WANDB: model: critic_0, step: 1306, train_loss: 0.362012
TORCHFORT::WANDB: model: critic_0, step: 1306, train_lr: 0.001
TORCHFORT::WANDB: model: actor, step: 1306, train_loss: -0.305859
TORCHFORT::WANDB: model: actor, step: 1306, train_lr: 0.001
TORCHFORT::WANDB: model: alpha, step: 1306, train_loss: -3.04341
TORCHFORT::WANDB: model: alpha, step: 1306, train_lr: 0.0001
TORCHFORT::WANDB: model: critic_0, step: 1307, train_loss: 0.365012
TORCHFORT::WANDB: model: critic_0, step: 1307, train_lr: 0.001
TORCHFORT::WANDB: model: actor, step: 1307, train_loss: -0.281649
TORCHFORT::WANDB: model: actor, step: 1307, train_lr: 0.001
TORCHFORT::WANDB: model: alpha, step: 1307, train_loss: -3.04384
TORCHFORT::WANDB: model: alpha, step: 1307, train_lr: 0.0001
TORCHFORT::WANDB: model: critic_0, step: 1308, train_loss: 0.348779
TORCHFORT::WANDB: model: critic_0, step: 1308, train_lr: 0.001
TORCHFORT::WANDB: model: actor, step: 1308, train_loss: -0.308449
TORCHFORT::WANDB: model: actor, step: 1308, train_lr: 0.001
TORCHFORT::WANDB: model: alpha, step: 1308, train_loss: -3.04617
TORCHFORT::WANDB: model: alpha, step: 1308, train_lr: 0.0001
TORCHFORT::WANDB: model: critic_0, step: 1309, train_loss: 0.335702
TORCHFORT::WANDB: model: critic_0, step: 1309, train_lr: 0.001
TORCHFORT::WANDB: model: actor, step: 1309, train_loss: -0.321982
TORCHFORT::WANDB: model: actor, step: 1309, train_lr: 0.001
TORCHFORT::WANDB: model: alpha, step: 1309, train_loss: -3.04781
TORCHFORT::WANDB: model: alpha, step: 1309, train_lr: 0.0001
TORCHFORT::WANDB: model: critic_0, step: 1310, train_loss: 0.352024
TORCHFORT::WANDB: model: critic_0, step: 1310, train_lr: 0.001
TORCHFORT::WANDB: model: actor, step: 1310, train_loss: -0.312618
TORCHFORT::WANDB: model: actor, step: 1310, train_lr: 0.001
TORCHFORT::WANDB: model: alpha, step: 1310, train_loss: -3.04427
TORCHFORT::WANDB: model: alpha, step: 1310, train_lr: 0.0001
TORCHFORT::WANDB: model: critic_0, step: 1311, train_loss: 0.336845
TORCHFORT::WANDB: model: critic_0, step: 1311, train_lr: 0.001
TORCHFORT::WANDB: model: actor, step: 1311, train_loss: -0.288595
TORCHFORT::WANDB: model: actor, step: 1311, train_lr: 0.001
TORCHFORT::WANDB: model: alpha, step: 1311, train_loss: -3.04324
TORCHFORT::WANDB: model: alpha, step: 1311, train_lr: 0.0001
TORCHFORT::WANDB: model: critic_0, step: 1312, train_loss: 0.343908
TORCHFORT::WANDB: model: critic_0, step: 1312, train_lr: 0.001
TORCHFORT::WANDB: model: actor, step: 1312, train_loss: -0.309673
TORCHFORT::WANDB: model: actor, step: 1312, train_lr: 0.001
TORCHFORT::WANDB: model: alpha, step: 1312, train_loss: -3.04272
TORCHFORT::WANDB: model: alpha, step: 1312, train_lr: 0.0001
TORCHFORT::WANDB: model: critic_0, step: 1313, train_loss: 0.326184
TORCHFORT::WANDB: model: critic_0, step: 1313, train_lr: 0.001
TORCHFORT::WANDB: model: actor, step: 1313, train_loss: -0.309119
TORCHFORT::WANDB: model: actor, step: 1313, train_lr: 0.001
TORCHFORT::WANDB: model: alpha, step: 1313, train_loss: -3.04615
TORCHFORT::WANDB: model: alpha, step: 1313, train_lr: 0.0001
TORCHFORT::WANDB: model: critic_0, step: 1314, train_loss: 0.339
TORCHFORT::WANDB: model: critic_0, step: 1314, train_lr: 0.001
TORCHFORT::WANDB: model: actor, step: 1314, train_loss: -0.297096
TORCHFORT::WANDB: model: actor, step: 1314, train_lr: 0.001
TORCHFORT::WANDB: model: alpha, step: 1314, train_loss: -3.04123
TORCHFORT::WANDB: model: alpha, step: 1314, train_lr: 0.0001
TORCHFORT::WANDB: model: critic_0, step: 1315, train_loss: 0.332183
TORCHFORT::WANDB: model: critic_0, step: 1315, train_lr: 0.001
TORCHFORT::WANDB: model: actor, step: 1315, train_loss: -0.312166
TORCHFORT::WANDB: model: actor, step: 1315, train_lr: 0.001
TORCHFORT::WANDB: model: alpha, step: 1315, train_loss: -3.04592
TORCHFORT::WANDB: model: alpha, step: 1315, train_lr: 0.0001
TORCHFORT::WANDB: model: critic_0, step: 1316, train_loss: 0.327026
TORCHFORT::WANDB: model: critic_0, step: 1316, train_lr: 0.001
TORCHFORT::WANDB: model: actor, step: 1316, train_loss: -0.303557
TORCHFORT::WANDB: model: actor, step: 1316, train_lr: 0.001
TORCHFORT::WANDB: model: alpha, step: 1316, train_loss: -3.04755
TORCHFORT::WANDB: model: alpha, step: 1316, train_lr: 0.0001
TORCHFORT::WANDB: model: critic_0, step: 1317, train_loss: 0.360887
TORCHFORT::WANDB: model: critic_0, step: 1317, train_lr: 0.001
TORCHFORT::WANDB: model: actor, step: 1317, train_loss: -0.29632
TORCHFORT::WANDB: model: actor, step: 1317, train_lr: 0.001
TORCHFORT::WANDB: model: alpha, step: 1317, train_loss: -3.04381
TORCHFORT::WANDB: model: alpha, step: 1317, train_lr: 0.0001
TORCHFORT::WANDB: model: critic_0, step: 1318, train_loss: 0.370792
TORCHFORT::WANDB: model: critic_0, step: 1318, train_lr: 0.001
TORCHFORT::WANDB: model: actor, step: 1318, train_loss: -0.307691
TORCHFORT::WANDB: model: actor, step: 1318, train_lr: 0.001
TORCHFORT::WANDB: model: alpha, step: 1318, train_loss: -3.04376
TORCHFORT::WANDB: model: alpha, step: 1318, train_lr: 0.0001
TORCHFORT::WANDB: model: critic_0, step: 1319, train_loss: 0.350731
TORCHFORT::WANDB: model: critic_0, step: 1319, train_lr: 0.001
TORCHFORT::WANDB: model: actor, step: 1319, train_loss: -0.322374
TORCHFORT::WANDB: model: actor, step: 1319, train_lr: 0.001
TORCHFORT::WANDB: model: alpha, step: 1319, train_loss: -3.04393
TORCHFORT::WANDB: model: alpha, step: 1319, train_lr: 0.0001
TORCHFORT::WANDB: model: critic_0, step: 1320, train_loss: 0.341221
TORCHFORT::WANDB: model: critic_0, step: 1320, train_lr: 0.001
TORCHFORT::WANDB: model: actor, step: 1320, train_loss: -0.305875
TORCHFORT::WANDB: model: actor, step: 1320, train_lr: 0.001
TORCHFORT::WANDB: model: alpha, step: 1320, train_loss: -3.0452
TORCHFORT::WANDB: model: alpha, step: 1320, train_lr: 0.0001
TORCHFORT::WANDB: model: rlwm, step: 76, reward_sum: 4098.95
TORCHFORT::WANDB: model: rlwm, step: 76, reward_sum: 4098.95
TORCHFORT::WANDB: model: rlwm, step: 76, reward_sum: 4098.95
TORCHFORT::WANDB: model: rlwm, step: 76, reward_sum: 4098.95
TORCHFORT::WANDB: model: critic_0, step: 1321, train_loss: 0.361037
TORCHFORT::WANDB: model: critic_0, step: 1321, train_lr: 0.001
TORCHFORT::WANDB: model: actor, step: 1321, train_loss: -0.286463
TORCHFORT::WANDB: model: actor, step: 1321, train_lr: 0.001
TORCHFORT::WANDB: model: alpha, step: 1321, train_loss: -3.04978
TORCHFORT::WANDB: model: alpha, step: 1321, train_lr: 0.0001
TORCHFORT::WANDB: model: critic_0, step: 1322, train_loss: 0.382832
TORCHFORT::WANDB: model: critic_0, step: 1322, train_lr: 0.001
TORCHFORT::WANDB: model: actor, step: 1322, train_loss: -0.348733
TORCHFORT::WANDB: model: actor, step: 1322, train_lr: 0.001
TORCHFORT::WANDB: model: alpha, step: 1322, train_loss: -3.04595
TORCHFORT::WANDB: model: alpha, step: 1322, train_lr: 0.0001
TORCHFORT::WANDB: model: critic_0, step: 1323, train_loss: 0.374293
TORCHFORT::WANDB: model: critic_0, step: 1323, train_lr: 0.001
TORCHFORT::WANDB: model: actor, step: 1323, train_loss: -0.359987
TORCHFORT::WANDB: model: actor, step: 1323, train_lr: 0.001
TORCHFORT::WANDB: model: alpha, step: 1323, train_loss: -3.04997
TORCHFORT::WANDB: model: alpha, step: 1323, train_lr: 0.0001
TORCHFORT::WANDB: model: critic_0, step: 1324, train_loss: 0.365819
TORCHFORT::WANDB: model: critic_0, step: 1324, train_lr: 0.001
TORCHFORT::WANDB: model: actor, step: 1324, train_loss: -0.293617
TORCHFORT::WANDB: model: actor, step: 1324, train_lr: 0.001
TORCHFORT::WANDB: model: alpha, step: 1324, train_loss: -3.04607
TORCHFORT::WANDB: model: alpha, step: 1324, train_lr: 0.0001
TORCHFORT::WANDB: model: critic_0, step: 1325, train_loss: 0.344221
TORCHFORT::WANDB: model: critic_0, step: 1325, train_lr: 0.001
TORCHFORT::WANDB: model: actor, step: 1325, train_loss: -0.27477
TORCHFORT::WANDB: model: actor, step: 1325, train_lr: 0.001
TORCHFORT::WANDB: model: alpha, step: 1325, train_loss: -3.05305
TORCHFORT::WANDB: model: alpha, step: 1325, train_lr: 0.0001
TORCHFORT::WANDB: model: critic_0, step: 1326, train_loss: 0.403536
TORCHFORT::WANDB: model: critic_0, step: 1326, train_lr: 0.001
TORCHFORT::WANDB: model: actor, step: 1326, train_loss: -0.330293
TORCHFORT::WANDB: model: actor, step: 1326, train_lr: 0.001
TORCHFORT::WANDB: model: alpha, step: 1326, train_loss: -3.04944
TORCHFORT::WANDB: model: alpha, step: 1326, train_lr: 0.0001
TORCHFORT::WANDB: model: critic_0, step: 1327, train_loss: 0.365433
TORCHFORT::WANDB: model: critic_0, step: 1327, train_lr: 0.001
TORCHFORT::WANDB: model: actor, step: 1327, train_loss: -0.350956
TORCHFORT::WANDB: model: actor, step: 1327, train_lr: 0.001
TORCHFORT::WANDB: model: alpha, step: 1327, train_loss: -3.05216
TORCHFORT::WANDB: model: alpha, step: 1327, train_lr: 0.0001
TORCHFORT::WANDB: model: critic_0, step: 1328, train_loss: 0.347579
TORCHFORT::WANDB: model: critic_0, step: 1328, train_lr: 0.001
TORCHFORT::WANDB: model: actor, step: 1328, train_loss: -0.312398
TORCHFORT::WANDB: model: actor, step: 1328, train_lr: 0.001
TORCHFORT::WANDB: model: alpha, step: 1328, train_loss: -3.05145
TORCHFORT::WANDB: model: alpha, step: 1328, train_lr: 0.0001
TORCHFORT::WANDB: model: critic_0, step: 1329, train_loss: 0.350739
TORCHFORT::WANDB: model: critic_0, step: 1329, train_lr: 0.001
TORCHFORT::WANDB: model: actor, step: 1329, train_loss: -0.284622
TORCHFORT::WANDB: model: actor, step: 1329, train_lr: 0.001
TORCHFORT::WANDB: model: alpha, step: 1329, train_loss: -3.04832
TORCHFORT::WANDB: model: alpha, step: 1329, train_lr: 0.0001
TORCHFORT::WANDB: model: critic_0, step: 1330, train_loss: 0.36708
TORCHFORT::WANDB: model: critic_0, step: 1330, train_lr: 0.001
TORCHFORT::WANDB: model: actor, step: 1330, train_loss: -0.325804
TORCHFORT::WANDB: model: actor, step: 1330, train_lr: 0.001
TORCHFORT::WANDB: model: alpha, step: 1330, train_loss: -3.04927
TORCHFORT::WANDB: model: alpha, step: 1330, train_lr: 0.0001
TORCHFORT::WANDB: model: critic_0, step: 1331, train_loss: 0.377133
TORCHFORT::WANDB: model: critic_0, step: 1331, train_lr: 0.001
TORCHFORT::WANDB: model: actor, step: 1331, train_loss: -0.368896
TORCHFORT::WANDB: model: actor, step: 1331, train_lr: 0.001
TORCHFORT::WANDB: model: alpha, step: 1331, train_loss: -3.05221
TORCHFORT::WANDB: model: alpha, step: 1331, train_lr: 0.0001
TORCHFORT::WANDB: model: critic_0, step: 1332, train_loss: 0.349195
TORCHFORT::WANDB: model: critic_0, step: 1332, train_lr: 0.001
TORCHFORT::WANDB: model: actor, step: 1332, train_loss: -0.333114
TORCHFORT::WANDB: model: actor, step: 1332, train_lr: 0.001
TORCHFORT::WANDB: model: alpha, step: 1332, train_loss: -3.05444
TORCHFORT::WANDB: model: alpha, step: 1332, train_lr: 0.0001
TORCHFORT::WANDB: model: critic_0, step: 1333, train_loss: 0.358321
TORCHFORT::WANDB: model: critic_0, step: 1333, train_lr: 0.001
TORCHFORT::WANDB: model: actor, step: 1333, train_loss: -0.280464
TORCHFORT::WANDB: model: actor, step: 1333, train_lr: 0.001
TORCHFORT::WANDB: model: alpha, step: 1333, train_loss: -3.05337
TORCHFORT::WANDB: model: alpha, step: 1333, train_lr: 0.0001
TORCHFORT::WANDB: model: critic_0, step: 1334, train_loss: 0.353164
TORCHFORT::WANDB: model: critic_0, step: 1334, train_lr: 0.001
TORCHFORT::WANDB: model: actor, step: 1334, train_loss: -0.28831
TORCHFORT::WANDB: model: actor, step: 1334, train_lr: 0.001
TORCHFORT::WANDB: model: alpha, step: 1334, train_loss: -3.05272
TORCHFORT::WANDB: model: alpha, step: 1334, train_lr: 0.0001
TORCHFORT::WANDB: model: critic_0, step: 1335, train_loss: 0.361611
TORCHFORT::WANDB: model: critic_0, step: 1335, train_lr: 0.001
TORCHFORT::WANDB: model: actor, step: 1335, train_loss: -0.374448
TORCHFORT::WANDB: model: actor, step: 1335, train_lr: 0.001
TORCHFORT::WANDB: model: alpha, step: 1335, train_loss: -3.05024
TORCHFORT::WANDB: model: alpha, step: 1335, train_lr: 0.0001
TORCHFORT::WANDB: model: critic_0, step: 1336, train_loss: 0.369528
TORCHFORT::WANDB: model: critic_0, step: 1336, train_lr: 0.001
TORCHFORT::WANDB: model: actor, step: 1336, train_loss: -0.339853
TORCHFORT::WANDB: model: actor, step: 1336, train_lr: 0.001
TORCHFORT::WANDB: model: alpha, step: 1336, train_loss: -3.05508
TORCHFORT::WANDB: model: alpha, step: 1336, train_lr: 0.0001
TORCHFORT::WANDB: model: critic_0, step: 1337, train_loss: 0.366863
TORCHFORT::WANDB: model: critic_0, step: 1337, train_lr: 0.001
TORCHFORT::WANDB: model: actor, step: 1337, train_loss: -0.27554
TORCHFORT::WANDB: model: actor, step: 1337, train_lr: 0.001
TORCHFORT::WANDB: model: alpha, step: 1337, train_loss: -3.05257
TORCHFORT::WANDB: model: alpha, step: 1337, train_lr: 0.0001
TORCHFORT::WANDB: model: critic_0, step: 1338, train_loss: 0.331805
TORCHFORT::WANDB: model: critic_0, step: 1338, train_lr: 0.001
TORCHFORT::WANDB: model: actor, step: 1338, train_loss: -0.298063
TORCHFORT::WANDB: model: actor, step: 1338, train_lr: 0.001
TORCHFORT::WANDB: model: alpha, step: 1338, train_loss: -3.05117
TORCHFORT::WANDB: model: alpha, step: 1338, train_lr: 0.0001
TORCHFORT::WANDB: model: critic_0, step: 1339, train_loss: 0.367401
TORCHFORT::WANDB: model: critic_0, step: 1339, train_lr: 0.001
TORCHFORT::WANDB: model: actor, step: 1339, train_loss: -0.358064
TORCHFORT::WANDB: model: actor, step: 1339, train_lr: 0.001
TORCHFORT::WANDB: model: alpha, step: 1339, train_loss: -3.05125
TORCHFORT::WANDB: model: alpha, step: 1339, train_lr: 0.0001
TORCHFORT::WANDB: model: critic_0, step: 1340, train_loss: 0.366885
TORCHFORT::WANDB: model: critic_0, step: 1340, train_lr: 0.001
TORCHFORT::WANDB: model: actor, step: 1340, train_loss: -0.38354
TORCHFORT::WANDB: model: actor, step: 1340, train_lr: 0.001
TORCHFORT::WANDB: model: alpha, step: 1340, train_loss: -3.04889
TORCHFORT::WANDB: model: alpha, step: 1340, train_lr: 0.0001
TORCHFORT::WANDB: model: rlwm, step: 77, reward_sum: 5151.31
TORCHFORT::WANDB: model: rlwm, step: 77, reward_sum: 5151.31
TORCHFORT::WANDB: model: rlwm, step: 77, reward_sum: 5151.31
TORCHFORT::WANDB: model: rlwm, step: 77, reward_sum: 5151.31
TORCHFORT::WANDB: model: critic_0, step: 1341, train_loss: 0.410775
TORCHFORT::WANDB: model: critic_0, step: 1341, train_lr: 0.001
TORCHFORT::WANDB: model: actor, step: 1341, train_loss: -0.288678
TORCHFORT::WANDB: model: actor, step: 1341, train_lr: 0.001
TORCHFORT::WANDB: model: alpha, step: 1341, train_loss: -3.05399
TORCHFORT::WANDB: model: alpha, step: 1341, train_lr: 0.0001
TORCHFORT::WANDB: model: critic_0, step: 1342, train_loss: 0.362107
TORCHFORT::WANDB: model: critic_0, step: 1342, train_lr: 0.001
TORCHFORT::WANDB: model: actor, step: 1342, train_loss: -0.272937
TORCHFORT::WANDB: model: actor, step: 1342, train_lr: 0.001
TORCHFORT::WANDB: model: alpha, step: 1342, train_loss: -3.05592
TORCHFORT::WANDB: model: alpha, step: 1342, train_lr: 0.0001
TORCHFORT::WANDB: model: critic_0, step: 1343, train_loss: 0.375636
TORCHFORT::WANDB: model: critic_0, step: 1343, train_lr: 0.001
TORCHFORT::WANDB: model: actor, step: 1343, train_loss: -0.334051
TORCHFORT::WANDB: model: actor, step: 1343, train_lr: 0.001
TORCHFORT::WANDB: model: alpha, step: 1343, train_loss: -3.05403
TORCHFORT::WANDB: model: alpha, step: 1343, train_lr: 0.0001
TORCHFORT::WANDB: model: critic_0, step: 1344, train_loss: 0.369878
TORCHFORT::WANDB: model: critic_0, step: 1344, train_lr: 0.001
TORCHFORT::WANDB: model: actor, step: 1344, train_loss: -0.397156
TORCHFORT::WANDB: model: actor, step: 1344, train_lr: 0.001
TORCHFORT::WANDB: model: alpha, step: 1344, train_loss: -3.05295
TORCHFORT::WANDB: model: alpha, step: 1344, train_lr: 0.0001
TORCHFORT::WANDB: model: critic_0, step: 1345, train_loss: 0.399279
TORCHFORT::WANDB: model: critic_0, step: 1345, train_lr: 0.001
TORCHFORT::WANDB: model: actor, step: 1345, train_loss: -0.353107
TORCHFORT::WANDB: model: actor, step: 1345, train_lr: 0.001
TORCHFORT::WANDB: model: alpha, step: 1345, train_loss: -3.04975
TORCHFORT::WANDB: model: alpha, step: 1345, train_lr: 0.0001
TORCHFORT::WANDB: model: critic_0, step: 1346, train_loss: 0.395419
TORCHFORT::WANDB: model: critic_0, step: 1346, train_lr: 0.001
TORCHFORT::WANDB: model: actor, step: 1346, train_loss: -0.268699
TORCHFORT::WANDB: model: actor, step: 1346, train_lr: 0.001
TORCHFORT::WANDB: model: alpha, step: 1346, train_loss: -3.0576
TORCHFORT::WANDB: model: alpha, step: 1346, train_lr: 0.0001
TORCHFORT::WANDB: model: critic_0, step: 1347, train_loss: 0.408811
TORCHFORT::WANDB: model: critic_0, step: 1347, train_lr: 0.001
TORCHFORT::WANDB: model: actor, step: 1347, train_loss: -0.28042
TORCHFORT::WANDB: model: actor, step: 1347, train_lr: 0.001
TORCHFORT::WANDB: model: alpha, step: 1347, train_loss: -3.0602
TORCHFORT::WANDB: model: alpha, step: 1347, train_lr: 0.0001
TORCHFORT::WANDB: model: critic_0, step: 1348, train_loss: 0.377489
TORCHFORT::WANDB: model: critic_0, step: 1348, train_lr: 0.001
TORCHFORT::WANDB: model: actor, step: 1348, train_loss: -0.387706
TORCHFORT::WANDB: model: actor, step: 1348, train_lr: 0.001
TORCHFORT::WANDB: model: alpha, step: 1348, train_loss: -3.05364
TORCHFORT::WANDB: model: alpha, step: 1348, train_lr: 0.0001
TORCHFORT::WANDB: model: critic_0, step: 1349, train_loss: 0.402595
TORCHFORT::WANDB: model: critic_0, step: 1349, train_lr: 0.001
TORCHFORT::WANDB: model: actor, step: 1349, train_loss: -0.410159
TORCHFORT::WANDB: model: actor, step: 1349, train_lr: 0.001
TORCHFORT::WANDB: model: alpha, step: 1349, train_loss: -3.0488
TORCHFORT::WANDB: model: alpha, step: 1349, train_lr: 0.0001
TORCHFORT::WANDB: model: critic_0, step: 1350, train_loss: 0.385146
TORCHFORT::WANDB: model: critic_0, step: 1350, train_lr: 0.001
TORCHFORT::WANDB: model: actor, step: 1350, train_loss: -0.317831
TORCHFORT::WANDB: model: actor, step: 1350, train_lr: 0.001
TORCHFORT::WANDB: model: alpha, step: 1350, train_loss: -3.05544
TORCHFORT::WANDB: model: alpha, step: 1350, train_lr: 0.0001
TORCHFORT::WANDB: model: critic_0, step: 1351, train_loss: 0.375037
TORCHFORT::WANDB: model: critic_0, step: 1351, train_lr: 0.001
TORCHFORT::WANDB: model: actor, step: 1351, train_loss: -0.237223
TORCHFORT::WANDB: model: actor, step: 1351, train_lr: 0.001
TORCHFORT::WANDB: model: alpha, step: 1351, train_loss: -3.04809
TORCHFORT::WANDB: model: alpha, step: 1351, train_lr: 0.0001
TORCHFORT::WANDB: model: critic_0, step: 1352, train_loss: 0.373579
TORCHFORT::WANDB: model: critic_0, step: 1352, train_lr: 0.001
TORCHFORT::WANDB: model: actor, step: 1352, train_loss: -0.315101
TORCHFORT::WANDB: model: actor, step: 1352, train_lr: 0.001
TORCHFORT::WANDB: model: alpha, step: 1352, train_loss: -3.05358
TORCHFORT::WANDB: model: alpha, step: 1352, train_lr: 0.0001
TORCHFORT::WANDB: model: critic_0, step: 1353, train_loss: 0.39236
TORCHFORT::WANDB: model: critic_0, step: 1353, train_lr: 0.001
TORCHFORT::WANDB: model: actor, step: 1353, train_loss: -0.401322
TORCHFORT::WANDB: model: actor, step: 1353, train_lr: 0.001
TORCHFORT::WANDB: model: alpha, step: 1353, train_loss: -3.05361
TORCHFORT::WANDB: model: alpha, step: 1353, train_lr: 0.0001
TORCHFORT::WANDB: model: critic_0, step: 1354, train_loss: 0.365118
TORCHFORT::WANDB: model: critic_0, step: 1354, train_lr: 0.001
TORCHFORT::WANDB: model: actor, step: 1354, train_loss: -0.373029
TORCHFORT::WANDB: model: actor, step: 1354, train_lr: 0.001
TORCHFORT::WANDB: model: alpha, step: 1354, train_loss: -3.05676
TORCHFORT::WANDB: model: alpha, step: 1354, train_lr: 0.0001
TORCHFORT::WANDB: model: critic_0, step: 1355, train_loss: 0.381547
TORCHFORT::WANDB: model: critic_0, step: 1355, train_lr: 0.001
TORCHFORT::WANDB: model: actor, step: 1355, train_loss: -0.306198
TORCHFORT::WANDB: model: actor, step: 1355, train_lr: 0.001
TORCHFORT::WANDB: model: alpha, step: 1355, train_loss: -3.05443
TORCHFORT::WANDB: model: alpha, step: 1355, train_lr: 0.0001
TORCHFORT::WANDB: model: critic_0, step: 1356, train_loss: 0.38815
TORCHFORT::WANDB: model: critic_0, step: 1356, train_lr: 0.001
TORCHFORT::WANDB: model: actor, step: 1356, train_loss: -0.27446
TORCHFORT::WANDB: model: actor, step: 1356, train_lr: 0.001
TORCHFORT::WANDB: model: alpha, step: 1356, train_loss: -3.05707
TORCHFORT::WANDB: model: alpha, step: 1356, train_lr: 0.0001
TORCHFORT::WANDB: model: critic_0, step: 1357, train_loss: 0.36731
TORCHFORT::WANDB: model: critic_0, step: 1357, train_lr: 0.001
TORCHFORT::WANDB: model: actor, step: 1357, train_loss: -0.331596
TORCHFORT::WANDB: model: actor, step: 1357, train_lr: 0.001
TORCHFORT::WANDB: model: alpha, step: 1357, train_loss: -3.05091
TORCHFORT::WANDB: model: alpha, step: 1357, train_lr: 0.0001
TORCHFORT::WANDB: model: critic_0, step: 1358, train_loss: 0.365216
TORCHFORT::WANDB: model: critic_0, step: 1358, train_lr: 0.001
TORCHFORT::WANDB: model: actor, step: 1358, train_loss: -0.39349
TORCHFORT::WANDB: model: actor, step: 1358, train_lr: 0.001
TORCHFORT::WANDB: model: alpha, step: 1358, train_loss: -3.06101
TORCHFORT::WANDB: model: alpha, step: 1358, train_lr: 0.0001
TORCHFORT::WANDB: model: critic_0, step: 1359, train_loss: 0.370113
TORCHFORT::WANDB: model: critic_0, step: 1359, train_lr: 0.001
TORCHFORT::WANDB: model: actor, step: 1359, train_loss: -0.378235
TORCHFORT::WANDB: model: actor, step: 1359, train_lr: 0.001
TORCHFORT::WANDB: model: alpha, step: 1359, train_loss: -3.05708
TORCHFORT::WANDB: model: alpha, step: 1359, train_lr: 0.0001
TORCHFORT::WANDB: model: critic_0, step: 1360, train_loss: 0.384911
TORCHFORT::WANDB: model: critic_0, step: 1360, train_lr: 0.001
TORCHFORT::WANDB: model: actor, step: 1360, train_loss: -0.318208
TORCHFORT::WANDB: model: actor, step: 1360, train_lr: 0.001
TORCHFORT::WANDB: model: alpha, step: 1360, train_loss: -3.05854
TORCHFORT::WANDB: model: alpha, step: 1360, train_lr: 0.0001
TORCHFORT::WANDB: model: rlwm, step: 78, reward_sum: 4373.94
TORCHFORT::WANDB: model: rlwm, step: 78, reward_sum: 4373.94
TORCHFORT::WANDB: model: rlwm, step: 78, reward_sum: 4373.94
TORCHFORT::WANDB: model: rlwm, step: 78, reward_sum: 4373.94
TORCHFORT::WANDB: model: critic_0, step: 1361, train_loss: 0.418816
TORCHFORT::WANDB: model: critic_0, step: 1361, train_lr: 0.001
TORCHFORT::WANDB: model: actor, step: 1361, train_loss: -0.308134
TORCHFORT::WANDB: model: actor, step: 1361, train_lr: 0.001
TORCHFORT::WANDB: model: alpha, step: 1361, train_loss: -3.06022
TORCHFORT::WANDB: model: alpha, step: 1361, train_lr: 0.0001
TORCHFORT::WANDB: model: critic_0, step: 1362, train_loss: 0.3875
TORCHFORT::WANDB: model: critic_0, step: 1362, train_lr: 0.001
TORCHFORT::WANDB: model: actor, step: 1362, train_loss: -0.366954
TORCHFORT::WANDB: model: actor, step: 1362, train_lr: 0.001
TORCHFORT::WANDB: model: alpha, step: 1362, train_loss: -3.0599
TORCHFORT::WANDB: model: alpha, step: 1362, train_lr: 0.0001
TORCHFORT::WANDB: model: critic_0, step: 1363, train_loss: 0.381526
TORCHFORT::WANDB: model: critic_0, step: 1363, train_lr: 0.001
TORCHFORT::WANDB: model: actor, step: 1363, train_loss: -0.3516
TORCHFORT::WANDB: model: actor, step: 1363, train_lr: 0.001
TORCHFORT::WANDB: model: alpha, step: 1363, train_loss: -3.05143
TORCHFORT::WANDB: model: alpha, step: 1363, train_lr: 0.0001
TORCHFORT::WANDB: model: critic_0, step: 1364, train_loss: 0.380487
TORCHFORT::WANDB: model: critic_0, step: 1364, train_lr: 0.001
TORCHFORT::WANDB: model: actor, step: 1364, train_loss: -0.342331
TORCHFORT::WANDB: model: actor, step: 1364, train_lr: 0.001
TORCHFORT::WANDB: model: alpha, step: 1364, train_loss: -3.05567
TORCHFORT::WANDB: model: alpha, step: 1364, train_lr: 0.0001
TORCHFORT::WANDB: model: critic_0, step: 1365, train_loss: 0.354938
TORCHFORT::WANDB: model: critic_0, step: 1365, train_lr: 0.001
TORCHFORT::WANDB: model: actor, step: 1365, train_loss: -0.329028
TORCHFORT::WANDB: model: actor, step: 1365, train_lr: 0.001
TORCHFORT::WANDB: model: alpha, step: 1365, train_loss: -3.05802
TORCHFORT::WANDB: model: alpha, step: 1365, train_lr: 0.0001
TORCHFORT::WANDB: model: critic_0, step: 1366, train_loss: 0.384447
TORCHFORT::WANDB: model: critic_0, step: 1366, train_lr: 0.001
TORCHFORT::WANDB: model: actor, step: 1366, train_loss: -0.343476
TORCHFORT::WANDB: model: actor, step: 1366, train_lr: 0.001
TORCHFORT::WANDB: model: alpha, step: 1366, train_loss: -3.05715
TORCHFORT::WANDB: model: alpha, step: 1366, train_lr: 0.0001
TORCHFORT::WANDB: model: critic_0, step: 1367, train_loss: 0.375464
TORCHFORT::WANDB: model: critic_0, step: 1367, train_lr: 0.001
TORCHFORT::WANDB: model: actor, step: 1367, train_loss: -0.378677
TORCHFORT::WANDB: model: actor, step: 1367, train_lr: 0.001
TORCHFORT::WANDB: model: alpha, step: 1367, train_loss: -3.05773
TORCHFORT::WANDB: model: alpha, step: 1367, train_lr: 0.0001
TORCHFORT::WANDB: model: critic_0, step: 1368, train_loss: 0.425332
TORCHFORT::WANDB: model: critic_0, step: 1368, train_lr: 0.001
TORCHFORT::WANDB: model: actor, step: 1368, train_loss: -0.369746
TORCHFORT::WANDB: model: actor, step: 1368, train_lr: 0.001
TORCHFORT::WANDB: model: alpha, step: 1368, train_loss: -3.06053
TORCHFORT::WANDB: model: alpha, step: 1368, train_lr: 0.0001
TORCHFORT::WANDB: model: critic_0, step: 1369, train_loss: 0.392307
TORCHFORT::WANDB: model: critic_0, step: 1369, train_lr: 0.001
TORCHFORT::WANDB: model: actor, step: 1369, train_loss: -0.342571
TORCHFORT::WANDB: model: actor, step: 1369, train_lr: 0.001
TORCHFORT::WANDB: model: alpha, step: 1369, train_loss: -3.05569
TORCHFORT::WANDB: model: alpha, step: 1369, train_lr: 0.0001
TORCHFORT::WANDB: model: critic_0, step: 1370, train_loss: 0.412352
TORCHFORT::WANDB: model: critic_0, step: 1370, train_lr: 0.001
TORCHFORT::WANDB: model: actor, step: 1370, train_loss: -0.337025
TORCHFORT::WANDB: model: actor, step: 1370, train_lr: 0.001
TORCHFORT::WANDB: model: alpha, step: 1370, train_loss: -3.0551
TORCHFORT::WANDB: model: alpha, step: 1370, train_lr: 0.0001
TORCHFORT::WANDB: model: critic_0, step: 1371, train_loss: 0.399028
TORCHFORT::WANDB: model: critic_0, step: 1371, train_lr: 0.001
TORCHFORT::WANDB: model: actor, step: 1371, train_loss: -0.345136
TORCHFORT::WANDB: model: actor, step: 1371, train_lr: 0.001
TORCHFORT::WANDB: model: alpha, step: 1371, train_loss: -3.05941
TORCHFORT::WANDB: model: alpha, step: 1371, train_lr: 0.0001
TORCHFORT::WANDB: model: critic_0, step: 1372, train_loss: 0.394558
TORCHFORT::WANDB: model: critic_0, step: 1372, train_lr: 0.001
TORCHFORT::WANDB: model: actor, step: 1372, train_loss: -0.355303
TORCHFORT::WANDB: model: actor, step: 1372, train_lr: 0.001
TORCHFORT::WANDB: model: alpha, step: 1372, train_loss: -3.05626
TORCHFORT::WANDB: model: alpha, step: 1372, train_lr: 0.0001
TORCHFORT::WANDB: model: critic_0, step: 1373, train_loss: 0.366895
TORCHFORT::WANDB: model: critic_0, step: 1373, train_lr: 0.001
TORCHFORT::WANDB: model: actor, step: 1373, train_loss: -0.374155
TORCHFORT::WANDB: model: actor, step: 1373, train_lr: 0.001
TORCHFORT::WANDB: model: alpha, step: 1373, train_loss: -3.05713
TORCHFORT::WANDB: model: alpha, step: 1373, train_lr: 0.0001
TORCHFORT::WANDB: model: critic_0, step: 1374, train_loss: 0.380751
TORCHFORT::WANDB: model: critic_0, step: 1374, train_lr: 0.001
TORCHFORT::WANDB: model: actor, step: 1374, train_loss: -0.339132
TORCHFORT::WANDB: model: actor, step: 1374, train_lr: 0.001
TORCHFORT::WANDB: model: alpha, step: 1374, train_loss: -3.05797
TORCHFORT::WANDB: model: alpha, step: 1374, train_lr: 0.0001
TORCHFORT::WANDB: model: critic_0, step: 1375, train_loss: 0.416121
TORCHFORT::WANDB: model: critic_0, step: 1375, train_lr: 0.001
TORCHFORT::WANDB: model: actor, step: 1375, train_loss: -0.327907
TORCHFORT::WANDB: model: actor, step: 1375, train_lr: 0.001
TORCHFORT::WANDB: model: alpha, step: 1375, train_loss: -3.0617
TORCHFORT::WANDB: model: alpha, step: 1375, train_lr: 0.0001
TORCHFORT::WANDB: model: critic_0, step: 1376, train_loss: 0.382468
TORCHFORT::WANDB: model: critic_0, step: 1376, train_lr: 0.001
TORCHFORT::WANDB: model: actor, step: 1376, train_loss: -0.357259
TORCHFORT::WANDB: model: actor, step: 1376, train_lr: 0.001
TORCHFORT::WANDB: model: alpha, step: 1376, train_loss: -3.06335
TORCHFORT::WANDB: model: alpha, step: 1376, train_lr: 0.0001
TORCHFORT::WANDB: model: critic_0, step: 1377, train_loss: 0.433063
TORCHFORT::WANDB: model: critic_0, step: 1377, train_lr: 0.001
TORCHFORT::WANDB: model: actor, step: 1377, train_loss: -0.377051
TORCHFORT::WANDB: model: actor, step: 1377, train_lr: 0.001
TORCHFORT::WANDB: model: alpha, step: 1377, train_loss: -3.06018
TORCHFORT::WANDB: model: alpha, step: 1377, train_lr: 0.0001
TORCHFORT::WANDB: model: critic_0, step: 1378, train_loss: 0.373844
TORCHFORT::WANDB: model: critic_0, step: 1378, train_lr: 0.001
TORCHFORT::WANDB: model: actor, step: 1378, train_loss: -0.371911
TORCHFORT::WANDB: model: actor, step: 1378, train_lr: 0.001
TORCHFORT::WANDB: model: alpha, step: 1378, train_loss: -3.06504
TORCHFORT::WANDB: model: alpha, step: 1378, train_lr: 0.0001
TORCHFORT::WANDB: model: critic_0, step: 1379, train_loss: 0.403998
TORCHFORT::WANDB: model: critic_0, step: 1379, train_lr: 0.001
TORCHFORT::WANDB: model: actor, step: 1379, train_loss: -0.340692
TORCHFORT::WANDB: model: actor, step: 1379, train_lr: 0.001
TORCHFORT::WANDB: model: alpha, step: 1379, train_loss: -3.06588
TORCHFORT::WANDB: model: alpha, step: 1379, train_lr: 0.0001
TORCHFORT::WANDB: model: critic_0, step: 1380, train_loss: 0.405729
TORCHFORT::WANDB: model: critic_0, step: 1380, train_lr: 0.001
TORCHFORT::WANDB: model: actor, step: 1380, train_loss: -0.323066
TORCHFORT::WANDB: model: actor, step: 1380, train_lr: 0.001
TORCHFORT::WANDB: model: alpha, step: 1380, train_loss: -3.06467
TORCHFORT::WANDB: model: alpha, step: 1380, train_lr: 0.0001
TORCHFORT::WANDB: model: rlwm, step: 79, reward_sum: 4637.26
TORCHFORT::WANDB: model: rlwm, step: 79, reward_sum: 4637.26
TORCHFORT::WANDB: model: rlwm, step: 79, reward_sum: 4637.26
TORCHFORT::WANDB: model: rlwm, step: 79, reward_sum: 4637.26
TORCHFORT::WANDB: model: critic_0, step: 1381, train_loss: 0.421856
TORCHFORT::WANDB: model: critic_0, step: 1381, train_lr: 0.001
TORCHFORT::WANDB: model: actor, step: 1381, train_loss: -0.355215
TORCHFORT::WANDB: model: actor, step: 1381, train_lr: 0.001
TORCHFORT::WANDB: model: alpha, step: 1381, train_loss: -3.06643
TORCHFORT::WANDB: model: alpha, step: 1381, train_lr: 0.0001
TORCHFORT::WANDB: model: critic_0, step: 1382, train_loss: 0.389568
TORCHFORT::WANDB: model: critic_0, step: 1382, train_lr: 0.001
TORCHFORT::WANDB: model: actor, step: 1382, train_loss: -0.387966
TORCHFORT::WANDB: model: actor, step: 1382, train_lr: 0.001
TORCHFORT::WANDB: model: alpha, step: 1382, train_loss: -3.06619
TORCHFORT::WANDB: model: alpha, step: 1382, train_lr: 0.0001
TORCHFORT::WANDB: model: critic_0, step: 1383, train_loss: 0.384372
TORCHFORT::WANDB: model: critic_0, step: 1383, train_lr: 0.001
TORCHFORT::WANDB: model: actor, step: 1383, train_loss: -0.372675
TORCHFORT::WANDB: model: actor, step: 1383, train_lr: 0.001
TORCHFORT::WANDB: model: alpha, step: 1383, train_loss: -3.06308
TORCHFORT::WANDB: model: alpha, step: 1383, train_lr: 0.0001
TORCHFORT::WANDB: model: critic_0, step: 1384, train_loss: 0.431869
TORCHFORT::WANDB: model: critic_0, step: 1384, train_lr: 0.001
TORCHFORT::WANDB: model: actor, step: 1384, train_loss: -0.330505
TORCHFORT::WANDB: model: actor, step: 1384, train_lr: 0.001
TORCHFORT::WANDB: model: alpha, step: 1384, train_loss: -3.06561
TORCHFORT::WANDB: model: alpha, step: 1384, train_lr: 0.0001
TORCHFORT::WANDB: model: critic_0, step: 1385, train_loss: 0.42069
TORCHFORT::WANDB: model: critic_0, step: 1385, train_lr: 0.001
TORCHFORT::WANDB: model: actor, step: 1385, train_loss: -0.345558
TORCHFORT::WANDB: model: actor, step: 1385, train_lr: 0.001
TORCHFORT::WANDB: model: alpha, step: 1385, train_loss: -3.06765
TORCHFORT::WANDB: model: alpha, step: 1385, train_lr: 0.0001
TORCHFORT::WANDB: model: critic_0, step: 1386, train_loss: 0.416455
TORCHFORT::WANDB: model: critic_0, step: 1386, train_lr: 0.001
TORCHFORT::WANDB: model: actor, step: 1386, train_loss: -0.387529
TORCHFORT::WANDB: model: actor, step: 1386, train_lr: 0.001
TORCHFORT::WANDB: model: alpha, step: 1386, train_loss: -3.06285
TORCHFORT::WANDB: model: alpha, step: 1386, train_lr: 0.0001
TORCHFORT::WANDB: model: critic_0, step: 1387, train_loss: 0.369902
TORCHFORT::WANDB: model: critic_0, step: 1387, train_lr: 0.001
TORCHFORT::WANDB: model: actor, step: 1387, train_loss: -0.37853
TORCHFORT::WANDB: model: actor, step: 1387, train_lr: 0.001
TORCHFORT::WANDB: model: alpha, step: 1387, train_loss: -3.06826
TORCHFORT::WANDB: model: alpha, step: 1387, train_lr: 0.0001
TORCHFORT::WANDB: model: critic_0, step: 1388, train_loss: 0.440157
TORCHFORT::WANDB: model: critic_0, step: 1388, train_lr: 0.001
TORCHFORT::WANDB: model: actor, step: 1388, train_loss: -0.352234
TORCHFORT::WANDB: model: actor, step: 1388, train_lr: 0.001
TORCHFORT::WANDB: model: alpha, step: 1388, train_loss: -3.06618
TORCHFORT::WANDB: model: alpha, step: 1388, train_lr: 0.0001
TORCHFORT::WANDB: model: critic_0, step: 1389, train_loss: 0.386068
TORCHFORT::WANDB: model: critic_0, step: 1389, train_lr: 0.001
TORCHFORT::WANDB: model: actor, step: 1389, train_loss: -0.325368
TORCHFORT::WANDB: model: actor, step: 1389, train_lr: 0.001
TORCHFORT::WANDB: model: alpha, step: 1389, train_loss: -3.06263
TORCHFORT::WANDB: model: alpha, step: 1389, train_lr: 0.0001
TORCHFORT::WANDB: model: critic_0, step: 1390, train_loss: 0.42726
TORCHFORT::WANDB: model: critic_0, step: 1390, train_lr: 0.001
TORCHFORT::WANDB: model: actor, step: 1390, train_loss: -0.351205
TORCHFORT::WANDB: model: actor, step: 1390, train_lr: 0.001
TORCHFORT::WANDB: model: alpha, step: 1390, train_loss: -3.06338
TORCHFORT::WANDB: model: alpha, step: 1390, train_lr: 0.0001
TORCHFORT::WANDB: model: critic_0, step: 1391, train_loss: 0.418761
TORCHFORT::WANDB: model: critic_0, step: 1391, train_lr: 0.001
TORCHFORT::WANDB: model: actor, step: 1391, train_loss: -0.401461
TORCHFORT::WANDB: model: actor, step: 1391, train_lr: 0.001
TORCHFORT::WANDB: model: alpha, step: 1391, train_loss: -3.06074
TORCHFORT::WANDB: model: alpha, step: 1391, train_lr: 0.0001
TORCHFORT::WANDB: model: critic_0, step: 1392, train_loss: 0.431995
TORCHFORT::WANDB: model: critic_0, step: 1392, train_lr: 0.001
TORCHFORT::WANDB: model: actor, step: 1392, train_loss: -0.393032
TORCHFORT::WANDB: model: actor, step: 1392, train_lr: 0.001
TORCHFORT::WANDB: model: alpha, step: 1392, train_loss: -3.06304
TORCHFORT::WANDB: model: alpha, step: 1392, train_lr: 0.0001
TORCHFORT::WANDB: model: critic_0, step: 1393, train_loss: 0.38112
TORCHFORT::WANDB: model: critic_0, step: 1393, train_lr: 0.001
TORCHFORT::WANDB: model: actor, step: 1393, train_loss: -0.351957
TORCHFORT::WANDB: model: actor, step: 1393, train_lr: 0.001
TORCHFORT::WANDB: model: alpha, step: 1393, train_loss: -3.06271
TORCHFORT::WANDB: model: alpha, step: 1393, train_lr: 0.0001
TORCHFORT::WANDB: model: critic_0, step: 1394, train_loss: 0.401617
TORCHFORT::WANDB: model: critic_0, step: 1394, train_lr: 0.001
TORCHFORT::WANDB: model: actor, step: 1394, train_loss: -0.328246
TORCHFORT::WANDB: model: actor, step: 1394, train_lr: 0.001
TORCHFORT::WANDB: model: alpha, step: 1394, train_loss: -3.06529
TORCHFORT::WANDB: model: alpha, step: 1394, train_lr: 0.0001
TORCHFORT::WANDB: model: critic_0, step: 1395, train_loss: 0.414512
TORCHFORT::WANDB: model: critic_0, step: 1395, train_lr: 0.001
TORCHFORT::WANDB: model: actor, step: 1395, train_loss: -0.367464
TORCHFORT::WANDB: model: actor, step: 1395, train_lr: 0.001
TORCHFORT::WANDB: model: alpha, step: 1395, train_loss: -3.06523
TORCHFORT::WANDB: model: alpha, step: 1395, train_lr: 0.0001
TORCHFORT::WANDB: model: critic_0, step: 1396, train_loss: 0.413918
TORCHFORT::WANDB: model: critic_0, step: 1396, train_lr: 0.001
TORCHFORT::WANDB: model: actor, step: 1396, train_loss: -0.422681
TORCHFORT::WANDB: model: actor, step: 1396, train_lr: 0.001
TORCHFORT::WANDB: model: alpha, step: 1396, train_loss: -3.06525
TORCHFORT::WANDB: model: alpha, step: 1396, train_lr: 0.0001
TORCHFORT::WANDB: model: critic_0, step: 1397, train_loss: 0.43111
TORCHFORT::WANDB: model: critic_0, step: 1397, train_lr: 0.001
TORCHFORT::WANDB: model: actor, step: 1397, train_loss: -0.405621
TORCHFORT::WANDB: model: actor, step: 1397, train_lr: 0.001
TORCHFORT::WANDB: model: alpha, step: 1397, train_loss: -3.0654
TORCHFORT::WANDB: model: alpha, step: 1397, train_lr: 0.0001
TORCHFORT::WANDB: model: critic_0, step: 1398, train_loss: 0.410536
TORCHFORT::WANDB: model: critic_0, step: 1398, train_lr: 0.001
TORCHFORT::WANDB: model: actor, step: 1398, train_loss: -0.332462
TORCHFORT::WANDB: model: actor, step: 1398, train_lr: 0.001
TORCHFORT::WANDB: model: alpha, step: 1398, train_loss: -3.06105
TORCHFORT::WANDB: model: alpha, step: 1398, train_lr: 0.0001
TORCHFORT::WANDB: model: critic_0, step: 1399, train_loss: 0.416581
TORCHFORT::WANDB: model: critic_0, step: 1399, train_lr: 0.001
TORCHFORT::WANDB: model: actor, step: 1399, train_loss: -0.320998
TORCHFORT::WANDB: model: actor, step: 1399, train_lr: 0.001
TORCHFORT::WANDB: model: alpha, step: 1399, train_loss: -3.06063
TORCHFORT::WANDB: model: alpha, step: 1399, train_lr: 0.0001
TORCHFORT::WANDB: model: critic_0, step: 1400, train_loss: 0.388331
TORCHFORT::WANDB: model: critic_0, step: 1400, train_lr: 0.001
TORCHFORT::WANDB: model: actor, step: 1400, train_loss: -0.390226
TORCHFORT::WANDB: model: actor, step: 1400, train_lr: 0.001
TORCHFORT::WANDB: model: alpha, step: 1400, train_loss: -3.06623
TORCHFORT::WANDB: model: alpha, step: 1400, train_lr: 0.0001
TORCHFORT::WANDB: model: rlwm, step: 80, reward_sum: 3634.84
TORCHFORT::WANDB: model: rlwm, step: 80, reward_sum: 3634.84
TORCHFORT::WANDB: model: rlwm, step: 80, reward_sum: 3634.84
TORCHFORT::WANDB: model: rlwm, step: 80, reward_sum: 3634.84
TORCHFORT::WANDB: model: critic_0, step: 1401, train_loss: 0.424212
TORCHFORT::WANDB: model: critic_0, step: 1401, train_lr: 0.001
TORCHFORT::WANDB: model: actor, step: 1401, train_loss: -0.444661
TORCHFORT::WANDB: model: actor, step: 1401, train_lr: 0.001
TORCHFORT::WANDB: model: alpha, step: 1401, train_loss: -3.06151
TORCHFORT::WANDB: model: alpha, step: 1401, train_lr: 0.0001
TORCHFORT::WANDB: model: critic_0, step: 1402, train_loss: 0.457822
TORCHFORT::WANDB: model: critic_0, step: 1402, train_lr: 0.001
TORCHFORT::WANDB: model: actor, step: 1402, train_loss: -0.390622
TORCHFORT::WANDB: model: actor, step: 1402, train_lr: 0.001
TORCHFORT::WANDB: model: alpha, step: 1402, train_loss: -3.06664
TORCHFORT::WANDB: model: alpha, step: 1402, train_lr: 0.0001
TORCHFORT::WANDB: model: critic_0, step: 1403, train_loss: 0.484912
TORCHFORT::WANDB: model: critic_0, step: 1403, train_lr: 0.001
TORCHFORT::WANDB: model: actor, step: 1403, train_loss: -0.322258
TORCHFORT::WANDB: model: actor, step: 1403, train_lr: 0.001
TORCHFORT::WANDB: model: alpha, step: 1403, train_loss: -3.06665
TORCHFORT::WANDB: model: alpha, step: 1403, train_lr: 0.0001
TORCHFORT::WANDB: model: critic_0, step: 1404, train_loss: 0.464757
TORCHFORT::WANDB: model: critic_0, step: 1404, train_lr: 0.001
TORCHFORT::WANDB: model: actor, step: 1404, train_loss: -0.328135
TORCHFORT::WANDB: model: actor, step: 1404, train_lr: 0.001
TORCHFORT::WANDB: model: alpha, step: 1404, train_loss: -3.0703
TORCHFORT::WANDB: model: alpha, step: 1404, train_lr: 0.0001
TORCHFORT::WANDB: model: critic_0, step: 1405, train_loss: 0.414051
TORCHFORT::WANDB: model: critic_0, step: 1405, train_lr: 0.001
TORCHFORT::WANDB: model: actor, step: 1405, train_loss: -0.415896
TORCHFORT::WANDB: model: actor, step: 1405, train_lr: 0.001
TORCHFORT::WANDB: model: alpha, step: 1405, train_loss: -3.06693
TORCHFORT::WANDB: model: alpha, step: 1405, train_lr: 0.0001
TORCHFORT::WANDB: model: critic_0, step: 1406, train_loss: 0.425453
TORCHFORT::WANDB: model: critic_0, step: 1406, train_lr: 0.001
TORCHFORT::WANDB: model: actor, step: 1406, train_loss: -0.452984
TORCHFORT::WANDB: model: actor, step: 1406, train_lr: 0.001
TORCHFORT::WANDB: model: alpha, step: 1406, train_loss: -3.06911
TORCHFORT::WANDB: model: alpha, step: 1406, train_lr: 0.0001
TORCHFORT::WANDB: model: critic_0, step: 1407, train_loss: 0.418058
TORCHFORT::WANDB: model: critic_0, step: 1407, train_lr: 0.001
TORCHFORT::WANDB: model: actor, step: 1407, train_loss: -0.384858
TORCHFORT::WANDB: model: actor, step: 1407, train_lr: 0.001
TORCHFORT::WANDB: model: alpha, step: 1407, train_loss: -3.06913
TORCHFORT::WANDB: model: alpha, step: 1407, train_lr: 0.0001
TORCHFORT::WANDB: model: critic_0, step: 1408, train_loss: 0.402499
TORCHFORT::WANDB: model: critic_0, step: 1408, train_lr: 0.001
TORCHFORT::WANDB: model: actor, step: 1408, train_loss: -0.31899
TORCHFORT::WANDB: model: actor, step: 1408, train_lr: 0.001
TORCHFORT::WANDB: model: alpha, step: 1408, train_loss: -3.0697
TORCHFORT::WANDB: model: alpha, step: 1408, train_lr: 0.0001
TORCHFORT::WANDB: model: critic_0, step: 1409, train_loss: 0.41927
TORCHFORT::WANDB: model: critic_0, step: 1409, train_lr: 0.001
TORCHFORT::WANDB: model: actor, step: 1409, train_loss: -0.341222
TORCHFORT::WANDB: model: actor, step: 1409, train_lr: 0.001
TORCHFORT::WANDB: model: alpha, step: 1409, train_loss: -3.07195
TORCHFORT::WANDB: model: alpha, step: 1409, train_lr: 0.0001
TORCHFORT::WANDB: model: critic_0, step: 1410, train_loss: 0.415877
TORCHFORT::WANDB: model: critic_0, step: 1410, train_lr: 0.001
TORCHFORT::WANDB: model: actor, step: 1410, train_loss: -0.407073
TORCHFORT::WANDB: model: actor, step: 1410, train_lr: 0.001
TORCHFORT::WANDB: model: alpha, step: 1410, train_loss: -3.07132
TORCHFORT::WANDB: model: alpha, step: 1410, train_lr: 0.0001
TORCHFORT::WANDB: model: critic_0, step: 1411, train_loss: 0.418475
TORCHFORT::WANDB: model: critic_0, step: 1411, train_lr: 0.001
TORCHFORT::WANDB: model: actor, step: 1411, train_loss: -0.447861
TORCHFORT::WANDB: model: actor, step: 1411, train_lr: 0.001
TORCHFORT::WANDB: model: alpha, step: 1411, train_loss: -3.07005
TORCHFORT::WANDB: model: alpha, step: 1411, train_lr: 0.0001
TORCHFORT::WANDB: model: critic_0, step: 1412, train_loss: 0.469964
TORCHFORT::WANDB: model: critic_0, step: 1412, train_lr: 0.001
TORCHFORT::WANDB: model: actor, step: 1412, train_loss: -0.403188
TORCHFORT::WANDB: model: actor, step: 1412, train_lr: 0.001
TORCHFORT::WANDB: model: alpha, step: 1412, train_loss: -3.07351
TORCHFORT::WANDB: model: alpha, step: 1412, train_lr: 0.0001
TORCHFORT::WANDB: model: critic_0, step: 1413, train_loss: 0.404927
TORCHFORT::WANDB: model: critic_0, step: 1413, train_lr: 0.001
TORCHFORT::WANDB: model: actor, step: 1413, train_loss: -0.333409
TORCHFORT::WANDB: model: actor, step: 1413, train_lr: 0.001
TORCHFORT::WANDB: model: alpha, step: 1413, train_loss: -3.07229
TORCHFORT::WANDB: model: alpha, step: 1413, train_lr: 0.0001
TORCHFORT::WANDB: model: critic_0, step: 1414, train_loss: 0.438045
TORCHFORT::WANDB: model: critic_0, step: 1414, train_lr: 0.001
TORCHFORT::WANDB: model: actor, step: 1414, train_loss: -0.336214
TORCHFORT::WANDB: model: actor, step: 1414, train_lr: 0.001
TORCHFORT::WANDB: model: alpha, step: 1414, train_loss: -3.07181
TORCHFORT::WANDB: model: alpha, step: 1414, train_lr: 0.0001
TORCHFORT::WANDB: model: critic_0, step: 1415, train_loss: 0.434074
TORCHFORT::WANDB: model: critic_0, step: 1415, train_lr: 0.001
TORCHFORT::WANDB: model: actor, step: 1415, train_loss: -0.422534
TORCHFORT::WANDB: model: actor, step: 1415, train_lr: 0.001
TORCHFORT::WANDB: model: alpha, step: 1415, train_loss: -3.07359
TORCHFORT::WANDB: model: alpha, step: 1415, train_lr: 0.0001
TORCHFORT::WANDB: model: critic_0, step: 1416, train_loss: 0.4496
TORCHFORT::WANDB: model: critic_0, step: 1416, train_lr: 0.001
TORCHFORT::WANDB: model: actor, step: 1416, train_loss: -0.457759
TORCHFORT::WANDB: model: actor, step: 1416, train_lr: 0.001
TORCHFORT::WANDB: model: alpha, step: 1416, train_loss: -3.06884
TORCHFORT::WANDB: model: alpha, step: 1416, train_lr: 0.0001
TORCHFORT::WANDB: model: critic_0, step: 1417, train_loss: 0.445378
TORCHFORT::WANDB: model: critic_0, step: 1417, train_lr: 0.001
TORCHFORT::WANDB: model: actor, step: 1417, train_loss: -0.392097
TORCHFORT::WANDB: model: actor, step: 1417, train_lr: 0.001
TORCHFORT::WANDB: model: alpha, step: 1417, train_loss: -3.07445
TORCHFORT::WANDB: model: alpha, step: 1417, train_lr: 0.0001
TORCHFORT::WANDB: model: critic_0, step: 1418, train_loss: 0.438182
TORCHFORT::WANDB: model: critic_0, step: 1418, train_lr: 0.001
TORCHFORT::WANDB: model: actor, step: 1418, train_loss: -0.328661
TORCHFORT::WANDB: model: actor, step: 1418, train_lr: 0.001
TORCHFORT::WANDB: model: alpha, step: 1418, train_loss: -3.07024
TORCHFORT::WANDB: model: alpha, step: 1418, train_lr: 0.0001
TORCHFORT::WANDB: model: critic_0, step: 1419, train_loss: 0.434207
TORCHFORT::WANDB: model: critic_0, step: 1419, train_lr: 0.001
TORCHFORT::WANDB: model: actor, step: 1419, train_loss: -0.329078
TORCHFORT::WANDB: model: actor, step: 1419, train_lr: 0.001
TORCHFORT::WANDB: model: alpha, step: 1419, train_loss: -3.07564
TORCHFORT::WANDB: model: alpha, step: 1419, train_lr: 0.0001
TORCHFORT::WANDB: model: critic_0, step: 1420, train_loss: 0.439187
TORCHFORT::WANDB: model: critic_0, step: 1420, train_lr: 0.001
TORCHFORT::WANDB: model: actor, step: 1420, train_loss: -0.415973
TORCHFORT::WANDB: model: actor, step: 1420, train_lr: 0.001
TORCHFORT::WANDB: model: alpha, step: 1420, train_loss: -3.0735
TORCHFORT::WANDB: model: alpha, step: 1420, train_lr: 0.0001
TORCHFORT::WANDB: model: rlwm, step: 81, reward_sum: 6244.16
TORCHFORT::WANDB: model: rlwm, step: 81, reward_sum: 6244.16
TORCHFORT::WANDB: model: rlwm, step: 81, reward_sum: 6244.16
TORCHFORT::WANDB: model: rlwm, step: 81, reward_sum: 6244.16
TORCHFORT::WANDB: model: critic_0, step: 1421, train_loss: 0.419491
TORCHFORT::WANDB: model: critic_0, step: 1421, train_lr: 0.001
TORCHFORT::WANDB: model: actor, step: 1421, train_loss: -0.468623
TORCHFORT::WANDB: model: actor, step: 1421, train_lr: 0.001
TORCHFORT::WANDB: model: alpha, step: 1421, train_loss: -3.07283
TORCHFORT::WANDB: model: alpha, step: 1421, train_lr: 0.0001
TORCHFORT::WANDB: model: critic_0, step: 1422, train_loss: 0.426014
TORCHFORT::WANDB: model: critic_0, step: 1422, train_lr: 0.001
TORCHFORT::WANDB: model: actor, step: 1422, train_loss: -0.403795
TORCHFORT::WANDB: model: actor, step: 1422, train_lr: 0.001
TORCHFORT::WANDB: model: alpha, step: 1422, train_loss: -3.07722
TORCHFORT::WANDB: model: alpha, step: 1422, train_lr: 0.0001
TORCHFORT::WANDB: model: critic_0, step: 1423, train_loss: 0.469057
TORCHFORT::WANDB: model: critic_0, step: 1423, train_lr: 0.001
TORCHFORT::WANDB: model: actor, step: 1423, train_loss: -0.333296
TORCHFORT::WANDB: model: actor, step: 1423, train_lr: 0.001
TORCHFORT::WANDB: model: alpha, step: 1423, train_loss: -3.07831
TORCHFORT::WANDB: model: alpha, step: 1423, train_lr: 0.0001
TORCHFORT::WANDB: model: critic_0, step: 1424, train_loss: 0.425547
TORCHFORT::WANDB: model: critic_0, step: 1424, train_lr: 0.001
TORCHFORT::WANDB: model: actor, step: 1424, train_loss: -0.342148
TORCHFORT::WANDB: model: actor, step: 1424, train_lr: 0.001
TORCHFORT::WANDB: model: alpha, step: 1424, train_loss: -3.07608
TORCHFORT::WANDB: model: alpha, step: 1424, train_lr: 0.0001
TORCHFORT::WANDB: model: critic_0, step: 1425, train_loss: 0.427225
TORCHFORT::WANDB: model: critic_0, step: 1425, train_lr: 0.001
TORCHFORT::WANDB: model: actor, step: 1425, train_loss: -0.414937
TORCHFORT::WANDB: model: actor, step: 1425, train_lr: 0.001
TORCHFORT::WANDB: model: alpha, step: 1425, train_loss: -3.07768
TORCHFORT::WANDB: model: alpha, step: 1425, train_lr: 0.0001
TORCHFORT::WANDB: model: critic_0, step: 1426, train_loss: 0.425608
TORCHFORT::WANDB: model: critic_0, step: 1426, train_lr: 0.001
TORCHFORT::WANDB: model: actor, step: 1426, train_loss: -0.453125
TORCHFORT::WANDB: model: actor, step: 1426, train_lr: 0.001
TORCHFORT::WANDB: model: alpha, step: 1426, train_loss: -3.0803
TORCHFORT::WANDB: model: alpha, step: 1426, train_lr: 0.0001
TORCHFORT::WANDB: model: critic_0, step: 1427, train_loss: 0.477863
TORCHFORT::WANDB: model: critic_0, step: 1427, train_lr: 0.001
TORCHFORT::WANDB: model: actor, step: 1427, train_loss: -0.408452
TORCHFORT::WANDB: model: actor, step: 1427, train_lr: 0.001
TORCHFORT::WANDB: model: alpha, step: 1427, train_loss: -3.07269
TORCHFORT::WANDB: model: alpha, step: 1427, train_lr: 0.0001
TORCHFORT::WANDB: model: critic_0, step: 1428, train_loss: 0.43166
TORCHFORT::WANDB: model: critic_0, step: 1428, train_lr: 0.001
TORCHFORT::WANDB: model: actor, step: 1428, train_loss: -0.345719
TORCHFORT::WANDB: model: actor, step: 1428, train_lr: 0.001
TORCHFORT::WANDB: model: alpha, step: 1428, train_loss: -3.07548
TORCHFORT::WANDB: model: alpha, step: 1428, train_lr: 0.0001
TORCHFORT::WANDB: model: critic_0, step: 1429, train_loss: 0.448088
TORCHFORT::WANDB: model: critic_0, step: 1429, train_lr: 0.001
TORCHFORT::WANDB: model: actor, step: 1429, train_loss: -0.358537
TORCHFORT::WANDB: model: actor, step: 1429, train_lr: 0.001
TORCHFORT::WANDB: model: alpha, step: 1429, train_loss: -3.07843
TORCHFORT::WANDB: model: alpha, step: 1429, train_lr: 0.0001
TORCHFORT::WANDB: model: critic_0, step: 1430, train_loss: 0.448898
TORCHFORT::WANDB: model: critic_0, step: 1430, train_lr: 0.001
TORCHFORT::WANDB: model: actor, step: 1430, train_loss: -0.424137
TORCHFORT::WANDB: model: actor, step: 1430, train_lr: 0.001
TORCHFORT::WANDB: model: alpha, step: 1430, train_loss: -3.07351
TORCHFORT::WANDB: model: alpha, step: 1430, train_lr: 0.0001
TORCHFORT::WANDB: model: critic_0, step: 1431, train_loss: 0.459769
TORCHFORT::WANDB: model: critic_0, step: 1431, train_lr: 0.001
TORCHFORT::WANDB: model: actor, step: 1431, train_loss: -0.445649
TORCHFORT::WANDB: model: actor, step: 1431, train_lr: 0.001
TORCHFORT::WANDB: model: alpha, step: 1431, train_loss: -3.07569
TORCHFORT::WANDB: model: alpha, step: 1431, train_lr: 0.0001
TORCHFORT::WANDB: model: critic_0, step: 1432, train_loss: 0.455048
TORCHFORT::WANDB: model: critic_0, step: 1432, train_lr: 0.001
TORCHFORT::WANDB: model: actor, step: 1432, train_loss: -0.412159
TORCHFORT::WANDB: model: actor, step: 1432, train_lr: 0.001
TORCHFORT::WANDB: model: alpha, step: 1432, train_loss: -3.07526
TORCHFORT::WANDB: model: alpha, step: 1432, train_lr: 0.0001
TORCHFORT::WANDB: model: critic_0, step: 1433, train_loss: 0.431516
TORCHFORT::WANDB: model: critic_0, step: 1433, train_lr: 0.001
TORCHFORT::WANDB: model: actor, step: 1433, train_loss: -0.36989
TORCHFORT::WANDB: model: actor, step: 1433, train_lr: 0.001
TORCHFORT::WANDB: model: alpha, step: 1433, train_loss: -3.07867
TORCHFORT::WANDB: model: alpha, step: 1433, train_lr: 0.0001
TORCHFORT::WANDB: model: critic_0, step: 1434, train_loss: 0.427508
TORCHFORT::WANDB: model: critic_0, step: 1434, train_lr: 0.001
TORCHFORT::WANDB: model: actor, step: 1434, train_loss: -0.389842
TORCHFORT::WANDB: model: actor, step: 1434, train_lr: 0.001
TORCHFORT::WANDB: model: alpha, step: 1434, train_loss: -3.07344
TORCHFORT::WANDB: model: alpha, step: 1434, train_lr: 0.0001
TORCHFORT::WANDB: model: critic_0, step: 1435, train_loss: 0.45591
TORCHFORT::WANDB: model: critic_0, step: 1435, train_lr: 0.001
TORCHFORT::WANDB: model: actor, step: 1435, train_loss: -0.405937
TORCHFORT::WANDB: model: actor, step: 1435, train_lr: 0.001
TORCHFORT::WANDB: model: alpha, step: 1435, train_loss: -3.07604
TORCHFORT::WANDB: model: alpha, step: 1435, train_lr: 0.0001
TORCHFORT::WANDB: model: critic_0, step: 1436, train_loss: 0.491454
TORCHFORT::WANDB: model: critic_0, step: 1436, train_lr: 0.001
TORCHFORT::WANDB: model: actor, step: 1436, train_loss: -0.417195
TORCHFORT::WANDB: model: actor, step: 1436, train_lr: 0.001
TORCHFORT::WANDB: model: alpha, step: 1436, train_loss: -3.0762
TORCHFORT::WANDB: model: alpha, step: 1436, train_lr: 0.0001
TORCHFORT::WANDB: model: critic_0, step: 1437, train_loss: 0.416578
TORCHFORT::WANDB: model: critic_0, step: 1437, train_lr: 0.001
TORCHFORT::WANDB: model: actor, step: 1437, train_loss: -0.398099
TORCHFORT::WANDB: model: actor, step: 1437, train_lr: 0.001
TORCHFORT::WANDB: model: alpha, step: 1437, train_loss: -3.07881
TORCHFORT::WANDB: model: alpha, step: 1437, train_lr: 0.0001
TORCHFORT::WANDB: model: critic_0, step: 1438, train_loss: 0.466588
TORCHFORT::WANDB: model: critic_0, step: 1438, train_lr: 0.001
TORCHFORT::WANDB: model: actor, step: 1438, train_loss: -0.401296
TORCHFORT::WANDB: model: actor, step: 1438, train_lr: 0.001
TORCHFORT::WANDB: model: alpha, step: 1438, train_loss: -3.07678
TORCHFORT::WANDB: model: alpha, step: 1438, train_lr: 0.0001
TORCHFORT::WANDB: model: critic_0, step: 1439, train_loss: 0.442336
TORCHFORT::WANDB: model: critic_0, step: 1439, train_lr: 0.001
TORCHFORT::WANDB: model: actor, step: 1439, train_loss: -0.405206
TORCHFORT::WANDB: model: actor, step: 1439, train_lr: 0.001
TORCHFORT::WANDB: model: alpha, step: 1439, train_loss: -3.08045
TORCHFORT::WANDB: model: alpha, step: 1439, train_lr: 0.0001
TORCHFORT::WANDB: model: critic_0, step: 1440, train_loss: 0.44559
TORCHFORT::WANDB: model: critic_0, step: 1440, train_lr: 0.001
TORCHFORT::WANDB: model: actor, step: 1440, train_loss: -0.420654
TORCHFORT::WANDB: model: actor, step: 1440, train_lr: 0.001
TORCHFORT::WANDB: model: alpha, step: 1440, train_loss: -3.08046
TORCHFORT::WANDB: model: alpha, step: 1440, train_lr: 0.0001
TORCHFORT::WANDB: model: rlwm, step: 82, reward_sum: 4422.2
TORCHFORT::WANDB: model: rlwm, step: 82, reward_sum: 4422.2
TORCHFORT::WANDB: model: rlwm, step: 82, reward_sum: 4422.2
TORCHFORT::WANDB: model: rlwm, step: 82, reward_sum: 4422.2
TORCHFORT::WANDB: model: critic_0, step: 1441, train_loss: 0.465046
TORCHFORT::WANDB: model: critic_0, step: 1441, train_lr: 0.001
TORCHFORT::WANDB: model: actor, step: 1441, train_loss: -0.43693
TORCHFORT::WANDB: model: actor, step: 1441, train_lr: 0.001
TORCHFORT::WANDB: model: alpha, step: 1441, train_loss: -3.07712
TORCHFORT::WANDB: model: alpha, step: 1441, train_lr: 0.0001
TORCHFORT::WANDB: model: critic_0, step: 1442, train_loss: 0.48124
TORCHFORT::WANDB: model: critic_0, step: 1442, train_lr: 0.001
TORCHFORT::WANDB: model: actor, step: 1442, train_loss: -0.425041
TORCHFORT::WANDB: model: actor, step: 1442, train_lr: 0.001
TORCHFORT::WANDB: model: alpha, step: 1442, train_loss: -3.07628
TORCHFORT::WANDB: model: alpha, step: 1442, train_lr: 0.0001
TORCHFORT::WANDB: model: critic_0, step: 1443, train_loss: 0.44901
TORCHFORT::WANDB: model: critic_0, step: 1443, train_lr: 0.001
TORCHFORT::WANDB: model: actor, step: 1443, train_loss: -0.39631
TORCHFORT::WANDB: model: actor, step: 1443, train_lr: 0.001
TORCHFORT::WANDB: model: alpha, step: 1443, train_loss: -3.07445
TORCHFORT::WANDB: model: alpha, step: 1443, train_lr: 0.0001
TORCHFORT::WANDB: model: critic_0, step: 1444, train_loss: 0.448313
TORCHFORT::WANDB: model: critic_0, step: 1444, train_lr: 0.001
TORCHFORT::WANDB: model: actor, step: 1444, train_loss: -0.400296
TORCHFORT::WANDB: model: actor, step: 1444, train_lr: 0.001
TORCHFORT::WANDB: model: alpha, step: 1444, train_loss: -3.08119
TORCHFORT::WANDB: model: alpha, step: 1444, train_lr: 0.0001
TORCHFORT::WANDB: model: critic_0, step: 1445, train_loss: 0.502188
TORCHFORT::WANDB: model: critic_0, step: 1445, train_lr: 0.001
TORCHFORT::WANDB: model: actor, step: 1445, train_loss: -0.416079
TORCHFORT::WANDB: model: actor, step: 1445, train_lr: 0.001
TORCHFORT::WANDB: model: alpha, step: 1445, train_loss: -3.08211
TORCHFORT::WANDB: model: alpha, step: 1445, train_lr: 0.0001
TORCHFORT::WANDB: model: critic_0, step: 1446, train_loss: 0.495125
TORCHFORT::WANDB: model: critic_0, step: 1446, train_lr: 0.001
TORCHFORT::WANDB: model: actor, step: 1446, train_loss: -0.434441
TORCHFORT::WANDB: model: actor, step: 1446, train_lr: 0.001
TORCHFORT::WANDB: model: alpha, step: 1446, train_loss: -3.07705
TORCHFORT::WANDB: model: alpha, step: 1446, train_lr: 0.0001
TORCHFORT::WANDB: model: critic_0, step: 1447, train_loss: 0.437752
TORCHFORT::WANDB: model: critic_0, step: 1447, train_lr: 0.001
TORCHFORT::WANDB: model: actor, step: 1447, train_loss: -0.439465
TORCHFORT::WANDB: model: actor, step: 1447, train_lr: 0.001
TORCHFORT::WANDB: model: alpha, step: 1447, train_loss: -3.08012
TORCHFORT::WANDB: model: alpha, step: 1447, train_lr: 0.0001
TORCHFORT::WANDB: model: critic_0, step: 1448, train_loss: 0.489949
TORCHFORT::WANDB: model: critic_0, step: 1448, train_lr: 0.001
TORCHFORT::WANDB: model: actor, step: 1448, train_loss: -0.41256
TORCHFORT::WANDB: model: actor, step: 1448, train_lr: 0.001
TORCHFORT::WANDB: model: alpha, step: 1448, train_loss: -3.08018
TORCHFORT::WANDB: model: alpha, step: 1448, train_lr: 0.0001
TORCHFORT::WANDB: model: critic_0, step: 1449, train_loss: 0.45394
TORCHFORT::WANDB: model: critic_0, step: 1449, train_lr: 0.001
TORCHFORT::WANDB: model: actor, step: 1449, train_loss: -0.384749
TORCHFORT::WANDB: model: actor, step: 1449, train_lr: 0.001
TORCHFORT::WANDB: model: alpha, step: 1449, train_loss: -3.08142
TORCHFORT::WANDB: model: alpha, step: 1449, train_lr: 0.0001
TORCHFORT::WANDB: model: critic_0, step: 1450, train_loss: 0.45291
TORCHFORT::WANDB: model: critic_0, step: 1450, train_lr: 0.001
TORCHFORT::WANDB: model: actor, step: 1450, train_loss: -0.407245
TORCHFORT::WANDB: model: actor, step: 1450, train_lr: 0.001
TORCHFORT::WANDB: model: alpha, step: 1450, train_loss: -3.08305
TORCHFORT::WANDB: model: alpha, step: 1450, train_lr: 0.0001
TORCHFORT::WANDB: model: critic_0, step: 1451, train_loss: 0.446179
TORCHFORT::WANDB: model: critic_0, step: 1451, train_lr: 0.001
TORCHFORT::WANDB: model: actor, step: 1451, train_loss: -0.426471
TORCHFORT::WANDB: model: actor, step: 1451, train_lr: 0.001
TORCHFORT::WANDB: model: alpha, step: 1451, train_loss: -3.07362
TORCHFORT::WANDB: model: alpha, step: 1451, train_lr: 0.0001
TORCHFORT::WANDB: model: critic_0, step: 1452, train_loss: 0.453253
TORCHFORT::WANDB: model: critic_0, step: 1452, train_lr: 0.001
TORCHFORT::WANDB: model: actor, step: 1452, train_loss: -0.437955
TORCHFORT::WANDB: model: actor, step: 1452, train_lr: 0.001
TORCHFORT::WANDB: model: alpha, step: 1452, train_loss: -3.07963
TORCHFORT::WANDB: model: alpha, step: 1452, train_lr: 0.0001
TORCHFORT::WANDB: model: critic_0, step: 1453, train_loss: 0.447308
TORCHFORT::WANDB: model: critic_0, step: 1453, train_lr: 0.001
TORCHFORT::WANDB: model: actor, step: 1453, train_loss: -0.413159
TORCHFORT::WANDB: model: actor, step: 1453, train_lr: 0.001
TORCHFORT::WANDB: model: alpha, step: 1453, train_loss: -3.08445
TORCHFORT::WANDB: model: alpha, step: 1453, train_lr: 0.0001
TORCHFORT::WANDB: model: critic_0, step: 1454, train_loss: 0.457391
TORCHFORT::WANDB: model: critic_0, step: 1454, train_lr: 0.001
TORCHFORT::WANDB: model: actor, step: 1454, train_loss: -0.399371
TORCHFORT::WANDB: model: actor, step: 1454, train_lr: 0.001
TORCHFORT::WANDB: model: alpha, step: 1454, train_loss: -3.08512
TORCHFORT::WANDB: model: alpha, step: 1454, train_lr: 0.0001
TORCHFORT::WANDB: model: critic_0, step: 1455, train_loss: 0.501814
TORCHFORT::WANDB: model: critic_0, step: 1455, train_lr: 0.001
TORCHFORT::WANDB: model: actor, step: 1455, train_loss: -0.415656
TORCHFORT::WANDB: model: actor, step: 1455, train_lr: 0.001
TORCHFORT::WANDB: model: alpha, step: 1455, train_loss: -3.08327
TORCHFORT::WANDB: model: alpha, step: 1455, train_lr: 0.0001
TORCHFORT::WANDB: model: critic_0, step: 1456, train_loss: 0.440271
TORCHFORT::WANDB: model: critic_0, step: 1456, train_lr: 0.001
TORCHFORT::WANDB: model: actor, step: 1456, train_loss: -0.461832
TORCHFORT::WANDB: model: actor, step: 1456, train_lr: 0.001
TORCHFORT::WANDB: model: alpha, step: 1456, train_loss: -3.08402
TORCHFORT::WANDB: model: alpha, step: 1456, train_lr: 0.0001
TORCHFORT::WANDB: model: critic_0, step: 1457, train_loss: 0.472041
TORCHFORT::WANDB: model: critic_0, step: 1457, train_lr: 0.001
TORCHFORT::WANDB: model: actor, step: 1457, train_loss: -0.464996
TORCHFORT::WANDB: model: actor, step: 1457, train_lr: 0.001
TORCHFORT::WANDB: model: alpha, step: 1457, train_loss: -3.08428
TORCHFORT::WANDB: model: alpha, step: 1457, train_lr: 0.0001
TORCHFORT::WANDB: model: critic_0, step: 1458, train_loss: 0.467005
TORCHFORT::WANDB: model: critic_0, step: 1458, train_lr: 0.001
TORCHFORT::WANDB: model: actor, step: 1458, train_loss: -0.412103
TORCHFORT::WANDB: model: actor, step: 1458, train_lr: 0.001
TORCHFORT::WANDB: model: alpha, step: 1458, train_loss: -3.08207
TORCHFORT::WANDB: model: alpha, step: 1458, train_lr: 0.0001
TORCHFORT::WANDB: model: critic_0, step: 1459, train_loss: 0.440521
TORCHFORT::WANDB: model: critic_0, step: 1459, train_lr: 0.001
TORCHFORT::WANDB: model: actor, step: 1459, train_loss: -0.38436
TORCHFORT::WANDB: model: actor, step: 1459, train_lr: 0.001
TORCHFORT::WANDB: model: alpha, step: 1459, train_loss: -3.08698
TORCHFORT::WANDB: model: alpha, step: 1459, train_lr: 0.0001
TORCHFORT::WANDB: model: critic_0, step: 1460, train_loss: 0.475283
TORCHFORT::WANDB: model: critic_0, step: 1460, train_lr: 0.001
TORCHFORT::WANDB: model: actor, step: 1460, train_loss: -0.423942
TORCHFORT::WANDB: model: actor, step: 1460, train_lr: 0.001
TORCHFORT::WANDB: model: alpha, step: 1460, train_loss: -3.08258
TORCHFORT::WANDB: model: alpha, step: 1460, train_lr: 0.0001
TORCHFORT::WANDB: model: rlwm, step: 83, reward_sum: 5147.36
TORCHFORT::WANDB: model: rlwm, step: 83, reward_sum: 5147.36
TORCHFORT::WANDB: model: rlwm, step: 83, reward_sum: 5147.36
TORCHFORT::WANDB: model: rlwm, step: 83, reward_sum: 5147.36
TORCHFORT::WANDB: model: critic_0, step: 1461, train_loss: 0.486012
TORCHFORT::WANDB: model: critic_0, step: 1461, train_lr: 0.001
TORCHFORT::WANDB: model: actor, step: 1461, train_loss: -0.451922
TORCHFORT::WANDB: model: actor, step: 1461, train_lr: 0.001
TORCHFORT::WANDB: model: alpha, step: 1461, train_loss: -3.08526
TORCHFORT::WANDB: model: alpha, step: 1461, train_lr: 0.0001
TORCHFORT::WANDB: model: critic_0, step: 1462, train_loss: 0.478267
TORCHFORT::WANDB: model: critic_0, step: 1462, train_lr: 0.001
TORCHFORT::WANDB: model: actor, step: 1462, train_loss: -0.463031
TORCHFORT::WANDB: model: actor, step: 1462, train_lr: 0.001
TORCHFORT::WANDB: model: alpha, step: 1462, train_loss: -3.08751
TORCHFORT::WANDB: model: alpha, step: 1462, train_lr: 0.0001
TORCHFORT::WANDB: model: critic_0, step: 1463, train_loss: 0.515306
TORCHFORT::WANDB: model: critic_0, step: 1463, train_lr: 0.001
TORCHFORT::WANDB: model: actor, step: 1463, train_loss: -0.427125
TORCHFORT::WANDB: model: actor, step: 1463, train_lr: 0.001
TORCHFORT::WANDB: model: alpha, step: 1463, train_loss: -3.08215
TORCHFORT::WANDB: model: alpha, step: 1463, train_lr: 0.0001
TORCHFORT::WANDB: model: critic_0, step: 1464, train_loss: 0.490291
TORCHFORT::WANDB: model: critic_0, step: 1464, train_lr: 0.001
TORCHFORT::WANDB: model: actor, step: 1464, train_loss: -0.407831
TORCHFORT::WANDB: model: actor, step: 1464, train_lr: 0.001
TORCHFORT::WANDB: model: alpha, step: 1464, train_loss: -3.08324
TORCHFORT::WANDB: model: alpha, step: 1464, train_lr: 0.0001
TORCHFORT::WANDB: model: critic_0, step: 1465, train_loss: 0.498084
TORCHFORT::WANDB: model: critic_0, step: 1465, train_lr: 0.001
TORCHFORT::WANDB: model: actor, step: 1465, train_loss: -0.407344
TORCHFORT::WANDB: model: actor, step: 1465, train_lr: 0.001
TORCHFORT::WANDB: model: alpha, step: 1465, train_loss: -3.08339
TORCHFORT::WANDB: model: alpha, step: 1465, train_lr: 0.0001
TORCHFORT::WANDB: model: critic_0, step: 1466, train_loss: 0.478585
TORCHFORT::WANDB: model: critic_0, step: 1466, train_lr: 0.001
TORCHFORT::WANDB: model: actor, step: 1466, train_loss: -0.435211
TORCHFORT::WANDB: model: actor, step: 1466, train_lr: 0.001
TORCHFORT::WANDB: model: alpha, step: 1466, train_loss: -3.0911
TORCHFORT::WANDB: model: alpha, step: 1466, train_lr: 0.0001
TORCHFORT::WANDB: model: critic_0, step: 1467, train_loss: 0.500026
TORCHFORT::WANDB: model: critic_0, step: 1467, train_lr: 0.001
TORCHFORT::WANDB: model: actor, step: 1467, train_loss: -0.456678
TORCHFORT::WANDB: model: actor, step: 1467, train_lr: 0.001
TORCHFORT::WANDB: model: alpha, step: 1467, train_loss: -3.08748
TORCHFORT::WANDB: model: alpha, step: 1467, train_lr: 0.0001
TORCHFORT::WANDB: model: critic_0, step: 1468, train_loss: 0.542799
TORCHFORT::WANDB: model: critic_0, step: 1468, train_lr: 0.001
TORCHFORT::WANDB: model: actor, step: 1468, train_loss: -0.41659
TORCHFORT::WANDB: model: actor, step: 1468, train_lr: 0.001
TORCHFORT::WANDB: model: alpha, step: 1468, train_loss: -3.08563
TORCHFORT::WANDB: model: alpha, step: 1468, train_lr: 0.0001
TORCHFORT::WANDB: model: critic_0, step: 1469, train_loss: 0.479846
TORCHFORT::WANDB: model: critic_0, step: 1469, train_lr: 0.001
TORCHFORT::WANDB: model: actor, step: 1469, train_loss: -0.403626
TORCHFORT::WANDB: model: actor, step: 1469, train_lr: 0.001
TORCHFORT::WANDB: model: alpha, step: 1469, train_loss: -3.08794
TORCHFORT::WANDB: model: alpha, step: 1469, train_lr: 0.0001
TORCHFORT::WANDB: model: critic_0, step: 1470, train_loss: 0.49448
TORCHFORT::WANDB: model: critic_0, step: 1470, train_lr: 0.001
TORCHFORT::WANDB: model: actor, step: 1470, train_loss: -0.434044
TORCHFORT::WANDB: model: actor, step: 1470, train_lr: 0.001
TORCHFORT::WANDB: model: alpha, step: 1470, train_loss: -3.08863
TORCHFORT::WANDB: model: alpha, step: 1470, train_lr: 0.0001
TORCHFORT::WANDB: model: critic_0, step: 1471, train_loss: 0.490738
TORCHFORT::WANDB: model: critic_0, step: 1471, train_lr: 0.001
TORCHFORT::WANDB: model: actor, step: 1471, train_loss: -0.454372
TORCHFORT::WANDB: model: actor, step: 1471, train_lr: 0.001
TORCHFORT::WANDB: model: alpha, step: 1471, train_loss: -3.0897
TORCHFORT::WANDB: model: alpha, step: 1471, train_lr: 0.0001
TORCHFORT::WANDB: model: critic_0, step: 1472, train_loss: 0.475529
TORCHFORT::WANDB: model: critic_0, step: 1472, train_lr: 0.001
TORCHFORT::WANDB: model: actor, step: 1472, train_loss: -0.460178
TORCHFORT::WANDB: model: actor, step: 1472, train_lr: 0.001
TORCHFORT::WANDB: model: alpha, step: 1472, train_loss: -3.08809
TORCHFORT::WANDB: model: alpha, step: 1472, train_lr: 0.0001
TORCHFORT::WANDB: model: critic_0, step: 1473, train_loss: 0.497092
TORCHFORT::WANDB: model: critic_0, step: 1473, train_lr: 0.001
TORCHFORT::WANDB: model: actor, step: 1473, train_loss: -0.442579
TORCHFORT::WANDB: model: actor, step: 1473, train_lr: 0.001
TORCHFORT::WANDB: model: alpha, step: 1473, train_loss: -3.0896
TORCHFORT::WANDB: model: alpha, step: 1473, train_lr: 0.0001
TORCHFORT::WANDB: model: critic_0, step: 1474, train_loss: 0.516525
TORCHFORT::WANDB: model: critic_0, step: 1474, train_lr: 0.001
TORCHFORT::WANDB: model: actor, step: 1474, train_loss: -0.423847
TORCHFORT::WANDB: model: actor, step: 1474, train_lr: 0.001
TORCHFORT::WANDB: model: alpha, step: 1474, train_loss: -3.0886
TORCHFORT::WANDB: model: alpha, step: 1474, train_lr: 0.0001
TORCHFORT::WANDB: model: critic_0, step: 1475, train_loss: 0.495214
TORCHFORT::WANDB: model: critic_0, step: 1475, train_lr: 0.001
TORCHFORT::WANDB: model: actor, step: 1475, train_loss: -0.404762
TORCHFORT::WANDB: model: actor, step: 1475, train_lr: 0.001
TORCHFORT::WANDB: model: alpha, step: 1475, train_loss: -3.08646
TORCHFORT::WANDB: model: alpha, step: 1475, train_lr: 0.0001
TORCHFORT::WANDB: model: critic_0, step: 1476, train_loss: 0.521016
TORCHFORT::WANDB: model: critic_0, step: 1476, train_lr: 0.001
TORCHFORT::WANDB: model: actor, step: 1476, train_loss: -0.431906
TORCHFORT::WANDB: model: actor, step: 1476, train_lr: 0.001
TORCHFORT::WANDB: model: alpha, step: 1476, train_loss: -3.08819
TORCHFORT::WANDB: model: alpha, step: 1476, train_lr: 0.0001
TORCHFORT::WANDB: model: critic_0, step: 1477, train_loss: 0.518016
TORCHFORT::WANDB: model: critic_0, step: 1477, train_lr: 0.001
TORCHFORT::WANDB: model: actor, step: 1477, train_loss: -0.478175
TORCHFORT::WANDB: model: actor, step: 1477, train_lr: 0.001
TORCHFORT::WANDB: model: alpha, step: 1477, train_loss: -3.08825
TORCHFORT::WANDB: model: alpha, step: 1477, train_lr: 0.0001
TORCHFORT::WANDB: model: critic_0, step: 1478, train_loss: 0.502583
TORCHFORT::WANDB: model: critic_0, step: 1478, train_lr: 0.001
TORCHFORT::WANDB: model: actor, step: 1478, train_loss: -0.482322
TORCHFORT::WANDB: model: actor, step: 1478, train_lr: 0.001
TORCHFORT::WANDB: model: alpha, step: 1478, train_loss: -3.0836
TORCHFORT::WANDB: model: alpha, step: 1478, train_lr: 0.0001
TORCHFORT::WANDB: model: critic_0, step: 1479, train_loss: 0.522874
TORCHFORT::WANDB: model: critic_0, step: 1479, train_lr: 0.001
TORCHFORT::WANDB: model: actor, step: 1479, train_loss: -0.453524
TORCHFORT::WANDB: model: actor, step: 1479, train_lr: 0.001
TORCHFORT::WANDB: model: alpha, step: 1479, train_loss: -3.08987
TORCHFORT::WANDB: model: alpha, step: 1479, train_lr: 0.0001
TORCHFORT::WANDB: model: critic_0, step: 1480, train_loss: 0.486727
TORCHFORT::WANDB: model: critic_0, step: 1480, train_lr: 0.001
TORCHFORT::WANDB: model: actor, step: 1480, train_loss: -0.415369
TORCHFORT::WANDB: model: actor, step: 1480, train_lr: 0.001
TORCHFORT::WANDB: model: alpha, step: 1480, train_loss: -3.09008
TORCHFORT::WANDB: model: alpha, step: 1480, train_lr: 0.0001
TORCHFORT::WANDB: model: rlwm, step: 84, reward_sum: 4580.68
TORCHFORT::WANDB: model: rlwm, step: 84, reward_sum: 4580.68
TORCHFORT::WANDB: model: rlwm, step: 84, reward_sum: 4580.68
TORCHFORT::WANDB: model: rlwm, step: 84, reward_sum: 4580.68
TORCHFORT::WANDB: model: critic_0, step: 1481, train_loss: 0.556012
TORCHFORT::WANDB: model: critic_0, step: 1481, train_lr: 0.001
TORCHFORT::WANDB: model: actor, step: 1481, train_loss: -0.419772
TORCHFORT::WANDB: model: actor, step: 1481, train_lr: 0.001
TORCHFORT::WANDB: model: alpha, step: 1481, train_loss: -3.0844
TORCHFORT::WANDB: model: alpha, step: 1481, train_lr: 0.0001
TORCHFORT::WANDB: model: critic_0, step: 1482, train_loss: 0.502087
TORCHFORT::WANDB: model: critic_0, step: 1482, train_lr: 0.001
TORCHFORT::WANDB: model: actor, step: 1482, train_loss: -0.445693
TORCHFORT::WANDB: model: actor, step: 1482, train_lr: 0.001
TORCHFORT::WANDB: model: alpha, step: 1482, train_loss: -3.08879
TORCHFORT::WANDB: model: alpha, step: 1482, train_lr: 0.0001
TORCHFORT::WANDB: model: critic_0, step: 1483, train_loss: 0.523406
TORCHFORT::WANDB: model: critic_0, step: 1483, train_lr: 0.001
TORCHFORT::WANDB: model: actor, step: 1483, train_loss: -0.478348
TORCHFORT::WANDB: model: actor, step: 1483, train_lr: 0.001
TORCHFORT::WANDB: model: alpha, step: 1483, train_loss: -3.09324
TORCHFORT::WANDB: model: alpha, step: 1483, train_lr: 0.0001
TORCHFORT::WANDB: model: critic_0, step: 1484, train_loss: 0.53803
TORCHFORT::WANDB: model: critic_0, step: 1484, train_lr: 0.001
TORCHFORT::WANDB: model: actor, step: 1484, train_loss: -0.451458
TORCHFORT::WANDB: model: actor, step: 1484, train_lr: 0.001
TORCHFORT::WANDB: model: alpha, step: 1484, train_loss: -3.09048
TORCHFORT::WANDB: model: alpha, step: 1484, train_lr: 0.0001
TORCHFORT::WANDB: model: critic_0, step: 1485, train_loss: 0.515992
TORCHFORT::WANDB: model: critic_0, step: 1485, train_lr: 0.001
TORCHFORT::WANDB: model: actor, step: 1485, train_loss: -0.425553
TORCHFORT::WANDB: model: actor, step: 1485, train_lr: 0.001
TORCHFORT::WANDB: model: alpha, step: 1485, train_loss: -3.08911
TORCHFORT::WANDB: model: alpha, step: 1485, train_lr: 0.0001
TORCHFORT::WANDB: model: critic_0, step: 1486, train_loss: 0.534468
TORCHFORT::WANDB: model: critic_0, step: 1486, train_lr: 0.001
TORCHFORT::WANDB: model: actor, step: 1486, train_loss: -0.451286
TORCHFORT::WANDB: model: actor, step: 1486, train_lr: 0.001
TORCHFORT::WANDB: model: alpha, step: 1486, train_loss: -3.09154
TORCHFORT::WANDB: model: alpha, step: 1486, train_lr: 0.0001
TORCHFORT::WANDB: model: critic_0, step: 1487, train_loss: 0.538981
TORCHFORT::WANDB: model: critic_0, step: 1487, train_lr: 0.001
TORCHFORT::WANDB: model: actor, step: 1487, train_loss: -0.478782
TORCHFORT::WANDB: model: actor, step: 1487, train_lr: 0.001
TORCHFORT::WANDB: model: alpha, step: 1487, train_loss: -3.08952
TORCHFORT::WANDB: model: alpha, step: 1487, train_lr: 0.0001
TORCHFORT::WANDB: model: critic_0, step: 1488, train_loss: 0.502976
TORCHFORT::WANDB: model: critic_0, step: 1488, train_lr: 0.001
TORCHFORT::WANDB: model: actor, step: 1488, train_loss: -0.459872
TORCHFORT::WANDB: model: actor, step: 1488, train_lr: 0.001
TORCHFORT::WANDB: model: alpha, step: 1488, train_loss: -3.09376
TORCHFORT::WANDB: model: alpha, step: 1488, train_lr: 0.0001
TORCHFORT::WANDB: model: critic_0, step: 1489, train_loss: 0.531283
TORCHFORT::WANDB: model: critic_0, step: 1489, train_lr: 0.001
TORCHFORT::WANDB: model: actor, step: 1489, train_loss: -0.426506
TORCHFORT::WANDB: model: actor, step: 1489, train_lr: 0.001
TORCHFORT::WANDB: model: alpha, step: 1489, train_loss: -3.09298
TORCHFORT::WANDB: model: alpha, step: 1489, train_lr: 0.0001
TORCHFORT::WANDB: model: critic_0, step: 1490, train_loss: 0.511802
TORCHFORT::WANDB: model: critic_0, step: 1490, train_lr: 0.001
TORCHFORT::WANDB: model: actor, step: 1490, train_loss: -0.436423
TORCHFORT::WANDB: model: actor, step: 1490, train_lr: 0.001
TORCHFORT::WANDB: model: alpha, step: 1490, train_loss: -3.08974
TORCHFORT::WANDB: model: alpha, step: 1490, train_lr: 0.0001
TORCHFORT::WANDB: model: critic_0, step: 1491, train_loss: 0.528912
TORCHFORT::WANDB: model: critic_0, step: 1491, train_lr: 0.001
TORCHFORT::WANDB: model: actor, step: 1491, train_loss: -0.450789
TORCHFORT::WANDB: model: actor, step: 1491, train_lr: 0.001
TORCHFORT::WANDB: model: alpha, step: 1491, train_loss: -3.09663
TORCHFORT::WANDB: model: alpha, step: 1491, train_lr: 0.0001
TORCHFORT::WANDB: model: critic_0, step: 1492, train_loss: 0.484424
TORCHFORT::WANDB: model: critic_0, step: 1492, train_lr: 0.001
TORCHFORT::WANDB: model: actor, step: 1492, train_loss: -0.465447
TORCHFORT::WANDB: model: actor, step: 1492, train_lr: 0.001
TORCHFORT::WANDB: model: alpha, step: 1492, train_loss: -3.09266
TORCHFORT::WANDB: model: alpha, step: 1492, train_lr: 0.0001
TORCHFORT::WANDB: model: critic_0, step: 1493, train_loss: 0.519088
TORCHFORT::WANDB: model: critic_0, step: 1493, train_lr: 0.001
TORCHFORT::WANDB: model: actor, step: 1493, train_loss: -0.476497
TORCHFORT::WANDB: model: actor, step: 1493, train_lr: 0.001
TORCHFORT::WANDB: model: alpha, step: 1493, train_loss: -3.0974
TORCHFORT::WANDB: model: alpha, step: 1493, train_lr: 0.0001
TORCHFORT::WANDB: model: critic_0, step: 1494, train_loss: 0.530932
TORCHFORT::WANDB: model: critic_0, step: 1494, train_lr: 0.001
TORCHFORT::WANDB: model: actor, step: 1494, train_loss: -0.463654
TORCHFORT::WANDB: model: actor, step: 1494, train_lr: 0.001
TORCHFORT::WANDB: model: alpha, step: 1494, train_loss: -3.09306
TORCHFORT::WANDB: model: alpha, step: 1494, train_lr: 0.0001
TORCHFORT::WANDB: model: critic_0, step: 1495, train_loss: 0.563607
TORCHFORT::WANDB: model: critic_0, step: 1495, train_lr: 0.001
TORCHFORT::WANDB: model: actor, step: 1495, train_loss: -0.453899
TORCHFORT::WANDB: model: actor, step: 1495, train_lr: 0.001
TORCHFORT::WANDB: model: alpha, step: 1495, train_loss: -3.0915
TORCHFORT::WANDB: model: alpha, step: 1495, train_lr: 0.0001
TORCHFORT::WANDB: model: critic_0, step: 1496, train_loss: 0.508426
TORCHFORT::WANDB: model: critic_0, step: 1496, train_lr: 0.001
TORCHFORT::WANDB: model: actor, step: 1496, train_loss: -0.449862
TORCHFORT::WANDB: model: actor, step: 1496, train_lr: 0.001
TORCHFORT::WANDB: model: alpha, step: 1496, train_loss: -3.09338
TORCHFORT::WANDB: model: alpha, step: 1496, train_lr: 0.0001
TORCHFORT::WANDB: model: critic_0, step: 1497, train_loss: 0.519384
TORCHFORT::WANDB: model: critic_0, step: 1497, train_lr: 0.001
TORCHFORT::WANDB: model: actor, step: 1497, train_loss: -0.451939
TORCHFORT::WANDB: model: actor, step: 1497, train_lr: 0.001
TORCHFORT::WANDB: model: alpha, step: 1497, train_loss: -3.09426
TORCHFORT::WANDB: model: alpha, step: 1497, train_lr: 0.0001
TORCHFORT::WANDB: model: critic_0, step: 1498, train_loss: 0.544055
TORCHFORT::WANDB: model: critic_0, step: 1498, train_lr: 0.001
TORCHFORT::WANDB: model: actor, step: 1498, train_loss: -0.468397
TORCHFORT::WANDB: model: actor, step: 1498, train_lr: 0.001
TORCHFORT::WANDB: model: alpha, step: 1498, train_loss: -3.09607
TORCHFORT::WANDB: model: alpha, step: 1498, train_lr: 0.0001
TORCHFORT::WANDB: model: critic_0, step: 1499, train_loss: 0.521801
TORCHFORT::WANDB: model: critic_0, step: 1499, train_lr: 0.001
TORCHFORT::WANDB: model: actor, step: 1499, train_loss: -0.446494
TORCHFORT::WANDB: model: actor, step: 1499, train_lr: 0.001
TORCHFORT::WANDB: model: alpha, step: 1499, train_loss: -3.09688
TORCHFORT::WANDB: model: alpha, step: 1499, train_lr: 0.0001
TORCHFORT::WANDB: model: critic_0, step: 1500, train_loss: 0.501593
TORCHFORT::WANDB: model: critic_0, step: 1500, train_lr: 0.001
TORCHFORT::WANDB: model: actor, step: 1500, train_loss: -0.436577
TORCHFORT::WANDB: model: actor, step: 1500, train_lr: 0.001
TORCHFORT::WANDB: model: alpha, step: 1500, train_loss: -3.09663
TORCHFORT::WANDB: model: alpha, step: 1500, train_lr: 0.0001
TORCHFORT::WANDB: model: rlwm, step: 85, reward_sum: 4727.13
TORCHFORT::WANDB: model: rlwm, step: 85, reward_sum: 4727.13
TORCHFORT::WANDB: model: rlwm, step: 85, reward_sum: 4727.13
TORCHFORT::WANDB: model: rlwm, step: 85, reward_sum: 4727.13
TORCHFORT::WANDB: model: critic_0, step: 1501, train_loss: 0.580763
TORCHFORT::WANDB: model: critic_0, step: 1501, train_lr: 0.001
TORCHFORT::WANDB: model: actor, step: 1501, train_loss: -0.472908
TORCHFORT::WANDB: model: actor, step: 1501, train_lr: 0.001
TORCHFORT::WANDB: model: alpha, step: 1501, train_loss: -3.09181
TORCHFORT::WANDB: model: alpha, step: 1501, train_lr: 0.0001
TORCHFORT::WANDB: model: critic_0, step: 1502, train_loss: 0.513818
TORCHFORT::WANDB: model: critic_0, step: 1502, train_lr: 0.001
TORCHFORT::WANDB: model: actor, step: 1502, train_loss: -0.480467
TORCHFORT::WANDB: model: actor, step: 1502, train_lr: 0.001
TORCHFORT::WANDB: model: alpha, step: 1502, train_loss: -3.09785
TORCHFORT::WANDB: model: alpha, step: 1502, train_lr: 0.0001
TORCHFORT::WANDB: model: critic_0, step: 1503, train_loss: 0.516138
TORCHFORT::WANDB: model: critic_0, step: 1503, train_lr: 0.001
TORCHFORT::WANDB: model: actor, step: 1503, train_loss: -0.463879
TORCHFORT::WANDB: model: actor, step: 1503, train_lr: 0.001
TORCHFORT::WANDB: model: alpha, step: 1503, train_loss: -3.09664
TORCHFORT::WANDB: model: alpha, step: 1503, train_lr: 0.0001
TORCHFORT::WANDB: model: critic_0, step: 1504, train_loss: 0.563556
TORCHFORT::WANDB: model: critic_0, step: 1504, train_lr: 0.001
TORCHFORT::WANDB: model: actor, step: 1504, train_loss: -0.455759
TORCHFORT::WANDB: model: actor, step: 1504, train_lr: 0.001
TORCHFORT::WANDB: model: alpha, step: 1504, train_loss: -3.09575
TORCHFORT::WANDB: model: alpha, step: 1504, train_lr: 0.0001
TORCHFORT::WANDB: model: critic_0, step: 1505, train_loss: 0.54332
TORCHFORT::WANDB: model: critic_0, step: 1505, train_lr: 0.001
TORCHFORT::WANDB: model: actor, step: 1505, train_loss: -0.469223
TORCHFORT::WANDB: model: actor, step: 1505, train_lr: 0.001
TORCHFORT::WANDB: model: alpha, step: 1505, train_loss: -3.09687
TORCHFORT::WANDB: model: alpha, step: 1505, train_lr: 0.0001
TORCHFORT::WANDB: model: critic_0, step: 1506, train_loss: 0.509346
TORCHFORT::WANDB: model: critic_0, step: 1506, train_lr: 0.001
TORCHFORT::WANDB: model: actor, step: 1506, train_loss: -0.457544
TORCHFORT::WANDB: model: actor, step: 1506, train_lr: 0.001
TORCHFORT::WANDB: model: alpha, step: 1506, train_loss: -3.09415
TORCHFORT::WANDB: model: alpha, step: 1506, train_lr: 0.0001
TORCHFORT::WANDB: model: critic_0, step: 1507, train_loss: 0.538837
TORCHFORT::WANDB: model: critic_0, step: 1507, train_lr: 0.001
TORCHFORT::WANDB: model: actor, step: 1507, train_loss: -0.47326
TORCHFORT::WANDB: model: actor, step: 1507, train_lr: 0.001
TORCHFORT::WANDB: model: alpha, step: 1507, train_loss: -3.09492
TORCHFORT::WANDB: model: alpha, step: 1507, train_lr: 0.0001
TORCHFORT::WANDB: model: critic_0, step: 1508, train_loss: 0.561548
TORCHFORT::WANDB: model: critic_0, step: 1508, train_lr: 0.001
TORCHFORT::WANDB: model: actor, step: 1508, train_loss: -0.456028
TORCHFORT::WANDB: model: actor, step: 1508, train_lr: 0.001
TORCHFORT::WANDB: model: alpha, step: 1508, train_loss: -3.10036
TORCHFORT::WANDB: model: alpha, step: 1508, train_lr: 0.0001
TORCHFORT::WANDB: model: critic_0, step: 1509, train_loss: 0.559019
TORCHFORT::WANDB: model: critic_0, step: 1509, train_lr: 0.001
TORCHFORT::WANDB: model: actor, step: 1509, train_loss: -0.455298
TORCHFORT::WANDB: model: actor, step: 1509, train_lr: 0.001
TORCHFORT::WANDB: model: alpha, step: 1509, train_loss: -3.09023
TORCHFORT::WANDB: model: alpha, step: 1509, train_lr: 0.0001
TORCHFORT::WANDB: model: critic_0, step: 1510, train_loss: 0.556084
TORCHFORT::WANDB: model: critic_0, step: 1510, train_lr: 0.001
TORCHFORT::WANDB: model: actor, step: 1510, train_loss: -0.455995
TORCHFORT::WANDB: model: actor, step: 1510, train_lr: 0.001
TORCHFORT::WANDB: model: alpha, step: 1510, train_loss: -3.09696
TORCHFORT::WANDB: model: alpha, step: 1510, train_lr: 0.0001
TORCHFORT::WANDB: model: critic_0, step: 1511, train_loss: 0.535177
TORCHFORT::WANDB: model: critic_0, step: 1511, train_lr: 0.001
TORCHFORT::WANDB: model: actor, step: 1511, train_loss: -0.462103
TORCHFORT::WANDB: model: actor, step: 1511, train_lr: 0.001
TORCHFORT::WANDB: model: alpha, step: 1511, train_loss: -3.0955
TORCHFORT::WANDB: model: alpha, step: 1511, train_lr: 0.0001
TORCHFORT::WANDB: model: critic_0, step: 1512, train_loss: 0.564347
TORCHFORT::WANDB: model: critic_0, step: 1512, train_lr: 0.001
TORCHFORT::WANDB: model: actor, step: 1512, train_loss: -0.467368
TORCHFORT::WANDB: model: actor, step: 1512, train_lr: 0.001
TORCHFORT::WANDB: model: alpha, step: 1512, train_loss: -3.09407
TORCHFORT::WANDB: model: alpha, step: 1512, train_lr: 0.0001
TORCHFORT::WANDB: model: critic_0, step: 1513, train_loss: 0.559594
TORCHFORT::WANDB: model: critic_0, step: 1513, train_lr: 0.001
TORCHFORT::WANDB: model: actor, step: 1513, train_loss: -0.477909
TORCHFORT::WANDB: model: actor, step: 1513, train_lr: 0.001
TORCHFORT::WANDB: model: alpha, step: 1513, train_loss: -3.09771
TORCHFORT::WANDB: model: alpha, step: 1513, train_lr: 0.0001
TORCHFORT::WANDB: model: critic_0, step: 1514, train_loss: 0.565142
TORCHFORT::WANDB: model: critic_0, step: 1514, train_lr: 0.001
TORCHFORT::WANDB: model: actor, step: 1514, train_loss: -0.467375
TORCHFORT::WANDB: model: actor, step: 1514, train_lr: 0.001
TORCHFORT::WANDB: model: alpha, step: 1514, train_loss: -3.09754
TORCHFORT::WANDB: model: alpha, step: 1514, train_lr: 0.0001
TORCHFORT::WANDB: model: critic_0, step: 1515, train_loss: 0.563882
TORCHFORT::WANDB: model: critic_0, step: 1515, train_lr: 0.001
TORCHFORT::WANDB: model: actor, step: 1515, train_loss: -0.468816
TORCHFORT::WANDB: model: actor, step: 1515, train_lr: 0.001
TORCHFORT::WANDB: model: alpha, step: 1515, train_loss: -3.09954
TORCHFORT::WANDB: model: alpha, step: 1515, train_lr: 0.0001
TORCHFORT::WANDB: model: critic_0, step: 1516, train_loss: 0.555794
TORCHFORT::WANDB: model: critic_0, step: 1516, train_lr: 0.001
TORCHFORT::WANDB: model: actor, step: 1516, train_loss: -0.463944
TORCHFORT::WANDB: model: actor, step: 1516, train_lr: 0.001
TORCHFORT::WANDB: model: alpha, step: 1516, train_loss: -3.10007
TORCHFORT::WANDB: model: alpha, step: 1516, train_lr: 0.0001
TORCHFORT::WANDB: model: critic_0, step: 1517, train_loss: 0.504209
TORCHFORT::WANDB: model: critic_0, step: 1517, train_lr: 0.001
TORCHFORT::WANDB: model: actor, step: 1517, train_loss: -0.468095
TORCHFORT::WANDB: model: actor, step: 1517, train_lr: 0.001
TORCHFORT::WANDB: model: alpha, step: 1517, train_loss: -3.09586
TORCHFORT::WANDB: model: alpha, step: 1517, train_lr: 0.0001
TORCHFORT::WANDB: model: critic_0, step: 1518, train_loss: 0.558389
TORCHFORT::WANDB: model: critic_0, step: 1518, train_lr: 0.001
TORCHFORT::WANDB: model: actor, step: 1518, train_loss: -0.478594
TORCHFORT::WANDB: model: actor, step: 1518, train_lr: 0.001
TORCHFORT::WANDB: model: alpha, step: 1518, train_loss: -3.10252
TORCHFORT::WANDB: model: alpha, step: 1518, train_lr: 0.0001
TORCHFORT::WANDB: model: critic_0, step: 1519, train_loss: 0.542023
TORCHFORT::WANDB: model: critic_0, step: 1519, train_lr: 0.001
TORCHFORT::WANDB: model: actor, step: 1519, train_loss: -0.487649
TORCHFORT::WANDB: model: actor, step: 1519, train_lr: 0.001
TORCHFORT::WANDB: model: alpha, step: 1519, train_loss: -3.09781
TORCHFORT::WANDB: model: alpha, step: 1519, train_lr: 0.0001
TORCHFORT::WANDB: model: critic_0, step: 1520, train_loss: 0.580634
TORCHFORT::WANDB: model: critic_0, step: 1520, train_lr: 0.001
TORCHFORT::WANDB: model: actor, step: 1520, train_loss: -0.456441
TORCHFORT::WANDB: model: actor, step: 1520, train_lr: 0.001
TORCHFORT::WANDB: model: alpha, step: 1520, train_loss: -3.1008
TORCHFORT::WANDB: model: alpha, step: 1520, train_lr: 0.0001
TORCHFORT::WANDB: model: rlwm, step: 86, reward_sum: 3715.5
TORCHFORT::WANDB: model: rlwm, step: 86, reward_sum: 3715.5
TORCHFORT::WANDB: model: rlwm, step: 86, reward_sum: 3715.5
TORCHFORT::WANDB: model: rlwm, step: 86, reward_sum: 3715.5
TORCHFORT::WANDB: model: critic_0, step: 1521, train_loss: 0.532522
TORCHFORT::WANDB: model: critic_0, step: 1521, train_lr: 0.001
TORCHFORT::WANDB: model: actor, step: 1521, train_loss: -0.446181
TORCHFORT::WANDB: model: actor, step: 1521, train_lr: 0.001
TORCHFORT::WANDB: model: alpha, step: 1521, train_loss: -3.09754
TORCHFORT::WANDB: model: alpha, step: 1521, train_lr: 0.0001
TORCHFORT::WANDB: model: critic_0, step: 1522, train_loss: 0.583571
TORCHFORT::WANDB: model: critic_0, step: 1522, train_lr: 0.001
TORCHFORT::WANDB: model: actor, step: 1522, train_loss: -0.447444
TORCHFORT::WANDB: model: actor, step: 1522, train_lr: 0.001
TORCHFORT::WANDB: model: alpha, step: 1522, train_loss: -3.09905
TORCHFORT::WANDB: model: alpha, step: 1522, train_lr: 0.0001
TORCHFORT::WANDB: model: critic_0, step: 1523, train_loss: 0.587339
TORCHFORT::WANDB: model: critic_0, step: 1523, train_lr: 0.001
TORCHFORT::WANDB: model: actor, step: 1523, train_loss: -0.468898
TORCHFORT::WANDB: model: actor, step: 1523, train_lr: 0.001
TORCHFORT::WANDB: model: alpha, step: 1523, train_loss: -3.10012
TORCHFORT::WANDB: model: alpha, step: 1523, train_lr: 0.0001
TORCHFORT::WANDB: model: critic_0, step: 1524, train_loss: 0.576
TORCHFORT::WANDB: model: critic_0, step: 1524, train_lr: 0.001
TORCHFORT::WANDB: model: actor, step: 1524, train_loss: -0.472351
TORCHFORT::WANDB: model: actor, step: 1524, train_lr: 0.001
TORCHFORT::WANDB: model: alpha, step: 1524, train_loss: -3.10143
TORCHFORT::WANDB: model: alpha, step: 1524, train_lr: 0.0001
TORCHFORT::WANDB: model: critic_0, step: 1525, train_loss: 0.613655
TORCHFORT::WANDB: model: critic_0, step: 1525, train_lr: 0.001
TORCHFORT::WANDB: model: actor, step: 1525, train_loss: -0.474116
TORCHFORT::WANDB: model: actor, step: 1525, train_lr: 0.001
TORCHFORT::WANDB: model: alpha, step: 1525, train_loss: -3.10576
TORCHFORT::WANDB: model: alpha, step: 1525, train_lr: 0.0001
TORCHFORT::WANDB: model: critic_0, step: 1526, train_loss: 0.608571
TORCHFORT::WANDB: model: critic_0, step: 1526, train_lr: 0.001
TORCHFORT::WANDB: model: actor, step: 1526, train_loss: -0.480778
TORCHFORT::WANDB: model: actor, step: 1526, train_lr: 0.001
TORCHFORT::WANDB: model: alpha, step: 1526, train_loss: -3.09936
TORCHFORT::WANDB: model: alpha, step: 1526, train_lr: 0.0001
TORCHFORT::WANDB: model: critic_0, step: 1527, train_loss: 0.609695
TORCHFORT::WANDB: model: critic_0, step: 1527, train_lr: 0.001
TORCHFORT::WANDB: model: actor, step: 1527, train_loss: -0.444112
TORCHFORT::WANDB: model: actor, step: 1527, train_lr: 0.001
TORCHFORT::WANDB: model: alpha, step: 1527, train_loss: -3.09921
TORCHFORT::WANDB: model: alpha, step: 1527, train_lr: 0.0001
TORCHFORT::WANDB: model: critic_0, step: 1528, train_loss: 0.58416
TORCHFORT::WANDB: model: critic_0, step: 1528, train_lr: 0.001
TORCHFORT::WANDB: model: actor, step: 1528, train_loss: -0.43696
TORCHFORT::WANDB: model: actor, step: 1528, train_lr: 0.001
TORCHFORT::WANDB: model: alpha, step: 1528, train_loss: -3.10531
TORCHFORT::WANDB: model: alpha, step: 1528, train_lr: 0.0001
TORCHFORT::WANDB: model: critic_0, step: 1529, train_loss: 0.580662
TORCHFORT::WANDB: model: critic_0, step: 1529, train_lr: 0.001
TORCHFORT::WANDB: model: actor, step: 1529, train_loss: -0.475814
TORCHFORT::WANDB: model: actor, step: 1529, train_lr: 0.001
TORCHFORT::WANDB: model: alpha, step: 1529, train_loss: -3.09942
TORCHFORT::WANDB: model: alpha, step: 1529, train_lr: 0.0001
TORCHFORT::WANDB: model: critic_0, step: 1530, train_loss: 0.605843
TORCHFORT::WANDB: model: critic_0, step: 1530, train_lr: 0.001
TORCHFORT::WANDB: model: actor, step: 1530, train_loss: -0.516791
TORCHFORT::WANDB: model: actor, step: 1530, train_lr: 0.001
TORCHFORT::WANDB: model: alpha, step: 1530, train_loss: -3.10473
TORCHFORT::WANDB: model: alpha, step: 1530, train_lr: 0.0001
TORCHFORT::WANDB: model: critic_0, step: 1531, train_loss: 0.553266
TORCHFORT::WANDB: model: critic_0, step: 1531, train_lr: 0.001
TORCHFORT::WANDB: model: actor, step: 1531, train_loss: -0.492591
TORCHFORT::WANDB: model: actor, step: 1531, train_lr: 0.001
TORCHFORT::WANDB: model: alpha, step: 1531, train_loss: -3.10139
TORCHFORT::WANDB: model: alpha, step: 1531, train_lr: 0.0001
TORCHFORT::WANDB: model: critic_0, step: 1532, train_loss: 0.601631
TORCHFORT::WANDB: model: critic_0, step: 1532, train_lr: 0.001
TORCHFORT::WANDB: model: actor, step: 1532, train_loss: -0.431143
TORCHFORT::WANDB: model: actor, step: 1532, train_lr: 0.001
TORCHFORT::WANDB: model: alpha, step: 1532, train_loss: -3.10258
TORCHFORT::WANDB: model: alpha, step: 1532, train_lr: 0.0001
TORCHFORT::WANDB: model: critic_0, step: 1533, train_loss: 0.561275
TORCHFORT::WANDB: model: critic_0, step: 1533, train_lr: 0.001
TORCHFORT::WANDB: model: actor, step: 1533, train_loss: -0.416663
TORCHFORT::WANDB: model: actor, step: 1533, train_lr: 0.001
TORCHFORT::WANDB: model: alpha, step: 1533, train_loss: -3.10861
TORCHFORT::WANDB: model: alpha, step: 1533, train_lr: 0.0001
TORCHFORT::WANDB: model: critic_0, step: 1534, train_loss: 0.58284
TORCHFORT::WANDB: model: critic_0, step: 1534, train_lr: 0.001
TORCHFORT::WANDB: model: actor, step: 1534, train_loss: -0.441631
TORCHFORT::WANDB: model: actor, step: 1534, train_lr: 0.001
TORCHFORT::WANDB: model: alpha, step: 1534, train_loss: -3.0982
TORCHFORT::WANDB: model: alpha, step: 1534, train_lr: 0.0001
TORCHFORT::WANDB: model: critic_0, step: 1535, train_loss: 0.634063
TORCHFORT::WANDB: model: critic_0, step: 1535, train_lr: 0.001
TORCHFORT::WANDB: model: actor, step: 1535, train_loss: -0.511008
TORCHFORT::WANDB: model: actor, step: 1535, train_lr: 0.001
TORCHFORT::WANDB: model: alpha, step: 1535, train_loss: -3.09997
TORCHFORT::WANDB: model: alpha, step: 1535, train_lr: 0.0001
TORCHFORT::WANDB: model: critic_0, step: 1536, train_loss: 0.59969
TORCHFORT::WANDB: model: critic_0, step: 1536, train_lr: 0.001
TORCHFORT::WANDB: model: actor, step: 1536, train_loss: -0.503926
TORCHFORT::WANDB: model: actor, step: 1536, train_lr: 0.001
TORCHFORT::WANDB: model: alpha, step: 1536, train_loss: -3.10425
TORCHFORT::WANDB: model: alpha, step: 1536, train_lr: 0.0001
TORCHFORT::WANDB: model: critic_0, step: 1537, train_loss: 0.601028
TORCHFORT::WANDB: model: critic_0, step: 1537, train_lr: 0.001
TORCHFORT::WANDB: model: actor, step: 1537, train_loss: -0.454769
TORCHFORT::WANDB: model: actor, step: 1537, train_lr: 0.001
TORCHFORT::WANDB: model: alpha, step: 1537, train_loss: -3.10206
TORCHFORT::WANDB: model: alpha, step: 1537, train_lr: 0.0001
TORCHFORT::WANDB: model: critic_0, step: 1538, train_loss: 0.606286
TORCHFORT::WANDB: model: critic_0, step: 1538, train_lr: 0.001
TORCHFORT::WANDB: model: actor, step: 1538, train_loss: -0.442063
TORCHFORT::WANDB: model: actor, step: 1538, train_lr: 0.001
TORCHFORT::WANDB: model: alpha, step: 1538, train_loss: -3.09902
TORCHFORT::WANDB: model: alpha, step: 1538, train_lr: 0.0001
TORCHFORT::WANDB: model: critic_0, step: 1539, train_loss: 0.581115
TORCHFORT::WANDB: model: critic_0, step: 1539, train_lr: 0.001
TORCHFORT::WANDB: model: actor, step: 1539, train_loss: -0.488
TORCHFORT::WANDB: model: actor, step: 1539, train_lr: 0.001
TORCHFORT::WANDB: model: alpha, step: 1539, train_loss: -3.10284
TORCHFORT::WANDB: model: alpha, step: 1539, train_lr: 0.0001
TORCHFORT::WANDB: model: critic_0, step: 1540, train_loss: 0.57921
TORCHFORT::WANDB: model: critic_0, step: 1540, train_lr: 0.001
TORCHFORT::WANDB: model: actor, step: 1540, train_loss: -0.538292
TORCHFORT::WANDB: model: actor, step: 1540, train_lr: 0.001
TORCHFORT::WANDB: model: alpha, step: 1540, train_loss: -3.09965
TORCHFORT::WANDB: model: alpha, step: 1540, train_lr: 0.0001
TORCHFORT::WANDB: model: rlwm, step: 87, reward_sum: 4650.5
TORCHFORT::WANDB: model: rlwm, step: 87, reward_sum: 4650.5
TORCHFORT::WANDB: model: rlwm, step: 87, reward_sum: 4650.5
TORCHFORT::WANDB: model: rlwm, step: 87, reward_sum: 4650.5
TORCHFORT::WANDB: model: critic_0, step: 1541, train_loss: 0.607934
TORCHFORT::WANDB: model: critic_0, step: 1541, train_lr: 0.001
TORCHFORT::WANDB: model: actor, step: 1541, train_loss: -0.521825
TORCHFORT::WANDB: model: actor, step: 1541, train_lr: 0.001
TORCHFORT::WANDB: model: alpha, step: 1541, train_loss: -3.10067
TORCHFORT::WANDB: model: alpha, step: 1541, train_lr: 0.0001
TORCHFORT::WANDB: model: critic_0, step: 1542, train_loss: 0.622045
TORCHFORT::WANDB: model: critic_0, step: 1542, train_lr: 0.001
TORCHFORT::WANDB: model: actor, step: 1542, train_loss: -0.448132
TORCHFORT::WANDB: model: actor, step: 1542, train_lr: 0.001
TORCHFORT::WANDB: model: alpha, step: 1542, train_loss: -3.09554
TORCHFORT::WANDB: model: alpha, step: 1542, train_lr: 0.0001
TORCHFORT::WANDB: model: critic_0, step: 1543, train_loss: 0.572429
TORCHFORT::WANDB: model: critic_0, step: 1543, train_lr: 0.001
TORCHFORT::WANDB: model: actor, step: 1543, train_loss: -0.435414
TORCHFORT::WANDB: model: actor, step: 1543, train_lr: 0.001
TORCHFORT::WANDB: model: alpha, step: 1543, train_loss: -3.10023
TORCHFORT::WANDB: model: alpha, step: 1543, train_lr: 0.0001
TORCHFORT::WANDB: model: critic_0, step: 1544, train_loss: 0.611315
TORCHFORT::WANDB: model: critic_0, step: 1544, train_lr: 0.001
TORCHFORT::WANDB: model: actor, step: 1544, train_loss: -0.480986
TORCHFORT::WANDB: model: actor, step: 1544, train_lr: 0.001
TORCHFORT::WANDB: model: alpha, step: 1544, train_loss: -3.10156
TORCHFORT::WANDB: model: alpha, step: 1544, train_lr: 0.0001
TORCHFORT::WANDB: model: critic_0, step: 1545, train_loss: 0.539435
TORCHFORT::WANDB: model: critic_0, step: 1545, train_lr: 0.001
TORCHFORT::WANDB: model: actor, step: 1545, train_loss: -0.531349
TORCHFORT::WANDB: model: actor, step: 1545, train_lr: 0.001
TORCHFORT::WANDB: model: alpha, step: 1545, train_loss: -3.10481
TORCHFORT::WANDB: model: alpha, step: 1545, train_lr: 0.0001
TORCHFORT::WANDB: model: critic_0, step: 1546, train_loss: 0.63312
TORCHFORT::WANDB: model: critic_0, step: 1546, train_lr: 0.001
TORCHFORT::WANDB: model: actor, step: 1546, train_loss: -0.550218
TORCHFORT::WANDB: model: actor, step: 1546, train_lr: 0.001
TORCHFORT::WANDB: model: alpha, step: 1546, train_loss: -3.10965
TORCHFORT::WANDB: model: alpha, step: 1546, train_lr: 0.0001
TORCHFORT::WANDB: model: critic_0, step: 1547, train_loss: 0.63601
TORCHFORT::WANDB: model: critic_0, step: 1547, train_lr: 0.001
TORCHFORT::WANDB: model: actor, step: 1547, train_loss: -0.467272
TORCHFORT::WANDB: model: actor, step: 1547, train_lr: 0.001
TORCHFORT::WANDB: model: alpha, step: 1547, train_loss: -3.10432
TORCHFORT::WANDB: model: alpha, step: 1547, train_lr: 0.0001
TORCHFORT::WANDB: model: critic_0, step: 1548, train_loss: 0.624283
TORCHFORT::WANDB: model: critic_0, step: 1548, train_lr: 0.001
TORCHFORT::WANDB: model: actor, step: 1548, train_loss: -0.437958
TORCHFORT::WANDB: model: actor, step: 1548, train_lr: 0.001
TORCHFORT::WANDB: model: alpha, step: 1548, train_loss: -3.10467
TORCHFORT::WANDB: model: alpha, step: 1548, train_lr: 0.0001
TORCHFORT::WANDB: model: critic_0, step: 1549, train_loss: 0.568462
TORCHFORT::WANDB: model: critic_0, step: 1549, train_lr: 0.001
TORCHFORT::WANDB: model: actor, step: 1549, train_loss: -0.480188
TORCHFORT::WANDB: model: actor, step: 1549, train_lr: 0.001
TORCHFORT::WANDB: model: alpha, step: 1549, train_loss: -3.10605
TORCHFORT::WANDB: model: alpha, step: 1549, train_lr: 0.0001
TORCHFORT::WANDB: model: critic_0, step: 1550, train_loss: 0.618284
TORCHFORT::WANDB: model: critic_0, step: 1550, train_lr: 0.001
TORCHFORT::WANDB: model: actor, step: 1550, train_loss: -0.538688
TORCHFORT::WANDB: model: actor, step: 1550, train_lr: 0.001
TORCHFORT::WANDB: model: alpha, step: 1550, train_loss: -3.10605
TORCHFORT::WANDB: model: alpha, step: 1550, train_lr: 0.0001
TORCHFORT::WANDB: model: critic_0, step: 1551, train_loss: 0.586559
TORCHFORT::WANDB: model: critic_0, step: 1551, train_lr: 0.001
TORCHFORT::WANDB: model: actor, step: 1551, train_loss: -0.532421
TORCHFORT::WANDB: model: actor, step: 1551, train_lr: 0.001
TORCHFORT::WANDB: model: alpha, step: 1551, train_loss: -3.10884
TORCHFORT::WANDB: model: alpha, step: 1551, train_lr: 0.0001
TORCHFORT::WANDB: model: critic_0, step: 1552, train_loss: 0.587515
TORCHFORT::WANDB: model: critic_0, step: 1552, train_lr: 0.001
TORCHFORT::WANDB: model: actor, step: 1552, train_loss: -0.470517
TORCHFORT::WANDB: model: actor, step: 1552, train_lr: 0.001
TORCHFORT::WANDB: model: alpha, step: 1552, train_loss: -3.106
TORCHFORT::WANDB: model: alpha, step: 1552, train_lr: 0.0001
TORCHFORT::WANDB: model: critic_0, step: 1553, train_loss: 0.622349
TORCHFORT::WANDB: model: critic_0, step: 1553, train_lr: 0.001
TORCHFORT::WANDB: model: actor, step: 1553, train_loss: -0.459139
TORCHFORT::WANDB: model: actor, step: 1553, train_lr: 0.001
TORCHFORT::WANDB: model: alpha, step: 1553, train_loss: -3.10804
TORCHFORT::WANDB: model: alpha, step: 1553, train_lr: 0.0001
TORCHFORT::WANDB: model: critic_0, step: 1554, train_loss: 0.618941
TORCHFORT::WANDB: model: critic_0, step: 1554, train_lr: 0.001
TORCHFORT::WANDB: model: actor, step: 1554, train_loss: -0.517138
TORCHFORT::WANDB: model: actor, step: 1554, train_lr: 0.001
TORCHFORT::WANDB: model: alpha, step: 1554, train_loss: -3.10954
TORCHFORT::WANDB: model: alpha, step: 1554, train_lr: 0.0001
TORCHFORT::WANDB: model: critic_0, step: 1555, train_loss: 0.605688
TORCHFORT::WANDB: model: critic_0, step: 1555, train_lr: 0.001
TORCHFORT::WANDB: model: actor, step: 1555, train_loss: -0.553288
TORCHFORT::WANDB: model: actor, step: 1555, train_lr: 0.001
TORCHFORT::WANDB: model: alpha, step: 1555, train_loss: -3.10827
TORCHFORT::WANDB: model: alpha, step: 1555, train_lr: 0.0001
TORCHFORT::WANDB: model: critic_0, step: 1556, train_loss: 0.597493
TORCHFORT::WANDB: model: critic_0, step: 1556, train_lr: 0.001
TORCHFORT::WANDB: model: actor, step: 1556, train_loss: -0.514914
TORCHFORT::WANDB: model: actor, step: 1556, train_lr: 0.001
TORCHFORT::WANDB: model: alpha, step: 1556, train_loss: -3.10992
TORCHFORT::WANDB: model: alpha, step: 1556, train_lr: 0.0001
TORCHFORT::WANDB: model: critic_0, step: 1557, train_loss: 0.620178
TORCHFORT::WANDB: model: critic_0, step: 1557, train_lr: 0.001
TORCHFORT::WANDB: model: actor, step: 1557, train_loss: -0.444968
TORCHFORT::WANDB: model: actor, step: 1557, train_lr: 0.001
TORCHFORT::WANDB: model: alpha, step: 1557, train_loss: -3.11233
TORCHFORT::WANDB: model: alpha, step: 1557, train_lr: 0.0001
TORCHFORT::WANDB: model: critic_0, step: 1558, train_loss: 0.582648
TORCHFORT::WANDB: model: critic_0, step: 1558, train_lr: 0.001
TORCHFORT::WANDB: model: actor, step: 1558, train_loss: -0.449284
TORCHFORT::WANDB: model: actor, step: 1558, train_lr: 0.001
TORCHFORT::WANDB: model: alpha, step: 1558, train_loss: -3.10999
TORCHFORT::WANDB: model: alpha, step: 1558, train_lr: 0.0001
TORCHFORT::WANDB: model: critic_0, step: 1559, train_loss: 0.578018
TORCHFORT::WANDB: model: critic_0, step: 1559, train_lr: 0.001
TORCHFORT::WANDB: model: actor, step: 1559, train_loss: -0.511372
TORCHFORT::WANDB: model: actor, step: 1559, train_lr: 0.001
TORCHFORT::WANDB: model: alpha, step: 1559, train_loss: -3.11009
TORCHFORT::WANDB: model: alpha, step: 1559, train_lr: 0.0001
TORCHFORT::WANDB: model: critic_0, step: 1560, train_loss: 0.587727
TORCHFORT::WANDB: model: critic_0, step: 1560, train_lr: 0.001
TORCHFORT::WANDB: model: actor, step: 1560, train_loss: -0.545167
TORCHFORT::WANDB: model: actor, step: 1560, train_lr: 0.001
TORCHFORT::WANDB: model: alpha, step: 1560, train_loss: -3.11151
TORCHFORT::WANDB: model: alpha, step: 1560, train_lr: 0.0001
TORCHFORT::WANDB: model: rlwm, step: 88, reward_sum: 6052.51
TORCHFORT::WANDB: model: rlwm, step: 88, reward_sum: 6052.51
TORCHFORT::WANDB: model: rlwm, step: 88, reward_sum: 6052.51
TORCHFORT::WANDB: model: rlwm, step: 88, reward_sum: 6052.51
TORCHFORT::WANDB: model: critic_0, step: 1561, train_loss: 0.665063
TORCHFORT::WANDB: model: critic_0, step: 1561, train_lr: 0.001
TORCHFORT::WANDB: model: actor, step: 1561, train_loss: -0.524471
TORCHFORT::WANDB: model: actor, step: 1561, train_lr: 0.001
TORCHFORT::WANDB: model: alpha, step: 1561, train_loss: -3.11024
TORCHFORT::WANDB: model: alpha, step: 1561, train_lr: 0.0001
TORCHFORT::WANDB: model: critic_0, step: 1562, train_loss: 0.598991
TORCHFORT::WANDB: model: critic_0, step: 1562, train_lr: 0.001
TORCHFORT::WANDB: model: actor, step: 1562, train_loss: -0.47105
TORCHFORT::WANDB: model: actor, step: 1562, train_lr: 0.001
TORCHFORT::WANDB: model: alpha, step: 1562, train_loss: -3.10974
TORCHFORT::WANDB: model: alpha, step: 1562, train_lr: 0.0001
TORCHFORT::WANDB: model: critic_0, step: 1563, train_loss: 0.635467
TORCHFORT::WANDB: model: critic_0, step: 1563, train_lr: 0.001
TORCHFORT::WANDB: model: actor, step: 1563, train_loss: -0.477472
TORCHFORT::WANDB: model: actor, step: 1563, train_lr: 0.001
TORCHFORT::WANDB: model: alpha, step: 1563, train_loss: -3.11173
TORCHFORT::WANDB: model: alpha, step: 1563, train_lr: 0.0001
TORCHFORT::WANDB: model: critic_0, step: 1564, train_loss: 0.586092
TORCHFORT::WANDB: model: critic_0, step: 1564, train_lr: 0.001
TORCHFORT::WANDB: model: actor, step: 1564, train_loss: -0.510544
TORCHFORT::WANDB: model: actor, step: 1564, train_lr: 0.001
TORCHFORT::WANDB: model: alpha, step: 1564, train_loss: -3.11019
TORCHFORT::WANDB: model: alpha, step: 1564, train_lr: 0.0001
TORCHFORT::WANDB: model: critic_0, step: 1565, train_loss: 0.678217
TORCHFORT::WANDB: model: critic_0, step: 1565, train_lr: 0.001
TORCHFORT::WANDB: model: actor, step: 1565, train_loss: -0.538039
TORCHFORT::WANDB: model: actor, step: 1565, train_lr: 0.001
TORCHFORT::WANDB: model: alpha, step: 1565, train_loss: -3.10917
TORCHFORT::WANDB: model: alpha, step: 1565, train_lr: 0.0001
TORCHFORT::WANDB: model: critic_0, step: 1566, train_loss: 0.61794
TORCHFORT::WANDB: model: critic_0, step: 1566, train_lr: 0.001
TORCHFORT::WANDB: model: actor, step: 1566, train_loss: -0.52252
TORCHFORT::WANDB: model: actor, step: 1566, train_lr: 0.001
TORCHFORT::WANDB: model: alpha, step: 1566, train_loss: -3.11067
TORCHFORT::WANDB: model: alpha, step: 1566, train_lr: 0.0001
TORCHFORT::WANDB: model: critic_0, step: 1567, train_loss: 0.592216
TORCHFORT::WANDB: model: critic_0, step: 1567, train_lr: 0.001
TORCHFORT::WANDB: model: actor, step: 1567, train_loss: -0.490781
TORCHFORT::WANDB: model: actor, step: 1567, train_lr: 0.001
TORCHFORT::WANDB: model: alpha, step: 1567, train_loss: -3.11016
TORCHFORT::WANDB: model: alpha, step: 1567, train_lr: 0.0001
TORCHFORT::WANDB: model: critic_0, step: 1568, train_loss: 0.631147
TORCHFORT::WANDB: model: critic_0, step: 1568, train_lr: 0.001
TORCHFORT::WANDB: model: actor, step: 1568, train_loss: -0.477218
TORCHFORT::WANDB: model: actor, step: 1568, train_lr: 0.001
TORCHFORT::WANDB: model: alpha, step: 1568, train_loss: -3.11539
TORCHFORT::WANDB: model: alpha, step: 1568, train_lr: 0.0001
TORCHFORT::WANDB: model: critic_0, step: 1569, train_loss: 0.677646
TORCHFORT::WANDB: model: critic_0, step: 1569, train_lr: 0.001
TORCHFORT::WANDB: model: actor, step: 1569, train_loss: -0.511363
TORCHFORT::WANDB: model: actor, step: 1569, train_lr: 0.001
TORCHFORT::WANDB: model: alpha, step: 1569, train_loss: -3.11068
TORCHFORT::WANDB: model: alpha, step: 1569, train_lr: 0.0001
TORCHFORT::WANDB: model: critic_0, step: 1570, train_loss: 0.620008
TORCHFORT::WANDB: model: critic_0, step: 1570, train_lr: 0.001
TORCHFORT::WANDB: model: actor, step: 1570, train_loss: -0.546245
TORCHFORT::WANDB: model: actor, step: 1570, train_lr: 0.001
TORCHFORT::WANDB: model: alpha, step: 1570, train_loss: -3.1074
TORCHFORT::WANDB: model: alpha, step: 1570, train_lr: 0.0001
TORCHFORT::WANDB: model: critic_0, step: 1571, train_loss: 0.607587
TORCHFORT::WANDB: model: critic_0, step: 1571, train_lr: 0.001
TORCHFORT::WANDB: model: actor, step: 1571, train_loss: -0.523935
TORCHFORT::WANDB: model: actor, step: 1571, train_lr: 0.001
TORCHFORT::WANDB: model: alpha, step: 1571, train_loss: -3.10942
TORCHFORT::WANDB: model: alpha, step: 1571, train_lr: 0.0001
TORCHFORT::WANDB: model: critic_0, step: 1572, train_loss: 0.636565
TORCHFORT::WANDB: model: critic_0, step: 1572, train_lr: 0.001
TORCHFORT::WANDB: model: actor, step: 1572, train_loss: -0.491156
TORCHFORT::WANDB: model: actor, step: 1572, train_lr: 0.001
TORCHFORT::WANDB: model: alpha, step: 1572, train_loss: -3.10893
TORCHFORT::WANDB: model: alpha, step: 1572, train_lr: 0.0001
TORCHFORT::WANDB: model: critic_0, step: 1573, train_loss: 0.628688
TORCHFORT::WANDB: model: critic_0, step: 1573, train_lr: 0.001
TORCHFORT::WANDB: model: actor, step: 1573, train_loss: -0.463962
TORCHFORT::WANDB: model: actor, step: 1573, train_lr: 0.001
TORCHFORT::WANDB: model: alpha, step: 1573, train_loss: -3.1127
TORCHFORT::WANDB: model: alpha, step: 1573, train_lr: 0.0001
TORCHFORT::WANDB: model: critic_0, step: 1574, train_loss: 0.603746
TORCHFORT::WANDB: model: critic_0, step: 1574, train_lr: 0.001
TORCHFORT::WANDB: model: actor, step: 1574, train_loss: -0.492326
TORCHFORT::WANDB: model: actor, step: 1574, train_lr: 0.001
TORCHFORT::WANDB: model: alpha, step: 1574, train_loss: -3.11328
TORCHFORT::WANDB: model: alpha, step: 1574, train_lr: 0.0001
TORCHFORT::WANDB: model: critic_0, step: 1575, train_loss: 0.581131
TORCHFORT::WANDB: model: critic_0, step: 1575, train_lr: 0.001
TORCHFORT::WANDB: model: actor, step: 1575, train_loss: -0.536161
TORCHFORT::WANDB: model: actor, step: 1575, train_lr: 0.001
TORCHFORT::WANDB: model: alpha, step: 1575, train_loss: -3.11383
TORCHFORT::WANDB: model: alpha, step: 1575, train_lr: 0.0001
TORCHFORT::WANDB: model: critic_0, step: 1576, train_loss: 0.649712
TORCHFORT::WANDB: model: critic_0, step: 1576, train_lr: 0.001
TORCHFORT::WANDB: model: actor, step: 1576, train_loss: -0.554423
TORCHFORT::WANDB: model: actor, step: 1576, train_lr: 0.001
TORCHFORT::WANDB: model: alpha, step: 1576, train_loss: -3.11757
TORCHFORT::WANDB: model: alpha, step: 1576, train_lr: 0.0001
TORCHFORT::WANDB: model: critic_0, step: 1577, train_loss: 0.650964
TORCHFORT::WANDB: model: critic_0, step: 1577, train_lr: 0.001
TORCHFORT::WANDB: model: actor, step: 1577, train_loss: -0.520356
TORCHFORT::WANDB: model: actor, step: 1577, train_lr: 0.001
TORCHFORT::WANDB: model: alpha, step: 1577, train_loss: -3.11011
TORCHFORT::WANDB: model: alpha, step: 1577, train_lr: 0.0001
TORCHFORT::WANDB: model: critic_0, step: 1578, train_loss: 0.67915
TORCHFORT::WANDB: model: critic_0, step: 1578, train_lr: 0.001
TORCHFORT::WANDB: model: actor, step: 1578, train_loss: -0.474404
TORCHFORT::WANDB: model: actor, step: 1578, train_lr: 0.001
TORCHFORT::WANDB: model: alpha, step: 1578, train_loss: -3.11766
TORCHFORT::WANDB: model: alpha, step: 1578, train_lr: 0.0001
TORCHFORT::WANDB: model: critic_0, step: 1579, train_loss: 0.606361
TORCHFORT::WANDB: model: critic_0, step: 1579, train_lr: 0.001
TORCHFORT::WANDB: model: actor, step: 1579, train_loss: -0.491999
TORCHFORT::WANDB: model: actor, step: 1579, train_lr: 0.001
TORCHFORT::WANDB: model: alpha, step: 1579, train_loss: -3.11414
TORCHFORT::WANDB: model: alpha, step: 1579, train_lr: 0.0001
TORCHFORT::WANDB: model: critic_0, step: 1580, train_loss: 0.614719
TORCHFORT::WANDB: model: critic_0, step: 1580, train_lr: 0.001
TORCHFORT::WANDB: model: actor, step: 1580, train_loss: -0.523849
TORCHFORT::WANDB: model: actor, step: 1580, train_lr: 0.001
TORCHFORT::WANDB: model: alpha, step: 1580, train_loss: -3.11518
TORCHFORT::WANDB: model: alpha, step: 1580, train_lr: 0.0001
TORCHFORT::WANDB: model: rlwm, step: 89, reward_sum: 3811.04
TORCHFORT::WANDB: model: rlwm, step: 89, reward_sum: 3811.04
TORCHFORT::WANDB: model: rlwm, step: 89, reward_sum: 3811.04
TORCHFORT::WANDB: model: rlwm, step: 89, reward_sum: 3811.04
TORCHFORT::WANDB: model: critic_0, step: 1581, train_loss: 0.667554
TORCHFORT::WANDB: model: critic_0, step: 1581, train_lr: 0.001
TORCHFORT::WANDB: model: actor, step: 1581, train_loss: -0.53555
TORCHFORT::WANDB: model: actor, step: 1581, train_lr: 0.001
TORCHFORT::WANDB: model: alpha, step: 1581, train_loss: -3.11913
TORCHFORT::WANDB: model: alpha, step: 1581, train_lr: 0.0001
TORCHFORT::WANDB: model: critic_0, step: 1582, train_loss: 0.65196
TORCHFORT::WANDB: model: critic_0, step: 1582, train_lr: 0.001
TORCHFORT::WANDB: model: actor, step: 1582, train_loss: -0.526658
TORCHFORT::WANDB: model: actor, step: 1582, train_lr: 0.001
TORCHFORT::WANDB: model: alpha, step: 1582, train_loss: -3.11193
TORCHFORT::WANDB: model: alpha, step: 1582, train_lr: 0.0001
TORCHFORT::WANDB: model: critic_0, step: 1583, train_loss: 0.663598
TORCHFORT::WANDB: model: critic_0, step: 1583, train_lr: 0.001
TORCHFORT::WANDB: model: actor, step: 1583, train_loss: -0.506593
TORCHFORT::WANDB: model: actor, step: 1583, train_lr: 0.001
TORCHFORT::WANDB: model: alpha, step: 1583, train_loss: -3.117
TORCHFORT::WANDB: model: alpha, step: 1583, train_lr: 0.0001
TORCHFORT::WANDB: model: critic_0, step: 1584, train_loss: 0.627379
TORCHFORT::WANDB: model: critic_0, step: 1584, train_lr: 0.001
TORCHFORT::WANDB: model: actor, step: 1584, train_loss: -0.495606
TORCHFORT::WANDB: model: actor, step: 1584, train_lr: 0.001
TORCHFORT::WANDB: model: alpha, step: 1584, train_loss: -3.11489
TORCHFORT::WANDB: model: alpha, step: 1584, train_lr: 0.0001
TORCHFORT::WANDB: model: critic_0, step: 1585, train_loss: 0.624058
TORCHFORT::WANDB: model: critic_0, step: 1585, train_lr: 0.001
TORCHFORT::WANDB: model: actor, step: 1585, train_loss: -0.522472
TORCHFORT::WANDB: model: actor, step: 1585, train_lr: 0.001
TORCHFORT::WANDB: model: alpha, step: 1585, train_loss: -3.11208
TORCHFORT::WANDB: model: alpha, step: 1585, train_lr: 0.0001
TORCHFORT::WANDB: model: critic_0, step: 1586, train_loss: 0.653867
TORCHFORT::WANDB: model: critic_0, step: 1586, train_lr: 0.001
TORCHFORT::WANDB: model: actor, step: 1586, train_loss: -0.544234
TORCHFORT::WANDB: model: actor, step: 1586, train_lr: 0.001
TORCHFORT::WANDB: model: alpha, step: 1586, train_loss: -3.11544
TORCHFORT::WANDB: model: alpha, step: 1586, train_lr: 0.0001
TORCHFORT::WANDB: model: critic_0, step: 1587, train_loss: 0.678174
TORCHFORT::WANDB: model: critic_0, step: 1587, train_lr: 0.001
TORCHFORT::WANDB: model: actor, step: 1587, train_loss: -0.536281
TORCHFORT::WANDB: model: actor, step: 1587, train_lr: 0.001
TORCHFORT::WANDB: model: alpha, step: 1587, train_loss: -3.11481
TORCHFORT::WANDB: model: alpha, step: 1587, train_lr: 0.0001
TORCHFORT::WANDB: model: critic_0, step: 1588, train_loss: 0.674833
TORCHFORT::WANDB: model: critic_0, step: 1588, train_lr: 0.001
TORCHFORT::WANDB: model: actor, step: 1588, train_loss: -0.519787
TORCHFORT::WANDB: model: actor, step: 1588, train_lr: 0.001
TORCHFORT::WANDB: model: alpha, step: 1588, train_loss: -3.11383
TORCHFORT::WANDB: model: alpha, step: 1588, train_lr: 0.0001
TORCHFORT::WANDB: model: critic_0, step: 1589, train_loss: 0.625834
TORCHFORT::WANDB: model: critic_0, step: 1589, train_lr: 0.001
TORCHFORT::WANDB: model: actor, step: 1589, train_loss: -0.489877
TORCHFORT::WANDB: model: actor, step: 1589, train_lr: 0.001
TORCHFORT::WANDB: model: alpha, step: 1589, train_loss: -3.119
TORCHFORT::WANDB: model: alpha, step: 1589, train_lr: 0.0001
TORCHFORT::WANDB: model: critic_0, step: 1590, train_loss: 0.652515
TORCHFORT::WANDB: model: critic_0, step: 1590, train_lr: 0.001
TORCHFORT::WANDB: model: actor, step: 1590, train_loss: -0.506649
TORCHFORT::WANDB: model: actor, step: 1590, train_lr: 0.001
TORCHFORT::WANDB: model: alpha, step: 1590, train_loss: -3.11763
TORCHFORT::WANDB: model: alpha, step: 1590, train_lr: 0.0001
TORCHFORT::WANDB: model: critic_0, step: 1591, train_loss: 0.645737
TORCHFORT::WANDB: model: critic_0, step: 1591, train_lr: 0.001
TORCHFORT::WANDB: model: actor, step: 1591, train_loss: -0.52708
TORCHFORT::WANDB: model: actor, step: 1591, train_lr: 0.001
TORCHFORT::WANDB: model: alpha, step: 1591, train_loss: -3.11754
TORCHFORT::WANDB: model: alpha, step: 1591, train_lr: 0.0001
TORCHFORT::WANDB: model: critic_0, step: 1592, train_loss: 0.692212
TORCHFORT::WANDB: model: critic_0, step: 1592, train_lr: 0.001
TORCHFORT::WANDB: model: actor, step: 1592, train_loss: -0.551398
TORCHFORT::WANDB: model: actor, step: 1592, train_lr: 0.001
TORCHFORT::WANDB: model: alpha, step: 1592, train_loss: -3.12415
TORCHFORT::WANDB: model: alpha, step: 1592, train_lr: 0.0001
TORCHFORT::WANDB: model: critic_0, step: 1593, train_loss: 0.645471
TORCHFORT::WANDB: model: critic_0, step: 1593, train_lr: 0.001
TORCHFORT::WANDB: model: actor, step: 1593, train_loss: -0.538303
TORCHFORT::WANDB: model: actor, step: 1593, train_lr: 0.001
TORCHFORT::WANDB: model: alpha, step: 1593, train_loss: -3.11905
TORCHFORT::WANDB: model: alpha, step: 1593, train_lr: 0.0001
TORCHFORT::WANDB: model: critic_0, step: 1594, train_loss: 0.673352
TORCHFORT::WANDB: model: critic_0, step: 1594, train_lr: 0.001
TORCHFORT::WANDB: model: actor, step: 1594, train_loss: -0.509523
TORCHFORT::WANDB: model: actor, step: 1594, train_lr: 0.001
TORCHFORT::WANDB: model: alpha, step: 1594, train_loss: -3.12246
TORCHFORT::WANDB: model: alpha, step: 1594, train_lr: 0.0001
TORCHFORT::WANDB: model: critic_0, step: 1595, train_loss: 0.636502
TORCHFORT::WANDB: model: critic_0, step: 1595, train_lr: 0.001
TORCHFORT::WANDB: model: actor, step: 1595, train_loss: -0.494753
TORCHFORT::WANDB: model: actor, step: 1595, train_lr: 0.001
TORCHFORT::WANDB: model: alpha, step: 1595, train_loss: -3.11847
TORCHFORT::WANDB: model: alpha, step: 1595, train_lr: 0.0001
TORCHFORT::WANDB: model: critic_0, step: 1596, train_loss: 0.675218
TORCHFORT::WANDB: model: critic_0, step: 1596, train_lr: 0.001
TORCHFORT::WANDB: model: actor, step: 1596, train_loss: -0.526609
TORCHFORT::WANDB: model: actor, step: 1596, train_lr: 0.001
TORCHFORT::WANDB: model: alpha, step: 1596, train_loss: -3.11782
TORCHFORT::WANDB: model: alpha, step: 1596, train_lr: 0.0001
TORCHFORT::WANDB: model: critic_0, step: 1597, train_loss: 0.688544
TORCHFORT::WANDB: model: critic_0, step: 1597, train_lr: 0.001
TORCHFORT::WANDB: model: actor, step: 1597, train_loss: -0.563819
TORCHFORT::WANDB: model: actor, step: 1597, train_lr: 0.001
TORCHFORT::WANDB: model: alpha, step: 1597, train_loss: -3.11646
TORCHFORT::WANDB: model: alpha, step: 1597, train_lr: 0.0001
TORCHFORT::WANDB: model: critic_0, step: 1598, train_loss: 0.610805
TORCHFORT::WANDB: model: critic_0, step: 1598, train_lr: 0.001
TORCHFORT::WANDB: model: actor, step: 1598, train_loss: -0.558812
TORCHFORT::WANDB: model: actor, step: 1598, train_lr: 0.001
TORCHFORT::WANDB: model: alpha, step: 1598, train_loss: -3.1193
TORCHFORT::WANDB: model: alpha, step: 1598, train_lr: 0.0001
TORCHFORT::WANDB: model: critic_0, step: 1599, train_loss: 0.635039
TORCHFORT::WANDB: model: critic_0, step: 1599, train_lr: 0.001
TORCHFORT::WANDB: model: actor, step: 1599, train_loss: -0.524203
TORCHFORT::WANDB: model: actor, step: 1599, train_lr: 0.001
TORCHFORT::WANDB: model: alpha, step: 1599, train_loss: -3.12147
TORCHFORT::WANDB: model: alpha, step: 1599, train_lr: 0.0001
TORCHFORT::WANDB: model: critic_0, step: 1600, train_loss: 0.651116
TORCHFORT::WANDB: model: critic_0, step: 1600, train_lr: 0.001
TORCHFORT::WANDB: model: actor, step: 1600, train_loss: -0.511454
TORCHFORT::WANDB: model: actor, step: 1600, train_lr: 0.001
TORCHFORT::WANDB: model: alpha, step: 1600, train_loss: -3.11833
TORCHFORT::WANDB: model: alpha, step: 1600, train_lr: 0.0001
TORCHFORT::WANDB: model: rlwm, step: 90, reward_sum: 4984.08
TORCHFORT::WANDB: model: rlwm, step: 90, reward_sum: 4984.08
TORCHFORT::WANDB: model: rlwm, step: 90, reward_sum: 4984.08
TORCHFORT::WANDB: model: rlwm, step: 90, reward_sum: 4984.08
TORCHFORT::WANDB: model: critic_0, step: 1601, train_loss: 0.688099
TORCHFORT::WANDB: model: critic_0, step: 1601, train_lr: 0.001
TORCHFORT::WANDB: model: actor, step: 1601, train_loss: -0.502518
TORCHFORT::WANDB: model: actor, step: 1601, train_lr: 0.001
TORCHFORT::WANDB: model: alpha, step: 1601, train_loss: -3.11907
TORCHFORT::WANDB: model: alpha, step: 1601, train_lr: 0.0001
TORCHFORT::WANDB: model: critic_0, step: 1602, train_loss: 0.688846
TORCHFORT::WANDB: model: critic_0, step: 1602, train_lr: 0.001
TORCHFORT::WANDB: model: actor, step: 1602, train_loss: -0.532244
TORCHFORT::WANDB: model: actor, step: 1602, train_lr: 0.001
TORCHFORT::WANDB: model: alpha, step: 1602, train_loss: -3.12188
TORCHFORT::WANDB: model: alpha, step: 1602, train_lr: 0.0001
TORCHFORT::WANDB: model: critic_0, step: 1603, train_loss: 0.678524
TORCHFORT::WANDB: model: critic_0, step: 1603, train_lr: 0.001
TORCHFORT::WANDB: model: actor, step: 1603, train_loss: -0.565005
TORCHFORT::WANDB: model: actor, step: 1603, train_lr: 0.001
TORCHFORT::WANDB: model: alpha, step: 1603, train_loss: -3.12223
TORCHFORT::WANDB: model: alpha, step: 1603, train_lr: 0.0001
TORCHFORT::WANDB: model: critic_0, step: 1604, train_loss: 0.696952
TORCHFORT::WANDB: model: critic_0, step: 1604, train_lr: 0.001
TORCHFORT::WANDB: model: actor, step: 1604, train_loss: -0.518247
TORCHFORT::WANDB: model: actor, step: 1604, train_lr: 0.001
TORCHFORT::WANDB: model: alpha, step: 1604, train_loss: -3.11905
TORCHFORT::WANDB: model: alpha, step: 1604, train_lr: 0.0001
TORCHFORT::WANDB: model: critic_0, step: 1605, train_loss: 0.678416
TORCHFORT::WANDB: model: critic_0, step: 1605, train_lr: 0.001
TORCHFORT::WANDB: model: actor, step: 1605, train_loss: -0.495699
TORCHFORT::WANDB: model: actor, step: 1605, train_lr: 0.001
TORCHFORT::WANDB: model: alpha, step: 1605, train_loss: -3.11617
TORCHFORT::WANDB: model: alpha, step: 1605, train_lr: 0.0001
TORCHFORT::WANDB: model: critic_0, step: 1606, train_loss: 0.664521
TORCHFORT::WANDB: model: critic_0, step: 1606, train_lr: 0.001
TORCHFORT::WANDB: model: actor, step: 1606, train_loss: -0.526601
TORCHFORT::WANDB: model: actor, step: 1606, train_lr: 0.001
TORCHFORT::WANDB: model: alpha, step: 1606, train_loss: -3.11933
TORCHFORT::WANDB: model: alpha, step: 1606, train_lr: 0.0001
TORCHFORT::WANDB: model: critic_0, step: 1607, train_loss: 0.739055
TORCHFORT::WANDB: model: critic_0, step: 1607, train_lr: 0.001
TORCHFORT::WANDB: model: actor, step: 1607, train_loss: -0.57017
TORCHFORT::WANDB: model: actor, step: 1607, train_lr: 0.001
TORCHFORT::WANDB: model: alpha, step: 1607, train_loss: -3.11985
TORCHFORT::WANDB: model: alpha, step: 1607, train_lr: 0.0001
TORCHFORT::WANDB: model: critic_0, step: 1608, train_loss: 0.673869
TORCHFORT::WANDB: model: critic_0, step: 1608, train_lr: 0.001
TORCHFORT::WANDB: model: actor, step: 1608, train_loss: -0.575847
TORCHFORT::WANDB: model: actor, step: 1608, train_lr: 0.001
TORCHFORT::WANDB: model: alpha, step: 1608, train_loss: -3.11857
TORCHFORT::WANDB: model: alpha, step: 1608, train_lr: 0.0001
TORCHFORT::WANDB: model: critic_0, step: 1609, train_loss: 0.660051
TORCHFORT::WANDB: model: critic_0, step: 1609, train_lr: 0.001
TORCHFORT::WANDB: model: actor, step: 1609, train_loss: -0.5373
TORCHFORT::WANDB: model: actor, step: 1609, train_lr: 0.001
TORCHFORT::WANDB: model: alpha, step: 1609, train_loss: -3.12273
TORCHFORT::WANDB: model: alpha, step: 1609, train_lr: 0.0001
TORCHFORT::WANDB: model: critic_0, step: 1610, train_loss: 0.723697
TORCHFORT::WANDB: model: critic_0, step: 1610, train_lr: 0.001
TORCHFORT::WANDB: model: actor, step: 1610, train_loss: -0.493093
TORCHFORT::WANDB: model: actor, step: 1610, train_lr: 0.001
TORCHFORT::WANDB: model: alpha, step: 1610, train_loss: -3.12727
TORCHFORT::WANDB: model: alpha, step: 1610, train_lr: 0.0001
TORCHFORT::WANDB: model: critic_0, step: 1611, train_loss: 0.707556
TORCHFORT::WANDB: model: critic_0, step: 1611, train_lr: 0.001
TORCHFORT::WANDB: model: actor, step: 1611, train_loss: -0.476607
TORCHFORT::WANDB: model: actor, step: 1611, train_lr: 0.001
TORCHFORT::WANDB: model: alpha, step: 1611, train_loss: -3.12352
TORCHFORT::WANDB: model: alpha, step: 1611, train_lr: 0.0001
TORCHFORT::WANDB: model: critic_0, step: 1612, train_loss: 0.728197
TORCHFORT::WANDB: model: critic_0, step: 1612, train_lr: 0.001
TORCHFORT::WANDB: model: actor, step: 1612, train_loss: -0.528463
TORCHFORT::WANDB: model: actor, step: 1612, train_lr: 0.001
TORCHFORT::WANDB: model: alpha, step: 1612, train_loss: -3.12156
TORCHFORT::WANDB: model: alpha, step: 1612, train_lr: 0.0001
TORCHFORT::WANDB: model: critic_0, step: 1613, train_loss: 0.670337
TORCHFORT::WANDB: model: critic_0, step: 1613, train_lr: 0.001
TORCHFORT::WANDB: model: actor, step: 1613, train_loss: -0.585621
TORCHFORT::WANDB: model: actor, step: 1613, train_lr: 0.001
TORCHFORT::WANDB: model: alpha, step: 1613, train_loss: -3.12016
TORCHFORT::WANDB: model: alpha, step: 1613, train_lr: 0.0001
TORCHFORT::WANDB: model: critic_0, step: 1614, train_loss: 0.725095
TORCHFORT::WANDB: model: critic_0, step: 1614, train_lr: 0.001
TORCHFORT::WANDB: model: actor, step: 1614, train_loss: -0.5825
TORCHFORT::WANDB: model: actor, step: 1614, train_lr: 0.001
TORCHFORT::WANDB: model: alpha, step: 1614, train_loss: -3.12791
TORCHFORT::WANDB: model: alpha, step: 1614, train_lr: 0.0001
TORCHFORT::WANDB: model: critic_0, step: 1615, train_loss: 0.744662
TORCHFORT::WANDB: model: critic_0, step: 1615, train_lr: 0.001
TORCHFORT::WANDB: model: actor, step: 1615, train_loss: -0.521962
TORCHFORT::WANDB: model: actor, step: 1615, train_lr: 0.001
TORCHFORT::WANDB: model: alpha, step: 1615, train_loss: -3.11809
TORCHFORT::WANDB: model: alpha, step: 1615, train_lr: 0.0001
TORCHFORT::WANDB: model: critic_0, step: 1616, train_loss: 0.681951
TORCHFORT::WANDB: model: critic_0, step: 1616, train_lr: 0.001
TORCHFORT::WANDB: model: actor, step: 1616, train_loss: -0.48911
TORCHFORT::WANDB: model: actor, step: 1616, train_lr: 0.001
TORCHFORT::WANDB: model: alpha, step: 1616, train_loss: -3.12145
TORCHFORT::WANDB: model: alpha, step: 1616, train_lr: 0.0001
TORCHFORT::WANDB: model: critic_0, step: 1617, train_loss: 0.683643
TORCHFORT::WANDB: model: critic_0, step: 1617, train_lr: 0.001
TORCHFORT::WANDB: model: actor, step: 1617, train_loss: -0.513245
TORCHFORT::WANDB: model: actor, step: 1617, train_lr: 0.001
TORCHFORT::WANDB: model: alpha, step: 1617, train_loss: -3.12398
TORCHFORT::WANDB: model: alpha, step: 1617, train_lr: 0.0001
TORCHFORT::WANDB: model: critic_0, step: 1618, train_loss: 0.648436
TORCHFORT::WANDB: model: critic_0, step: 1618, train_lr: 0.001
TORCHFORT::WANDB: model: actor, step: 1618, train_loss: -0.558597
TORCHFORT::WANDB: model: actor, step: 1618, train_lr: 0.001
TORCHFORT::WANDB: model: alpha, step: 1618, train_loss: -3.11785
TORCHFORT::WANDB: model: alpha, step: 1618, train_lr: 0.0001
TORCHFORT::WANDB: model: critic_0, step: 1619, train_loss: 0.640867
TORCHFORT::WANDB: model: critic_0, step: 1619, train_lr: 0.001
TORCHFORT::WANDB: model: actor, step: 1619, train_loss: -0.585774
TORCHFORT::WANDB: model: actor, step: 1619, train_lr: 0.001
TORCHFORT::WANDB: model: alpha, step: 1619, train_loss: -3.12474
TORCHFORT::WANDB: model: alpha, step: 1619, train_lr: 0.0001
TORCHFORT::WANDB: model: critic_0, step: 1620, train_loss: 0.66076
TORCHFORT::WANDB: model: critic_0, step: 1620, train_lr: 0.001
TORCHFORT::WANDB: model: actor, step: 1620, train_loss: -0.568197
TORCHFORT::WANDB: model: actor, step: 1620, train_lr: 0.001
TORCHFORT::WANDB: model: alpha, step: 1620, train_loss: -3.12545
TORCHFORT::WANDB: model: alpha, step: 1620, train_lr: 0.0001
TORCHFORT::WANDB: model: rlwm, step: 91, reward_sum: 4002.78
TORCHFORT::WANDB: model: rlwm, step: 91, reward_sum: 4002.78
TORCHFORT::WANDB: model: rlwm, step: 91, reward_sum: 4002.78
TORCHFORT::WANDB: model: rlwm, step: 91, reward_sum: 4002.78
TORCHFORT::WANDB: model: critic_0, step: 1621, train_loss: 0.714806
TORCHFORT::WANDB: model: critic_0, step: 1621, train_lr: 0.001
TORCHFORT::WANDB: model: actor, step: 1621, train_loss: -0.512001
TORCHFORT::WANDB: model: actor, step: 1621, train_lr: 0.001
TORCHFORT::WANDB: model: alpha, step: 1621, train_loss: -3.1241
TORCHFORT::WANDB: model: alpha, step: 1621, train_lr: 0.0001
TORCHFORT::WANDB: model: critic_0, step: 1622, train_loss: 0.705172
TORCHFORT::WANDB: model: critic_0, step: 1622, train_lr: 0.001
TORCHFORT::WANDB: model: actor, step: 1622, train_loss: -0.497161
TORCHFORT::WANDB: model: actor, step: 1622, train_lr: 0.001
TORCHFORT::WANDB: model: alpha, step: 1622, train_loss: -3.12519
TORCHFORT::WANDB: model: alpha, step: 1622, train_lr: 0.0001
TORCHFORT::WANDB: model: critic_0, step: 1623, train_loss: 0.732796
TORCHFORT::WANDB: model: critic_0, step: 1623, train_lr: 0.001
TORCHFORT::WANDB: model: actor, step: 1623, train_loss: -0.526801
TORCHFORT::WANDB: model: actor, step: 1623, train_lr: 0.001
TORCHFORT::WANDB: model: alpha, step: 1623, train_loss: -3.12096
TORCHFORT::WANDB: model: alpha, step: 1623, train_lr: 0.0001
TORCHFORT::WANDB: model: critic_0, step: 1624, train_loss: 0.688615
TORCHFORT::WANDB: model: critic_0, step: 1624, train_lr: 0.001
TORCHFORT::WANDB: model: actor, step: 1624, train_loss: -0.552221
TORCHFORT::WANDB: model: actor, step: 1624, train_lr: 0.001
TORCHFORT::WANDB: model: alpha, step: 1624, train_loss: -3.12508
TORCHFORT::WANDB: model: alpha, step: 1624, train_lr: 0.0001
TORCHFORT::WANDB: model: critic_0, step: 1625, train_loss: 0.698987
TORCHFORT::WANDB: model: critic_0, step: 1625, train_lr: 0.001
TORCHFORT::WANDB: model: actor, step: 1625, train_loss: -0.563722
TORCHFORT::WANDB: model: actor, step: 1625, train_lr: 0.001
TORCHFORT::WANDB: model: alpha, step: 1625, train_loss: -3.12069
TORCHFORT::WANDB: model: alpha, step: 1625, train_lr: 0.0001
TORCHFORT::WANDB: model: critic_0, step: 1626, train_loss: 0.716311
TORCHFORT::WANDB: model: critic_0, step: 1626, train_lr: 0.001
TORCHFORT::WANDB: model: actor, step: 1626, train_loss: -0.539214
TORCHFORT::WANDB: model: actor, step: 1626, train_lr: 0.001
TORCHFORT::WANDB: model: alpha, step: 1626, train_loss: -3.12461
TORCHFORT::WANDB: model: alpha, step: 1626, train_lr: 0.0001
TORCHFORT::WANDB: model: critic_0, step: 1627, train_loss: 0.71577
TORCHFORT::WANDB: model: critic_0, step: 1627, train_lr: 0.001
TORCHFORT::WANDB: model: actor, step: 1627, train_loss: -0.528693
TORCHFORT::WANDB: model: actor, step: 1627, train_lr: 0.001
TORCHFORT::WANDB: model: alpha, step: 1627, train_loss: -3.125
TORCHFORT::WANDB: model: alpha, step: 1627, train_lr: 0.0001
TORCHFORT::WANDB: model: critic_0, step: 1628, train_loss: 0.728828
TORCHFORT::WANDB: model: critic_0, step: 1628, train_lr: 0.001
TORCHFORT::WANDB: model: actor, step: 1628, train_loss: -0.525184
TORCHFORT::WANDB: model: actor, step: 1628, train_lr: 0.001
TORCHFORT::WANDB: model: alpha, step: 1628, train_loss: -3.12772
TORCHFORT::WANDB: model: alpha, step: 1628, train_lr: 0.0001
TORCHFORT::WANDB: model: critic_0, step: 1629, train_loss: 0.698036
TORCHFORT::WANDB: model: critic_0, step: 1629, train_lr: 0.001
TORCHFORT::WANDB: model: actor, step: 1629, train_loss: -0.53747
TORCHFORT::WANDB: model: actor, step: 1629, train_lr: 0.001
TORCHFORT::WANDB: model: alpha, step: 1629, train_loss: -3.12482
TORCHFORT::WANDB: model: alpha, step: 1629, train_lr: 0.0001
TORCHFORT::WANDB: model: critic_0, step: 1630, train_loss: 0.741335
TORCHFORT::WANDB: model: critic_0, step: 1630, train_lr: 0.001
TORCHFORT::WANDB: model: actor, step: 1630, train_loss: -0.57053
TORCHFORT::WANDB: model: actor, step: 1630, train_lr: 0.001
TORCHFORT::WANDB: model: alpha, step: 1630, train_loss: -3.12513
TORCHFORT::WANDB: model: alpha, step: 1630, train_lr: 0.0001
TORCHFORT::WANDB: model: critic_0, step: 1631, train_loss: 0.664257
TORCHFORT::WANDB: model: critic_0, step: 1631, train_lr: 0.001
TORCHFORT::WANDB: model: actor, step: 1631, train_loss: -0.567375
TORCHFORT::WANDB: model: actor, step: 1631, train_lr: 0.001
TORCHFORT::WANDB: model: alpha, step: 1631, train_loss: -3.12743
TORCHFORT::WANDB: model: alpha, step: 1631, train_lr: 0.0001
TORCHFORT::WANDB: model: critic_0, step: 1632, train_loss: 0.687003
TORCHFORT::WANDB: model: critic_0, step: 1632, train_lr: 0.001
TORCHFORT::WANDB: model: actor, step: 1632, train_loss: -0.555519
TORCHFORT::WANDB: model: actor, step: 1632, train_lr: 0.001
TORCHFORT::WANDB: model: alpha, step: 1632, train_loss: -3.1288
TORCHFORT::WANDB: model: alpha, step: 1632, train_lr: 0.0001
TORCHFORT::WANDB: model: critic_0, step: 1633, train_loss: 0.704452
TORCHFORT::WANDB: model: critic_0, step: 1633, train_lr: 0.001
TORCHFORT::WANDB: model: actor, step: 1633, train_loss: -0.51068
TORCHFORT::WANDB: model: actor, step: 1633, train_lr: 0.001
TORCHFORT::WANDB: model: alpha, step: 1633, train_loss: -3.12669
TORCHFORT::WANDB: model: alpha, step: 1633, train_lr: 0.0001
TORCHFORT::WANDB: model: critic_0, step: 1634, train_loss: 0.726328
TORCHFORT::WANDB: model: critic_0, step: 1634, train_lr: 0.001
TORCHFORT::WANDB: model: actor, step: 1634, train_loss: -0.52318
TORCHFORT::WANDB: model: actor, step: 1634, train_lr: 0.001
TORCHFORT::WANDB: model: alpha, step: 1634, train_loss: -3.12888
TORCHFORT::WANDB: model: alpha, step: 1634, train_lr: 0.0001
TORCHFORT::WANDB: model: critic_0, step: 1635, train_loss: 0.703487
TORCHFORT::WANDB: model: critic_0, step: 1635, train_lr: 0.001
TORCHFORT::WANDB: model: actor, step: 1635, train_loss: -0.549709
TORCHFORT::WANDB: model: actor, step: 1635, train_lr: 0.001
TORCHFORT::WANDB: model: alpha, step: 1635, train_loss: -3.12709
TORCHFORT::WANDB: model: alpha, step: 1635, train_lr: 0.0001
TORCHFORT::WANDB: model: critic_0, step: 1636, train_loss: 0.737031
TORCHFORT::WANDB: model: critic_0, step: 1636, train_lr: 0.001
TORCHFORT::WANDB: model: actor, step: 1636, train_loss: -0.587418
TORCHFORT::WANDB: model: actor, step: 1636, train_lr: 0.001
TORCHFORT::WANDB: model: alpha, step: 1636, train_loss: -3.12858
TORCHFORT::WANDB: model: alpha, step: 1636, train_lr: 0.0001
TORCHFORT::WANDB: model: critic_0, step: 1637, train_loss: 0.720186
TORCHFORT::WANDB: model: critic_0, step: 1637, train_lr: 0.001
TORCHFORT::WANDB: model: actor, step: 1637, train_loss: -0.591135
TORCHFORT::WANDB: model: actor, step: 1637, train_lr: 0.001
TORCHFORT::WANDB: model: alpha, step: 1637, train_loss: -3.12789
TORCHFORT::WANDB: model: alpha, step: 1637, train_lr: 0.0001
TORCHFORT::WANDB: model: critic_0, step: 1638, train_loss: 0.74107
TORCHFORT::WANDB: model: critic_0, step: 1638, train_lr: 0.001
TORCHFORT::WANDB: model: actor, step: 1638, train_loss: -0.540934
TORCHFORT::WANDB: model: actor, step: 1638, train_lr: 0.001
TORCHFORT::WANDB: model: alpha, step: 1638, train_loss: -3.12894
TORCHFORT::WANDB: model: alpha, step: 1638, train_lr: 0.0001
TORCHFORT::WANDB: model: critic_0, step: 1639, train_loss: 0.75163
TORCHFORT::WANDB: model: critic_0, step: 1639, train_lr: 0.001
TORCHFORT::WANDB: model: actor, step: 1639, train_loss: -0.518356
TORCHFORT::WANDB: model: actor, step: 1639, train_lr: 0.001
TORCHFORT::WANDB: model: alpha, step: 1639, train_loss: -3.12614
TORCHFORT::WANDB: model: alpha, step: 1639, train_lr: 0.0001
TORCHFORT::WANDB: model: critic_0, step: 1640, train_loss: 0.695885
TORCHFORT::WANDB: model: critic_0, step: 1640, train_lr: 0.001
TORCHFORT::WANDB: model: actor, step: 1640, train_loss: -0.547328
TORCHFORT::WANDB: model: actor, step: 1640, train_lr: 0.001
TORCHFORT::WANDB: model: alpha, step: 1640, train_loss: -3.12652
TORCHFORT::WANDB: model: alpha, step: 1640, train_lr: 0.0001
TORCHFORT::WANDB: model: rlwm, step: 92, reward_sum: 5133.74
TORCHFORT::WANDB: model: rlwm, step: 92, reward_sum: 5133.74
TORCHFORT::WANDB: model: rlwm, step: 92, reward_sum: 5133.74
TORCHFORT::WANDB: model: rlwm, step: 92, reward_sum: 5133.74
TORCHFORT::WANDB: model: critic_0, step: 1641, train_loss: 0.711968
TORCHFORT::WANDB: model: critic_0, step: 1641, train_lr: 0.001
TORCHFORT::WANDB: model: actor, step: 1641, train_loss: -0.561901
TORCHFORT::WANDB: model: actor, step: 1641, train_lr: 0.001
TORCHFORT::WANDB: model: alpha, step: 1641, train_loss: -3.12555
TORCHFORT::WANDB: model: alpha, step: 1641, train_lr: 0.0001
TORCHFORT::WANDB: model: critic_0, step: 1642, train_loss: 0.718628
TORCHFORT::WANDB: model: critic_0, step: 1642, train_lr: 0.001
TORCHFORT::WANDB: model: actor, step: 1642, train_loss: -0.567945
TORCHFORT::WANDB: model: actor, step: 1642, train_lr: 0.001
TORCHFORT::WANDB: model: alpha, step: 1642, train_loss: -3.12672
TORCHFORT::WANDB: model: alpha, step: 1642, train_lr: 0.0001
TORCHFORT::WANDB: model: critic_0, step: 1643, train_loss: 0.735618
TORCHFORT::WANDB: model: critic_0, step: 1643, train_lr: 0.001
TORCHFORT::WANDB: model: actor, step: 1643, train_loss: -0.567878
TORCHFORT::WANDB: model: actor, step: 1643, train_lr: 0.001
TORCHFORT::WANDB: model: alpha, step: 1643, train_loss: -3.12959
TORCHFORT::WANDB: model: alpha, step: 1643, train_lr: 0.0001
TORCHFORT::WANDB: model: critic_0, step: 1644, train_loss: 0.772849
TORCHFORT::WANDB: model: critic_0, step: 1644, train_lr: 0.001
TORCHFORT::WANDB: model: actor, step: 1644, train_loss: -0.565292
TORCHFORT::WANDB: model: actor, step: 1644, train_lr: 0.001
TORCHFORT::WANDB: model: alpha, step: 1644, train_loss: -3.12913
TORCHFORT::WANDB: model: alpha, step: 1644, train_lr: 0.0001
TORCHFORT::WANDB: model: critic_0, step: 1645, train_loss: 0.892827
TORCHFORT::WANDB: model: critic_0, step: 1645, train_lr: 0.001
TORCHFORT::WANDB: model: actor, step: 1645, train_loss: -0.555459
TORCHFORT::WANDB: model: actor, step: 1645, train_lr: 0.001
TORCHFORT::WANDB: model: alpha, step: 1645, train_loss: -3.13037
TORCHFORT::WANDB: model: alpha, step: 1645, train_lr: 0.0001
TORCHFORT::WANDB: model: critic_0, step: 1646, train_loss: 0.787828
TORCHFORT::WANDB: model: critic_0, step: 1646, train_lr: 0.001
TORCHFORT::WANDB: model: actor, step: 1646, train_loss: -0.532868
TORCHFORT::WANDB: model: actor, step: 1646, train_lr: 0.001
TORCHFORT::WANDB: model: alpha, step: 1646, train_loss: -3.13118
TORCHFORT::WANDB: model: alpha, step: 1646, train_lr: 0.0001
TORCHFORT::WANDB: model: critic_0, step: 1647, train_loss: 0.749221
TORCHFORT::WANDB: model: critic_0, step: 1647, train_lr: 0.001
TORCHFORT::WANDB: model: actor, step: 1647, train_loss: -0.540867
TORCHFORT::WANDB: model: actor, step: 1647, train_lr: 0.001
TORCHFORT::WANDB: model: alpha, step: 1647, train_loss: -3.13445
TORCHFORT::WANDB: model: alpha, step: 1647, train_lr: 0.0001
TORCHFORT::WANDB: model: critic_0, step: 1648, train_loss: 0.811692
TORCHFORT::WANDB: model: critic_0, step: 1648, train_lr: 0.001
TORCHFORT::WANDB: model: actor, step: 1648, train_loss: -0.561172
TORCHFORT::WANDB: model: actor, step: 1648, train_lr: 0.001
TORCHFORT::WANDB: model: alpha, step: 1648, train_loss: -3.13162
TORCHFORT::WANDB: model: alpha, step: 1648, train_lr: 0.0001
TORCHFORT::WANDB: model: critic_0, step: 1649, train_loss: 0.750849
TORCHFORT::WANDB: model: critic_0, step: 1649, train_lr: 0.001
TORCHFORT::WANDB: model: actor, step: 1649, train_loss: -0.569666
TORCHFORT::WANDB: model: actor, step: 1649, train_lr: 0.001
TORCHFORT::WANDB: model: alpha, step: 1649, train_loss: -3.1325
TORCHFORT::WANDB: model: alpha, step: 1649, train_lr: 0.0001
TORCHFORT::WANDB: model: critic_0, step: 1650, train_loss: 0.760128
TORCHFORT::WANDB: model: critic_0, step: 1650, train_lr: 0.001
TORCHFORT::WANDB: model: actor, step: 1650, train_loss: -0.572309
TORCHFORT::WANDB: model: actor, step: 1650, train_lr: 0.001
TORCHFORT::WANDB: model: alpha, step: 1650, train_loss: -3.13083
TORCHFORT::WANDB: model: alpha, step: 1650, train_lr: 0.0001
TORCHFORT::WANDB: model: critic_0, step: 1651, train_loss: 0.740895
TORCHFORT::WANDB: model: critic_0, step: 1651, train_lr: 0.001
TORCHFORT::WANDB: model: actor, step: 1651, train_loss: -0.545729
TORCHFORT::WANDB: model: actor, step: 1651, train_lr: 0.001
TORCHFORT::WANDB: model: alpha, step: 1651, train_loss: -3.13221
TORCHFORT::WANDB: model: alpha, step: 1651, train_lr: 0.0001
TORCHFORT::WANDB: model: critic_0, step: 1652, train_loss: 0.735634
TORCHFORT::WANDB: model: critic_0, step: 1652, train_lr: 0.001
TORCHFORT::WANDB: model: actor, step: 1652, train_loss: -0.543307
TORCHFORT::WANDB: model: actor, step: 1652, train_lr: 0.001
TORCHFORT::WANDB: model: alpha, step: 1652, train_loss: -3.131
TORCHFORT::WANDB: model: alpha, step: 1652, train_lr: 0.0001
TORCHFORT::WANDB: model: critic_0, step: 1653, train_loss: 0.78393
TORCHFORT::WANDB: model: critic_0, step: 1653, train_lr: 0.001
TORCHFORT::WANDB: model: actor, step: 1653, train_loss: -0.578566
TORCHFORT::WANDB: model: actor, step: 1653, train_lr: 0.001
TORCHFORT::WANDB: model: alpha, step: 1653, train_loss: -3.13296
TORCHFORT::WANDB: model: alpha, step: 1653, train_lr: 0.0001
TORCHFORT::WANDB: model: critic_0, step: 1654, train_loss: 0.780711
TORCHFORT::WANDB: model: critic_0, step: 1654, train_lr: 0.001
TORCHFORT::WANDB: model: actor, step: 1654, train_loss: -0.577787
TORCHFORT::WANDB: model: actor, step: 1654, train_lr: 0.001
TORCHFORT::WANDB: model: alpha, step: 1654, train_loss: -3.13321
TORCHFORT::WANDB: model: alpha, step: 1654, train_lr: 0.0001
TORCHFORT::WANDB: model: critic_0, step: 1655, train_loss: 0.803067
TORCHFORT::WANDB: model: critic_0, step: 1655, train_lr: 0.001
TORCHFORT::WANDB: model: actor, step: 1655, train_loss: -0.575135
TORCHFORT::WANDB: model: actor, step: 1655, train_lr: 0.001
TORCHFORT::WANDB: model: alpha, step: 1655, train_loss: -3.13478
TORCHFORT::WANDB: model: alpha, step: 1655, train_lr: 0.0001
TORCHFORT::WANDB: model: critic_0, step: 1656, train_loss: 0.758167
TORCHFORT::WANDB: model: critic_0, step: 1656, train_lr: 0.001
TORCHFORT::WANDB: model: actor, step: 1656, train_loss: -0.55048
TORCHFORT::WANDB: model: actor, step: 1656, train_lr: 0.001
TORCHFORT::WANDB: model: alpha, step: 1656, train_loss: -3.13645
TORCHFORT::WANDB: model: alpha, step: 1656, train_lr: 0.0001
TORCHFORT::WANDB: model: critic_0, step: 1657, train_loss: 0.748934
TORCHFORT::WANDB: model: critic_0, step: 1657, train_lr: 0.001
TORCHFORT::WANDB: model: actor, step: 1657, train_loss: -0.559878
TORCHFORT::WANDB: model: actor, step: 1657, train_lr: 0.001
TORCHFORT::WANDB: model: alpha, step: 1657, train_loss: -3.13516
TORCHFORT::WANDB: model: alpha, step: 1657, train_lr: 0.0001
TORCHFORT::WANDB: model: critic_0, step: 1658, train_loss: 0.687808
TORCHFORT::WANDB: model: critic_0, step: 1658, train_lr: 0.001
TORCHFORT::WANDB: model: actor, step: 1658, train_loss: -0.58114
TORCHFORT::WANDB: model: actor, step: 1658, train_lr: 0.001
TORCHFORT::WANDB: model: alpha, step: 1658, train_loss: -3.13333
TORCHFORT::WANDB: model: alpha, step: 1658, train_lr: 0.0001
TORCHFORT::WANDB: model: critic_0, step: 1659, train_loss: 0.736042
TORCHFORT::WANDB: model: critic_0, step: 1659, train_lr: 0.001
TORCHFORT::WANDB: model: actor, step: 1659, train_loss: -0.570831
TORCHFORT::WANDB: model: actor, step: 1659, train_lr: 0.001
TORCHFORT::WANDB: model: alpha, step: 1659, train_loss: -3.13781
TORCHFORT::WANDB: model: alpha, step: 1659, train_lr: 0.0001
TORCHFORT::WANDB: model: critic_0, step: 1660, train_loss: 0.725984
TORCHFORT::WANDB: model: critic_0, step: 1660, train_lr: 0.001
TORCHFORT::WANDB: model: actor, step: 1660, train_loss: -0.544391
TORCHFORT::WANDB: model: actor, step: 1660, train_lr: 0.001
TORCHFORT::WANDB: model: alpha, step: 1660, train_loss: -3.13558
TORCHFORT::WANDB: model: alpha, step: 1660, train_lr: 0.0001
TORCHFORT::WANDB: model: rlwm, step: 93, reward_sum: 5819.12
TORCHFORT::WANDB: model: rlwm, step: 93, reward_sum: 5819.12
TORCHFORT::WANDB: model: rlwm, step: 93, reward_sum: 5819.12
TORCHFORT::WANDB: model: rlwm, step: 93, reward_sum: 5819.12
TORCHFORT::WANDB: model: critic_0, step: 1661, train_loss: 0.774397
TORCHFORT::WANDB: model: critic_0, step: 1661, train_lr: 0.001
TORCHFORT::WANDB: model: actor, step: 1661, train_loss: -0.544817
TORCHFORT::WANDB: model: actor, step: 1661, train_lr: 0.001
TORCHFORT::WANDB: model: alpha, step: 1661, train_loss: -3.13242
TORCHFORT::WANDB: model: alpha, step: 1661, train_lr: 0.0001
TORCHFORT::WANDB: model: critic_0, step: 1662, train_loss: 0.796182
TORCHFORT::WANDB: model: critic_0, step: 1662, train_lr: 0.001
TORCHFORT::WANDB: model: actor, step: 1662, train_loss: -0.592055
TORCHFORT::WANDB: model: actor, step: 1662, train_lr: 0.001
TORCHFORT::WANDB: model: alpha, step: 1662, train_loss: -3.13436
TORCHFORT::WANDB: model: alpha, step: 1662, train_lr: 0.0001
TORCHFORT::WANDB: model: critic_0, step: 1663, train_loss: 0.711209
TORCHFORT::WANDB: model: critic_0, step: 1663, train_lr: 0.001
TORCHFORT::WANDB: model: actor, step: 1663, train_loss: -0.607501
TORCHFORT::WANDB: model: actor, step: 1663, train_lr: 0.001
TORCHFORT::WANDB: model: alpha, step: 1663, train_loss: -3.13342
TORCHFORT::WANDB: model: alpha, step: 1663, train_lr: 0.0001
TORCHFORT::WANDB: model: critic_0, step: 1664, train_loss: 0.785368
TORCHFORT::WANDB: model: critic_0, step: 1664, train_lr: 0.001
TORCHFORT::WANDB: model: actor, step: 1664, train_loss: -0.568683
TORCHFORT::WANDB: model: actor, step: 1664, train_lr: 0.001
TORCHFORT::WANDB: model: alpha, step: 1664, train_loss: -3.13801
TORCHFORT::WANDB: model: alpha, step: 1664, train_lr: 0.0001
TORCHFORT::WANDB: model: critic_0, step: 1665, train_loss: 0.845543
TORCHFORT::WANDB: model: critic_0, step: 1665, train_lr: 0.001
TORCHFORT::WANDB: model: actor, step: 1665, train_loss: -0.531
TORCHFORT::WANDB: model: actor, step: 1665, train_lr: 0.001
TORCHFORT::WANDB: model: alpha, step: 1665, train_loss: -3.13713
TORCHFORT::WANDB: model: alpha, step: 1665, train_lr: 0.0001
TORCHFORT::WANDB: model: critic_0, step: 1666, train_loss: 0.758429
TORCHFORT::WANDB: model: critic_0, step: 1666, train_lr: 0.001
TORCHFORT::WANDB: model: actor, step: 1666, train_loss: -0.535265
TORCHFORT::WANDB: model: actor, step: 1666, train_lr: 0.001
TORCHFORT::WANDB: model: alpha, step: 1666, train_loss: -3.14035
TORCHFORT::WANDB: model: alpha, step: 1666, train_lr: 0.0001
TORCHFORT::WANDB: model: critic_0, step: 1667, train_loss: 0.706212
TORCHFORT::WANDB: model: critic_0, step: 1667, train_lr: 0.001
TORCHFORT::WANDB: model: actor, step: 1667, train_loss: -0.577747
TORCHFORT::WANDB: model: actor, step: 1667, train_lr: 0.001
TORCHFORT::WANDB: model: alpha, step: 1667, train_loss: -3.13742
TORCHFORT::WANDB: model: alpha, step: 1667, train_lr: 0.0001
TORCHFORT::WANDB: model: critic_0, step: 1668, train_loss: 0.828352
TORCHFORT::WANDB: model: critic_0, step: 1668, train_lr: 0.001
TORCHFORT::WANDB: model: actor, step: 1668, train_loss: -0.632587
TORCHFORT::WANDB: model: actor, step: 1668, train_lr: 0.001
TORCHFORT::WANDB: model: alpha, step: 1668, train_loss: -3.13819
TORCHFORT::WANDB: model: alpha, step: 1668, train_lr: 0.0001
TORCHFORT::WANDB: model: critic_0, step: 1669, train_loss: 0.782293
TORCHFORT::WANDB: model: critic_0, step: 1669, train_lr: 0.001
TORCHFORT::WANDB: model: actor, step: 1669, train_loss: -0.616863
TORCHFORT::WANDB: model: actor, step: 1669, train_lr: 0.001
TORCHFORT::WANDB: model: alpha, step: 1669, train_loss: -3.13898
TORCHFORT::WANDB: model: alpha, step: 1669, train_lr: 0.0001
TORCHFORT::WANDB: model: critic_0, step: 1670, train_loss: 0.793929
TORCHFORT::WANDB: model: critic_0, step: 1670, train_lr: 0.001
TORCHFORT::WANDB: model: actor, step: 1670, train_loss: -0.559637
TORCHFORT::WANDB: model: actor, step: 1670, train_lr: 0.001
TORCHFORT::WANDB: model: alpha, step: 1670, train_loss: -3.13735
TORCHFORT::WANDB: model: alpha, step: 1670, train_lr: 0.0001
TORCHFORT::WANDB: model: critic_0, step: 1671, train_loss: 0.790848
TORCHFORT::WANDB: model: critic_0, step: 1671, train_lr: 0.001
TORCHFORT::WANDB: model: actor, step: 1671, train_loss: -0.514354
TORCHFORT::WANDB: model: actor, step: 1671, train_lr: 0.001
TORCHFORT::WANDB: model: alpha, step: 1671, train_loss: -3.14095
TORCHFORT::WANDB: model: alpha, step: 1671, train_lr: 0.0001
TORCHFORT::WANDB: model: critic_0, step: 1672, train_loss: 0.786951
TORCHFORT::WANDB: model: critic_0, step: 1672, train_lr: 0.001
TORCHFORT::WANDB: model: actor, step: 1672, train_loss: -0.538322
TORCHFORT::WANDB: model: actor, step: 1672, train_lr: 0.001
TORCHFORT::WANDB: model: alpha, step: 1672, train_loss: -3.14045
TORCHFORT::WANDB: model: alpha, step: 1672, train_lr: 0.0001
TORCHFORT::WANDB: model: critic_0, step: 1673, train_loss: 0.777172
TORCHFORT::WANDB: model: critic_0, step: 1673, train_lr: 0.001
TORCHFORT::WANDB: model: actor, step: 1673, train_loss: -0.588335
TORCHFORT::WANDB: model: actor, step: 1673, train_lr: 0.001
TORCHFORT::WANDB: model: alpha, step: 1673, train_loss: -3.13502
TORCHFORT::WANDB: model: alpha, step: 1673, train_lr: 0.0001
TORCHFORT::WANDB: model: critic_0, step: 1674, train_loss: 0.791341
TORCHFORT::WANDB: model: critic_0, step: 1674, train_lr: 0.001
TORCHFORT::WANDB: model: actor, step: 1674, train_loss: -0.626769
TORCHFORT::WANDB: model: actor, step: 1674, train_lr: 0.001
TORCHFORT::WANDB: model: alpha, step: 1674, train_loss: -3.13895
TORCHFORT::WANDB: model: alpha, step: 1674, train_lr: 0.0001
TORCHFORT::WANDB: model: critic_0, step: 1675, train_loss: 0.772042
TORCHFORT::WANDB: model: critic_0, step: 1675, train_lr: 0.001
TORCHFORT::WANDB: model: actor, step: 1675, train_loss: -0.61134
TORCHFORT::WANDB: model: actor, step: 1675, train_lr: 0.001
TORCHFORT::WANDB: model: alpha, step: 1675, train_loss: -3.13877
TORCHFORT::WANDB: model: alpha, step: 1675, train_lr: 0.0001
TORCHFORT::WANDB: model: critic_0, step: 1676, train_loss: 0.67756
TORCHFORT::WANDB: model: critic_0, step: 1676, train_lr: 0.001
TORCHFORT::WANDB: model: actor, step: 1676, train_loss: -0.552343
TORCHFORT::WANDB: model: actor, step: 1676, train_lr: 0.001
TORCHFORT::WANDB: model: alpha, step: 1676, train_loss: -3.13966
TORCHFORT::WANDB: model: alpha, step: 1676, train_lr: 0.0001
TORCHFORT::WANDB: model: critic_0, step: 1677, train_loss: 0.739114
TORCHFORT::WANDB: model: critic_0, step: 1677, train_lr: 0.001
TORCHFORT::WANDB: model: actor, step: 1677, train_loss: -0.525539
TORCHFORT::WANDB: model: actor, step: 1677, train_lr: 0.001
TORCHFORT::WANDB: model: alpha, step: 1677, train_loss: -3.13928
TORCHFORT::WANDB: model: alpha, step: 1677, train_lr: 0.0001
TORCHFORT::WANDB: model: critic_0, step: 1678, train_loss: 0.799897
TORCHFORT::WANDB: model: critic_0, step: 1678, train_lr: 0.001
TORCHFORT::WANDB: model: actor, step: 1678, train_loss: -0.568324
TORCHFORT::WANDB: model: actor, step: 1678, train_lr: 0.001
TORCHFORT::WANDB: model: alpha, step: 1678, train_loss: -3.13816
TORCHFORT::WANDB: model: alpha, step: 1678, train_lr: 0.0001
TORCHFORT::WANDB: model: critic_0, step: 1679, train_loss: 0.82981
TORCHFORT::WANDB: model: critic_0, step: 1679, train_lr: 0.001
TORCHFORT::WANDB: model: actor, step: 1679, train_loss: -0.621374
TORCHFORT::WANDB: model: actor, step: 1679, train_lr: 0.001
TORCHFORT::WANDB: model: alpha, step: 1679, train_loss: -3.14589
TORCHFORT::WANDB: model: alpha, step: 1679, train_lr: 0.0001
TORCHFORT::WANDB: model: critic_0, step: 1680, train_loss: 0.841456
TORCHFORT::WANDB: model: critic_0, step: 1680, train_lr: 0.001
TORCHFORT::WANDB: model: actor, step: 1680, train_loss: -0.628747
TORCHFORT::WANDB: model: actor, step: 1680, train_lr: 0.001
TORCHFORT::WANDB: model: alpha, step: 1680, train_loss: -3.13817
TORCHFORT::WANDB: model: alpha, step: 1680, train_lr: 0.0001
TORCHFORT::WANDB: model: rlwm, step: 94, reward_sum: 3767.4
TORCHFORT::WANDB: model: rlwm, step: 94, reward_sum: 3767.4
TORCHFORT::WANDB: model: rlwm, step: 94, reward_sum: 3767.4
TORCHFORT::WANDB: model: rlwm, step: 94, reward_sum: 3767.4
TORCHFORT::WANDB: model: critic_0, step: 1681, train_loss: 0.756138
TORCHFORT::WANDB: model: critic_0, step: 1681, train_lr: 0.001
TORCHFORT::WANDB: model: actor, step: 1681, train_loss: -0.579889
TORCHFORT::WANDB: model: actor, step: 1681, train_lr: 0.001
TORCHFORT::WANDB: model: alpha, step: 1681, train_loss: -3.13991
TORCHFORT::WANDB: model: alpha, step: 1681, train_lr: 0.0001
TORCHFORT::WANDB: model: critic_0, step: 1682, train_loss: 0.840182
TORCHFORT::WANDB: model: critic_0, step: 1682, train_lr: 0.001
TORCHFORT::WANDB: model: actor, step: 1682, train_loss: -0.534129
TORCHFORT::WANDB: model: actor, step: 1682, train_lr: 0.001
TORCHFORT::WANDB: model: alpha, step: 1682, train_loss: -3.13524
TORCHFORT::WANDB: model: alpha, step: 1682, train_lr: 0.0001
TORCHFORT::WANDB: model: critic_0, step: 1683, train_loss: 0.813582
TORCHFORT::WANDB: model: critic_0, step: 1683, train_lr: 0.001
TORCHFORT::WANDB: model: actor, step: 1683, train_loss: -0.542393
TORCHFORT::WANDB: model: actor, step: 1683, train_lr: 0.001
TORCHFORT::WANDB: model: alpha, step: 1683, train_loss: -3.14013
TORCHFORT::WANDB: model: alpha, step: 1683, train_lr: 0.0001
TORCHFORT::WANDB: model: critic_0, step: 1684, train_loss: 0.807127
TORCHFORT::WANDB: model: critic_0, step: 1684, train_lr: 0.001
TORCHFORT::WANDB: model: actor, step: 1684, train_loss: -0.582532
TORCHFORT::WANDB: model: actor, step: 1684, train_lr: 0.001
TORCHFORT::WANDB: model: alpha, step: 1684, train_loss: -3.14053
TORCHFORT::WANDB: model: alpha, step: 1684, train_lr: 0.0001
TORCHFORT::WANDB: model: critic_0, step: 1685, train_loss: 0.897641
TORCHFORT::WANDB: model: critic_0, step: 1685, train_lr: 0.001
TORCHFORT::WANDB: model: actor, step: 1685, train_loss: -0.60479
TORCHFORT::WANDB: model: actor, step: 1685, train_lr: 0.001
TORCHFORT::WANDB: model: alpha, step: 1685, train_loss: -3.1389
TORCHFORT::WANDB: model: alpha, step: 1685, train_lr: 0.0001
TORCHFORT::WANDB: model: critic_0, step: 1686, train_loss: 0.751621
TORCHFORT::WANDB: model: critic_0, step: 1686, train_lr: 0.001
TORCHFORT::WANDB: model: actor, step: 1686, train_loss: -0.598831
TORCHFORT::WANDB: model: actor, step: 1686, train_lr: 0.001
TORCHFORT::WANDB: model: alpha, step: 1686, train_loss: -3.13758
TORCHFORT::WANDB: model: alpha, step: 1686, train_lr: 0.0001
TORCHFORT::WANDB: model: critic_0, step: 1687, train_loss: 0.753512
TORCHFORT::WANDB: model: critic_0, step: 1687, train_lr: 0.001
TORCHFORT::WANDB: model: actor, step: 1687, train_loss: -0.581198
TORCHFORT::WANDB: model: actor, step: 1687, train_lr: 0.001
TORCHFORT::WANDB: model: alpha, step: 1687, train_loss: -3.1411
TORCHFORT::WANDB: model: alpha, step: 1687, train_lr: 0.0001
TORCHFORT::WANDB: model: critic_0, step: 1688, train_loss: 0.802252
TORCHFORT::WANDB: model: critic_0, step: 1688, train_lr: 0.001
TORCHFORT::WANDB: model: actor, step: 1688, train_loss: -0.575445
TORCHFORT::WANDB: model: actor, step: 1688, train_lr: 0.001
TORCHFORT::WANDB: model: alpha, step: 1688, train_loss: -3.13633
TORCHFORT::WANDB: model: alpha, step: 1688, train_lr: 0.0001
TORCHFORT::WANDB: model: critic_0, step: 1689, train_loss: 0.828921
TORCHFORT::WANDB: model: critic_0, step: 1689, train_lr: 0.001
TORCHFORT::WANDB: model: actor, step: 1689, train_loss: -0.572148
TORCHFORT::WANDB: model: actor, step: 1689, train_lr: 0.001
TORCHFORT::WANDB: model: alpha, step: 1689, train_loss: -3.13943
TORCHFORT::WANDB: model: alpha, step: 1689, train_lr: 0.0001
TORCHFORT::WANDB: model: critic_0, step: 1690, train_loss: 0.789507
TORCHFORT::WANDB: model: critic_0, step: 1690, train_lr: 0.001
TORCHFORT::WANDB: model: actor, step: 1690, train_loss: -0.595944
TORCHFORT::WANDB: model: actor, step: 1690, train_lr: 0.001
TORCHFORT::WANDB: model: alpha, step: 1690, train_loss: -3.14365
TORCHFORT::WANDB: model: alpha, step: 1690, train_lr: 0.0001
TORCHFORT::WANDB: model: critic_0, step: 1691, train_loss: 0.758226
TORCHFORT::WANDB: model: critic_0, step: 1691, train_lr: 0.001
TORCHFORT::WANDB: model: actor, step: 1691, train_loss: -0.617337
TORCHFORT::WANDB: model: actor, step: 1691, train_lr: 0.001
TORCHFORT::WANDB: model: alpha, step: 1691, train_loss: -3.14493
TORCHFORT::WANDB: model: alpha, step: 1691, train_lr: 0.0001
TORCHFORT::WANDB: model: critic_0, step: 1692, train_loss: 0.756504
TORCHFORT::WANDB: model: critic_0, step: 1692, train_lr: 0.001
TORCHFORT::WANDB: model: actor, step: 1692, train_loss: -0.596279
TORCHFORT::WANDB: model: actor, step: 1692, train_lr: 0.001
TORCHFORT::WANDB: model: alpha, step: 1692, train_loss: -3.14343
TORCHFORT::WANDB: model: alpha, step: 1692, train_lr: 0.0001
TORCHFORT::WANDB: model: critic_0, step: 1693, train_loss: 0.813646
TORCHFORT::WANDB: model: critic_0, step: 1693, train_lr: 0.001
TORCHFORT::WANDB: model: actor, step: 1693, train_loss: -0.559485
TORCHFORT::WANDB: model: actor, step: 1693, train_lr: 0.001
TORCHFORT::WANDB: model: alpha, step: 1693, train_loss: -3.14465
TORCHFORT::WANDB: model: alpha, step: 1693, train_lr: 0.0001
TORCHFORT::WANDB: model: critic_0, step: 1694, train_loss: 0.890457
TORCHFORT::WANDB: model: critic_0, step: 1694, train_lr: 0.001
TORCHFORT::WANDB: model: actor, step: 1694, train_loss: -0.558427
TORCHFORT::WANDB: model: actor, step: 1694, train_lr: 0.001
TORCHFORT::WANDB: model: alpha, step: 1694, train_loss: -3.14281
TORCHFORT::WANDB: model: alpha, step: 1694, train_lr: 0.0001
TORCHFORT::WANDB: model: critic_0, step: 1695, train_loss: 0.847004
TORCHFORT::WANDB: model: critic_0, step: 1695, train_lr: 0.001
TORCHFORT::WANDB: model: actor, step: 1695, train_loss: -0.610425
TORCHFORT::WANDB: model: actor, step: 1695, train_lr: 0.001
TORCHFORT::WANDB: model: alpha, step: 1695, train_loss: -3.14527
TORCHFORT::WANDB: model: alpha, step: 1695, train_lr: 0.0001
TORCHFORT::WANDB: model: critic_0, step: 1696, train_loss: 0.756335
TORCHFORT::WANDB: model: critic_0, step: 1696, train_lr: 0.001
TORCHFORT::WANDB: model: actor, step: 1696, train_loss: -0.636349
TORCHFORT::WANDB: model: actor, step: 1696, train_lr: 0.001
TORCHFORT::WANDB: model: alpha, step: 1696, train_loss: -3.14404
TORCHFORT::WANDB: model: alpha, step: 1696, train_lr: 0.0001
TORCHFORT::WANDB: model: critic_0, step: 1697, train_loss: 0.792231
TORCHFORT::WANDB: model: critic_0, step: 1697, train_lr: 0.001
TORCHFORT::WANDB: model: actor, step: 1697, train_loss: -0.607358
TORCHFORT::WANDB: model: actor, step: 1697, train_lr: 0.001
TORCHFORT::WANDB: model: alpha, step: 1697, train_loss: -3.14346
TORCHFORT::WANDB: model: alpha, step: 1697, train_lr: 0.0001
TORCHFORT::WANDB: model: critic_0, step: 1698, train_loss: 0.852755
TORCHFORT::WANDB: model: critic_0, step: 1698, train_lr: 0.001
TORCHFORT::WANDB: model: actor, step: 1698, train_loss: -0.567602
TORCHFORT::WANDB: model: actor, step: 1698, train_lr: 0.001
TORCHFORT::WANDB: model: alpha, step: 1698, train_loss: -3.14518
TORCHFORT::WANDB: model: alpha, step: 1698, train_lr: 0.0001
TORCHFORT::WANDB: model: critic_0, step: 1699, train_loss: 0.782882
TORCHFORT::WANDB: model: critic_0, step: 1699, train_lr: 0.001
TORCHFORT::WANDB: model: actor, step: 1699, train_loss: -0.557006
TORCHFORT::WANDB: model: actor, step: 1699, train_lr: 0.001
TORCHFORT::WANDB: model: alpha, step: 1699, train_loss: -3.14617
TORCHFORT::WANDB: model: alpha, step: 1699, train_lr: 0.0001
TORCHFORT::WANDB: model: critic_0, step: 1700, train_loss: 0.759785
TORCHFORT::WANDB: model: critic_0, step: 1700, train_lr: 0.001
TORCHFORT::WANDB: model: actor, step: 1700, train_loss: -0.586461
TORCHFORT::WANDB: model: actor, step: 1700, train_lr: 0.001
TORCHFORT::WANDB: model: alpha, step: 1700, train_loss: -3.1475
TORCHFORT::WANDB: model: alpha, step: 1700, train_lr: 0.0001
TORCHFORT::WANDB: model: rlwm, step: 95, reward_sum: 3319.21
TORCHFORT::WANDB: model: rlwm, step: 95, reward_sum: 3319.21
TORCHFORT::WANDB: model: rlwm, step: 95, reward_sum: 3319.21
TORCHFORT::WANDB: model: rlwm, step: 95, reward_sum: 3319.21
TORCHFORT::WANDB: model: critic_0, step: 1701, train_loss: 0.912012
TORCHFORT::WANDB: model: critic_0, step: 1701, train_lr: 0.001
TORCHFORT::WANDB: model: actor, step: 1701, train_loss: -0.635758
TORCHFORT::WANDB: model: actor, step: 1701, train_lr: 0.001
TORCHFORT::WANDB: model: alpha, step: 1701, train_loss: -3.14332
TORCHFORT::WANDB: model: alpha, step: 1701, train_lr: 0.0001
TORCHFORT::WANDB: model: critic_0, step: 1702, train_loss: 0.847801
TORCHFORT::WANDB: model: critic_0, step: 1702, train_lr: 0.001
TORCHFORT::WANDB: model: actor, step: 1702, train_loss: -0.617271
TORCHFORT::WANDB: model: actor, step: 1702, train_lr: 0.001
TORCHFORT::WANDB: model: alpha, step: 1702, train_loss: -3.14892
TORCHFORT::WANDB: model: alpha, step: 1702, train_lr: 0.0001
TORCHFORT::WANDB: model: critic_0, step: 1703, train_loss: 0.839919
TORCHFORT::WANDB: model: critic_0, step: 1703, train_lr: 0.001
TORCHFORT::WANDB: model: actor, step: 1703, train_loss: -0.563236
TORCHFORT::WANDB: model: actor, step: 1703, train_lr: 0.001
TORCHFORT::WANDB: model: alpha, step: 1703, train_loss: -3.14765
TORCHFORT::WANDB: model: alpha, step: 1703, train_lr: 0.0001
TORCHFORT::WANDB: model: critic_0, step: 1704, train_loss: 0.898008
TORCHFORT::WANDB: model: critic_0, step: 1704, train_lr: 0.001
TORCHFORT::WANDB: model: actor, step: 1704, train_loss: -0.543361
TORCHFORT::WANDB: model: actor, step: 1704, train_lr: 0.001
TORCHFORT::WANDB: model: alpha, step: 1704, train_loss: -3.14605
TORCHFORT::WANDB: model: alpha, step: 1704, train_lr: 0.0001
TORCHFORT::WANDB: model: critic_0, step: 1705, train_loss: 0.827343
TORCHFORT::WANDB: model: critic_0, step: 1705, train_lr: 0.001
TORCHFORT::WANDB: model: actor, step: 1705, train_loss: -0.574884
TORCHFORT::WANDB: model: actor, step: 1705, train_lr: 0.001
TORCHFORT::WANDB: model: alpha, step: 1705, train_loss: -3.14341
TORCHFORT::WANDB: model: alpha, step: 1705, train_lr: 0.0001
TORCHFORT::WANDB: model: critic_0, step: 1706, train_loss: 0.84046
TORCHFORT::WANDB: model: critic_0, step: 1706, train_lr: 0.001
TORCHFORT::WANDB: model: actor, step: 1706, train_loss: -0.624649
TORCHFORT::WANDB: model: actor, step: 1706, train_lr: 0.001
TORCHFORT::WANDB: model: alpha, step: 1706, train_loss: -3.15036
TORCHFORT::WANDB: model: alpha, step: 1706, train_lr: 0.0001
TORCHFORT::WANDB: model: critic_0, step: 1707, train_loss: 0.828474
TORCHFORT::WANDB: model: critic_0, step: 1707, train_lr: 0.001
TORCHFORT::WANDB: model: actor, step: 1707, train_loss: -0.651268
TORCHFORT::WANDB: model: actor, step: 1707, train_lr: 0.001
TORCHFORT::WANDB: model: alpha, step: 1707, train_loss: -3.14584
TORCHFORT::WANDB: model: alpha, step: 1707, train_lr: 0.0001
TORCHFORT::WANDB: model: critic_0, step: 1708, train_loss: 0.87469
TORCHFORT::WANDB: model: critic_0, step: 1708, train_lr: 0.001
TORCHFORT::WANDB: model: actor, step: 1708, train_loss: -0.608069
TORCHFORT::WANDB: model: actor, step: 1708, train_lr: 0.001
TORCHFORT::WANDB: model: alpha, step: 1708, train_loss: -3.14276
TORCHFORT::WANDB: model: alpha, step: 1708, train_lr: 0.0001
TORCHFORT::WANDB: model: critic_0, step: 1709, train_loss: 0.831963
TORCHFORT::WANDB: model: critic_0, step: 1709, train_lr: 0.001
TORCHFORT::WANDB: model: actor, step: 1709, train_loss: -0.556206
TORCHFORT::WANDB: model: actor, step: 1709, train_lr: 0.001
TORCHFORT::WANDB: model: alpha, step: 1709, train_loss: -3.1495
TORCHFORT::WANDB: model: alpha, step: 1709, train_lr: 0.0001
TORCHFORT::WANDB: model: critic_0, step: 1710, train_loss: 0.785722
TORCHFORT::WANDB: model: critic_0, step: 1710, train_lr: 0.001
TORCHFORT::WANDB: model: actor, step: 1710, train_loss: -0.571426
TORCHFORT::WANDB: model: actor, step: 1710, train_lr: 0.001
TORCHFORT::WANDB: model: alpha, step: 1710, train_loss: -3.14515
TORCHFORT::WANDB: model: alpha, step: 1710, train_lr: 0.0001
TORCHFORT::WANDB: model: critic_0, step: 1711, train_loss: 0.853712
TORCHFORT::WANDB: model: critic_0, step: 1711, train_lr: 0.001
TORCHFORT::WANDB: model: actor, step: 1711, train_loss: -0.621668
TORCHFORT::WANDB: model: actor, step: 1711, train_lr: 0.001
TORCHFORT::WANDB: model: alpha, step: 1711, train_loss: -3.15052
TORCHFORT::WANDB: model: alpha, step: 1711, train_lr: 0.0001
TORCHFORT::WANDB: model: critic_0, step: 1712, train_loss: 0.878411
TORCHFORT::WANDB: model: critic_0, step: 1712, train_lr: 0.001
TORCHFORT::WANDB: model: actor, step: 1712, train_loss: -0.646189
TORCHFORT::WANDB: model: actor, step: 1712, train_lr: 0.001
TORCHFORT::WANDB: model: alpha, step: 1712, train_loss: -3.14713
TORCHFORT::WANDB: model: alpha, step: 1712, train_lr: 0.0001
TORCHFORT::WANDB: model: critic_0, step: 1713, train_loss: 0.887745
TORCHFORT::WANDB: model: critic_0, step: 1713, train_lr: 0.001
TORCHFORT::WANDB: model: actor, step: 1713, train_loss: -0.62442
TORCHFORT::WANDB: model: actor, step: 1713, train_lr: 0.001
TORCHFORT::WANDB: model: alpha, step: 1713, train_loss: -3.14954
TORCHFORT::WANDB: model: alpha, step: 1713, train_lr: 0.0001
TORCHFORT::WANDB: model: critic_0, step: 1714, train_loss: 0.825236
TORCHFORT::WANDB: model: critic_0, step: 1714, train_lr: 0.001
TORCHFORT::WANDB: model: actor, step: 1714, train_loss: -0.574841
TORCHFORT::WANDB: model: actor, step: 1714, train_lr: 0.001
TORCHFORT::WANDB: model: alpha, step: 1714, train_loss: -3.15034
TORCHFORT::WANDB: model: alpha, step: 1714, train_lr: 0.0001
TORCHFORT::WANDB: model: critic_0, step: 1715, train_loss: 0.819609
TORCHFORT::WANDB: model: critic_0, step: 1715, train_lr: 0.001
TORCHFORT::WANDB: model: actor, step: 1715, train_loss: -0.544171
TORCHFORT::WANDB: model: actor, step: 1715, train_lr: 0.001
TORCHFORT::WANDB: model: alpha, step: 1715, train_loss: -3.14985
TORCHFORT::WANDB: model: alpha, step: 1715, train_lr: 0.0001
TORCHFORT::WANDB: model: critic_0, step: 1716, train_loss: 0.908469
TORCHFORT::WANDB: model: critic_0, step: 1716, train_lr: 0.001
TORCHFORT::WANDB: model: actor, step: 1716, train_loss: -0.571696
TORCHFORT::WANDB: model: actor, step: 1716, train_lr: 0.001
TORCHFORT::WANDB: model: alpha, step: 1716, train_loss: -3.15007
TORCHFORT::WANDB: model: alpha, step: 1716, train_lr: 0.0001
TORCHFORT::WANDB: model: critic_0, step: 1717, train_loss: 0.960063
TORCHFORT::WANDB: model: critic_0, step: 1717, train_lr: 0.001
TORCHFORT::WANDB: model: actor, step: 1717, train_loss: -0.63787
TORCHFORT::WANDB: model: actor, step: 1717, train_lr: 0.001
TORCHFORT::WANDB: model: alpha, step: 1717, train_loss: -3.14785
TORCHFORT::WANDB: model: alpha, step: 1717, train_lr: 0.0001
TORCHFORT::WANDB: model: critic_0, step: 1718, train_loss: 0.846671
TORCHFORT::WANDB: model: critic_0, step: 1718, train_lr: 0.001
TORCHFORT::WANDB: model: actor, step: 1718, train_loss: -0.673639
TORCHFORT::WANDB: model: actor, step: 1718, train_lr: 0.001
TORCHFORT::WANDB: model: alpha, step: 1718, train_loss: -3.15083
TORCHFORT::WANDB: model: alpha, step: 1718, train_lr: 0.0001
TORCHFORT::WANDB: model: critic_0, step: 1719, train_loss: 0.835044
TORCHFORT::WANDB: model: critic_0, step: 1719, train_lr: 0.001
TORCHFORT::WANDB: model: actor, step: 1719, train_loss: -0.629875
TORCHFORT::WANDB: model: actor, step: 1719, train_lr: 0.001
TORCHFORT::WANDB: model: alpha, step: 1719, train_loss: -3.14859
TORCHFORT::WANDB: model: alpha, step: 1719, train_lr: 0.0001
TORCHFORT::WANDB: model: critic_0, step: 1720, train_loss: 0.851674
TORCHFORT::WANDB: model: critic_0, step: 1720, train_lr: 0.001
TORCHFORT::WANDB: model: actor, step: 1720, train_loss: -0.556565
TORCHFORT::WANDB: model: actor, step: 1720, train_lr: 0.001
TORCHFORT::WANDB: model: alpha, step: 1720, train_loss: -3.14973
TORCHFORT::WANDB: model: alpha, step: 1720, train_lr: 0.0001
TORCHFORT::WANDB: model: rlwm, step: 96, reward_sum: 4000.37
TORCHFORT::WANDB: model: rlwm, step: 96, reward_sum: 4000.37
TORCHFORT::WANDB: model: rlwm, step: 96, reward_sum: 4000.37
TORCHFORT::WANDB: model: rlwm, step: 96, reward_sum: 4000.37
TORCHFORT::WANDB: model: critic_0, step: 1721, train_loss: 0.881789
TORCHFORT::WANDB: model: critic_0, step: 1721, train_lr: 0.001
TORCHFORT::WANDB: model: actor, step: 1721, train_loss: -0.53785
TORCHFORT::WANDB: model: actor, step: 1721, train_lr: 0.001
TORCHFORT::WANDB: model: alpha, step: 1721, train_loss: -3.15071
TORCHFORT::WANDB: model: alpha, step: 1721, train_lr: 0.0001
TORCHFORT::WANDB: model: critic_0, step: 1722, train_loss: 0.902543
TORCHFORT::WANDB: model: critic_0, step: 1722, train_lr: 0.001
TORCHFORT::WANDB: model: actor, step: 1722, train_loss: -0.588718
TORCHFORT::WANDB: model: actor, step: 1722, train_lr: 0.001
TORCHFORT::WANDB: model: alpha, step: 1722, train_loss: -3.15063
TORCHFORT::WANDB: model: alpha, step: 1722, train_lr: 0.0001
TORCHFORT::WANDB: model: critic_0, step: 1723, train_loss: 0.856366
TORCHFORT::WANDB: model: critic_0, step: 1723, train_lr: 0.001
TORCHFORT::WANDB: model: actor, step: 1723, train_loss: -0.647756
TORCHFORT::WANDB: model: actor, step: 1723, train_lr: 0.001
TORCHFORT::WANDB: model: alpha, step: 1723, train_loss: -3.15524
TORCHFORT::WANDB: model: alpha, step: 1723, train_lr: 0.0001
TORCHFORT::WANDB: model: critic_0, step: 1724, train_loss: 0.887529
TORCHFORT::WANDB: model: critic_0, step: 1724, train_lr: 0.001
TORCHFORT::WANDB: model: actor, step: 1724, train_loss: -0.650219
TORCHFORT::WANDB: model: actor, step: 1724, train_lr: 0.001
TORCHFORT::WANDB: model: alpha, step: 1724, train_loss: -3.15154
TORCHFORT::WANDB: model: alpha, step: 1724, train_lr: 0.0001
TORCHFORT::WANDB: model: critic_0, step: 1725, train_loss: 0.955947
TORCHFORT::WANDB: model: critic_0, step: 1725, train_lr: 0.001
TORCHFORT::WANDB: model: actor, step: 1725, train_loss: -0.601448
TORCHFORT::WANDB: model: actor, step: 1725, train_lr: 0.001
TORCHFORT::WANDB: model: alpha, step: 1725, train_loss: -3.15017
TORCHFORT::WANDB: model: alpha, step: 1725, train_lr: 0.0001
TORCHFORT::WANDB: model: critic_0, step: 1726, train_loss: 0.86103
TORCHFORT::WANDB: model: critic_0, step: 1726, train_lr: 0.001
TORCHFORT::WANDB: model: actor, step: 1726, train_loss: -0.56238
TORCHFORT::WANDB: model: actor, step: 1726, train_lr: 0.001
TORCHFORT::WANDB: model: alpha, step: 1726, train_loss: -3.15175
TORCHFORT::WANDB: model: alpha, step: 1726, train_lr: 0.0001
TORCHFORT::WANDB: model: critic_0, step: 1727, train_loss: 0.934186
TORCHFORT::WANDB: model: critic_0, step: 1727, train_lr: 0.001
TORCHFORT::WANDB: model: actor, step: 1727, train_loss: -0.591837
TORCHFORT::WANDB: model: actor, step: 1727, train_lr: 0.001
TORCHFORT::WANDB: model: alpha, step: 1727, train_loss: -3.15149
TORCHFORT::WANDB: model: alpha, step: 1727, train_lr: 0.0001
TORCHFORT::WANDB: model: critic_0, step: 1728, train_loss: 0.909619
TORCHFORT::WANDB: model: critic_0, step: 1728, train_lr: 0.001
TORCHFORT::WANDB: model: actor, step: 1728, train_loss: -0.630284
TORCHFORT::WANDB: model: actor, step: 1728, train_lr: 0.001
TORCHFORT::WANDB: model: alpha, step: 1728, train_loss: -3.15048
TORCHFORT::WANDB: model: alpha, step: 1728, train_lr: 0.0001
TORCHFORT::WANDB: model: critic_0, step: 1729, train_loss: 0.888217
TORCHFORT::WANDB: model: critic_0, step: 1729, train_lr: 0.001
TORCHFORT::WANDB: model: actor, step: 1729, train_loss: -0.647227
TORCHFORT::WANDB: model: actor, step: 1729, train_lr: 0.001
TORCHFORT::WANDB: model: alpha, step: 1729, train_loss: -3.14893
TORCHFORT::WANDB: model: alpha, step: 1729, train_lr: 0.0001
TORCHFORT::WANDB: model: critic_0, step: 1730, train_loss: 0.863173
TORCHFORT::WANDB: model: critic_0, step: 1730, train_lr: 0.001
TORCHFORT::WANDB: model: actor, step: 1730, train_loss: -0.621304
TORCHFORT::WANDB: model: actor, step: 1730, train_lr: 0.001
TORCHFORT::WANDB: model: alpha, step: 1730, train_loss: -3.14825
TORCHFORT::WANDB: model: alpha, step: 1730, train_lr: 0.0001
TORCHFORT::WANDB: model: critic_0, step: 1731, train_loss: 0.925519
TORCHFORT::WANDB: model: critic_0, step: 1731, train_lr: 0.001
TORCHFORT::WANDB: model: actor, step: 1731, train_loss: -0.576351
TORCHFORT::WANDB: model: actor, step: 1731, train_lr: 0.001
TORCHFORT::WANDB: model: alpha, step: 1731, train_loss: -3.15482
TORCHFORT::WANDB: model: alpha, step: 1731, train_lr: 0.0001
TORCHFORT::WANDB: model: critic_0, step: 1732, train_loss: 0.881414
TORCHFORT::WANDB: model: critic_0, step: 1732, train_lr: 0.001
TORCHFORT::WANDB: model: actor, step: 1732, train_loss: -0.564354
TORCHFORT::WANDB: model: actor, step: 1732, train_lr: 0.001
TORCHFORT::WANDB: model: alpha, step: 1732, train_loss: -3.15324
TORCHFORT::WANDB: model: alpha, step: 1732, train_lr: 0.0001
TORCHFORT::WANDB: model: critic_0, step: 1733, train_loss: 0.942492
TORCHFORT::WANDB: model: critic_0, step: 1733, train_lr: 0.001
TORCHFORT::WANDB: model: actor, step: 1733, train_loss: -0.5994
TORCHFORT::WANDB: model: actor, step: 1733, train_lr: 0.001
TORCHFORT::WANDB: model: alpha, step: 1733, train_loss: -3.14752
TORCHFORT::WANDB: model: alpha, step: 1733, train_lr: 0.0001
TORCHFORT::WANDB: model: critic_0, step: 1734, train_loss: 0.868538
TORCHFORT::WANDB: model: critic_0, step: 1734, train_lr: 0.001
TORCHFORT::WANDB: model: actor, step: 1734, train_loss: -0.630455
TORCHFORT::WANDB: model: actor, step: 1734, train_lr: 0.001
TORCHFORT::WANDB: model: alpha, step: 1734, train_loss: -3.15418
TORCHFORT::WANDB: model: alpha, step: 1734, train_lr: 0.0001
TORCHFORT::WANDB: model: critic_0, step: 1735, train_loss: 0.878621
TORCHFORT::WANDB: model: critic_0, step: 1735, train_lr: 0.001
TORCHFORT::WANDB: model: actor, step: 1735, train_loss: -0.615825
TORCHFORT::WANDB: model: actor, step: 1735, train_lr: 0.001
TORCHFORT::WANDB: model: alpha, step: 1735, train_loss: -3.15003
TORCHFORT::WANDB: model: alpha, step: 1735, train_lr: 0.0001
TORCHFORT::WANDB: model: critic_0, step: 1736, train_loss: 0.898278
TORCHFORT::WANDB: model: critic_0, step: 1736, train_lr: 0.001
TORCHFORT::WANDB: model: actor, step: 1736, train_loss: -0.596292
TORCHFORT::WANDB: model: actor, step: 1736, train_lr: 0.001
TORCHFORT::WANDB: model: alpha, step: 1736, train_loss: -3.15127
TORCHFORT::WANDB: model: alpha, step: 1736, train_lr: 0.0001
TORCHFORT::WANDB: model: critic_0, step: 1737, train_loss: 0.891336
TORCHFORT::WANDB: model: critic_0, step: 1737, train_lr: 0.001
TORCHFORT::WANDB: model: actor, step: 1737, train_loss: -0.582719
TORCHFORT::WANDB: model: actor, step: 1737, train_lr: 0.001
TORCHFORT::WANDB: model: alpha, step: 1737, train_loss: -3.15114
TORCHFORT::WANDB: model: alpha, step: 1737, train_lr: 0.0001
TORCHFORT::WANDB: model: critic_0, step: 1738, train_loss: 0.994556
TORCHFORT::WANDB: model: critic_0, step: 1738, train_lr: 0.001
TORCHFORT::WANDB: model: actor, step: 1738, train_loss: -0.601638
TORCHFORT::WANDB: model: actor, step: 1738, train_lr: 0.001
TORCHFORT::WANDB: model: alpha, step: 1738, train_loss: -3.15172
TORCHFORT::WANDB: model: alpha, step: 1738, train_lr: 0.0001
TORCHFORT::WANDB: model: critic_0, step: 1739, train_loss: 0.859235
TORCHFORT::WANDB: model: critic_0, step: 1739, train_lr: 0.001
TORCHFORT::WANDB: model: actor, step: 1739, train_loss: -0.612703
TORCHFORT::WANDB: model: actor, step: 1739, train_lr: 0.001
TORCHFORT::WANDB: model: alpha, step: 1739, train_loss: -3.15289
TORCHFORT::WANDB: model: alpha, step: 1739, train_lr: 0.0001
TORCHFORT::WANDB: model: critic_0, step: 1740, train_loss: 0.883932
TORCHFORT::WANDB: model: critic_0, step: 1740, train_lr: 0.001
TORCHFORT::WANDB: model: actor, step: 1740, train_loss: -0.623817
TORCHFORT::WANDB: model: actor, step: 1740, train_lr: 0.001
TORCHFORT::WANDB: model: alpha, step: 1740, train_loss: -3.15069
TORCHFORT::WANDB: model: alpha, step: 1740, train_lr: 0.0001
TORCHFORT::WANDB: model: rlwm, step: 97, reward_sum: 2395.77
TORCHFORT::WANDB: model: rlwm, step: 97, reward_sum: 2395.77
TORCHFORT::WANDB: model: rlwm, step: 97, reward_sum: 2395.77
TORCHFORT::WANDB: model: rlwm, step: 97, reward_sum: 2395.77
TORCHFORT::WANDB: model: critic_0, step: 1741, train_loss: 0.914449
TORCHFORT::WANDB: model: critic_0, step: 1741, train_lr: 0.001
TORCHFORT::WANDB: model: actor, step: 1741, train_loss: -0.624189
TORCHFORT::WANDB: model: actor, step: 1741, train_lr: 0.001
TORCHFORT::WANDB: model: alpha, step: 1741, train_loss: -3.15537
TORCHFORT::WANDB: model: alpha, step: 1741, train_lr: 0.0001
TORCHFORT::WANDB: model: critic_0, step: 1742, train_loss: 0.917534
TORCHFORT::WANDB: model: critic_0, step: 1742, train_lr: 0.001
TORCHFORT::WANDB: model: actor, step: 1742, train_loss: -0.599423
TORCHFORT::WANDB: model: actor, step: 1742, train_lr: 0.001
TORCHFORT::WANDB: model: alpha, step: 1742, train_loss: -3.15012
TORCHFORT::WANDB: model: alpha, step: 1742, train_lr: 0.0001
TORCHFORT::WANDB: model: critic_0, step: 1743, train_loss: 0.924605
TORCHFORT::WANDB: model: critic_0, step: 1743, train_lr: 0.001
TORCHFORT::WANDB: model: actor, step: 1743, train_loss: -0.593389
TORCHFORT::WANDB: model: actor, step: 1743, train_lr: 0.001
TORCHFORT::WANDB: model: alpha, step: 1743, train_loss: -3.15213
TORCHFORT::WANDB: model: alpha, step: 1743, train_lr: 0.0001
TORCHFORT::WANDB: model: critic_0, step: 1744, train_loss: 0.972769
TORCHFORT::WANDB: model: critic_0, step: 1744, train_lr: 0.001
TORCHFORT::WANDB: model: actor, step: 1744, train_loss: -0.620781
TORCHFORT::WANDB: model: actor, step: 1744, train_lr: 0.001
TORCHFORT::WANDB: model: alpha, step: 1744, train_loss: -3.15281
TORCHFORT::WANDB: model: alpha, step: 1744, train_lr: 0.0001
TORCHFORT::WANDB: model: critic_0, step: 1745, train_loss: 0.942157
TORCHFORT::WANDB: model: critic_0, step: 1745, train_lr: 0.001
TORCHFORT::WANDB: model: actor, step: 1745, train_loss: -0.631511
TORCHFORT::WANDB: model: actor, step: 1745, train_lr: 0.001
TORCHFORT::WANDB: model: alpha, step: 1745, train_loss: -3.15327
TORCHFORT::WANDB: model: alpha, step: 1745, train_lr: 0.0001
TORCHFORT::WANDB: model: critic_0, step: 1746, train_loss: 0.955887
TORCHFORT::WANDB: model: critic_0, step: 1746, train_lr: 0.001
TORCHFORT::WANDB: model: actor, step: 1746, train_loss: -0.641725
TORCHFORT::WANDB: model: actor, step: 1746, train_lr: 0.001
TORCHFORT::WANDB: model: alpha, step: 1746, train_loss: -3.15404
TORCHFORT::WANDB: model: alpha, step: 1746, train_lr: 0.0001
TORCHFORT::WANDB: model: critic_0, step: 1747, train_loss: 0.84407
TORCHFORT::WANDB: model: critic_0, step: 1747, train_lr: 0.001
TORCHFORT::WANDB: model: actor, step: 1747, train_loss: -0.608751
TORCHFORT::WANDB: model: actor, step: 1747, train_lr: 0.001
TORCHFORT::WANDB: model: alpha, step: 1747, train_loss: -3.15333
TORCHFORT::WANDB: model: alpha, step: 1747, train_lr: 0.0001
TORCHFORT::WANDB: model: critic_0, step: 1748, train_loss: 0.902251
TORCHFORT::WANDB: model: critic_0, step: 1748, train_lr: 0.001
TORCHFORT::WANDB: model: actor, step: 1748, train_loss: -0.566828
TORCHFORT::WANDB: model: actor, step: 1748, train_lr: 0.001
TORCHFORT::WANDB: model: alpha, step: 1748, train_loss: -3.15386
TORCHFORT::WANDB: model: alpha, step: 1748, train_lr: 0.0001
TORCHFORT::WANDB: model: critic_0, step: 1749, train_loss: 0.963412
TORCHFORT::WANDB: model: critic_0, step: 1749, train_lr: 0.001
TORCHFORT::WANDB: model: actor, step: 1749, train_loss: -0.591108
TORCHFORT::WANDB: model: actor, step: 1749, train_lr: 0.001
TORCHFORT::WANDB: model: alpha, step: 1749, train_loss: -3.15754
TORCHFORT::WANDB: model: alpha, step: 1749, train_lr: 0.0001
TORCHFORT::WANDB: model: critic_0, step: 1750, train_loss: 0.907732
TORCHFORT::WANDB: model: critic_0, step: 1750, train_lr: 0.001
TORCHFORT::WANDB: model: actor, step: 1750, train_loss: -0.633749
TORCHFORT::WANDB: model: actor, step: 1750, train_lr: 0.001
TORCHFORT::WANDB: model: alpha, step: 1750, train_loss: -3.1536
TORCHFORT::WANDB: model: alpha, step: 1750, train_lr: 0.0001
TORCHFORT::WANDB: model: critic_0, step: 1751, train_loss: 0.945569
TORCHFORT::WANDB: model: critic_0, step: 1751, train_lr: 0.001
TORCHFORT::WANDB: model: actor, step: 1751, train_loss: -0.637308
TORCHFORT::WANDB: model: actor, step: 1751, train_lr: 0.001
TORCHFORT::WANDB: model: alpha, step: 1751, train_loss: -3.15527
TORCHFORT::WANDB: model: alpha, step: 1751, train_lr: 0.0001
TORCHFORT::WANDB: model: critic_0, step: 1752, train_loss: 0.954227
TORCHFORT::WANDB: model: critic_0, step: 1752, train_lr: 0.001
TORCHFORT::WANDB: model: actor, step: 1752, train_loss: -0.632627
TORCHFORT::WANDB: model: actor, step: 1752, train_lr: 0.001
TORCHFORT::WANDB: model: alpha, step: 1752, train_loss: -3.15502
TORCHFORT::WANDB: model: alpha, step: 1752, train_lr: 0.0001
TORCHFORT::WANDB: model: critic_0, step: 1753, train_loss: 0.934049
TORCHFORT::WANDB: model: critic_0, step: 1753, train_lr: 0.001
TORCHFORT::WANDB: model: actor, step: 1753, train_loss: -0.602672
TORCHFORT::WANDB: model: actor, step: 1753, train_lr: 0.001
TORCHFORT::WANDB: model: alpha, step: 1753, train_loss: -3.15515
TORCHFORT::WANDB: model: alpha, step: 1753, train_lr: 0.0001
TORCHFORT::WANDB: model: critic_0, step: 1754, train_loss: 0.913922
TORCHFORT::WANDB: model: critic_0, step: 1754, train_lr: 0.001
TORCHFORT::WANDB: model: actor, step: 1754, train_loss: -0.596581
TORCHFORT::WANDB: model: actor, step: 1754, train_lr: 0.001
TORCHFORT::WANDB: model: alpha, step: 1754, train_loss: -3.15487
TORCHFORT::WANDB: model: alpha, step: 1754, train_lr: 0.0001
TORCHFORT::WANDB: model: critic_0, step: 1755, train_loss: 0.833059
TORCHFORT::WANDB: model: critic_0, step: 1755, train_lr: 0.001
TORCHFORT::WANDB: model: actor, step: 1755, train_loss: -0.614179
TORCHFORT::WANDB: model: actor, step: 1755, train_lr: 0.001
TORCHFORT::WANDB: model: alpha, step: 1755, train_loss: -3.15424
TORCHFORT::WANDB: model: alpha, step: 1755, train_lr: 0.0001
TORCHFORT::WANDB: model: critic_0, step: 1756, train_loss: 0.901377
TORCHFORT::WANDB: model: critic_0, step: 1756, train_lr: 0.001
TORCHFORT::WANDB: model: actor, step: 1756, train_loss: -0.633297
TORCHFORT::WANDB: model: actor, step: 1756, train_lr: 0.001
TORCHFORT::WANDB: model: alpha, step: 1756, train_loss: -3.15199
TORCHFORT::WANDB: model: alpha, step: 1756, train_lr: 0.0001
TORCHFORT::WANDB: model: critic_0, step: 1757, train_loss: 1.03704
TORCHFORT::WANDB: model: critic_0, step: 1757, train_lr: 0.001
TORCHFORT::WANDB: model: actor, step: 1757, train_loss: -0.632272
TORCHFORT::WANDB: model: actor, step: 1757, train_lr: 0.001
TORCHFORT::WANDB: model: alpha, step: 1757, train_loss: -3.1558
TORCHFORT::WANDB: model: alpha, step: 1757, train_lr: 0.0001
TORCHFORT::WANDB: model: critic_0, step: 1758, train_loss: 0.948384
TORCHFORT::WANDB: model: critic_0, step: 1758, train_lr: 0.001
TORCHFORT::WANDB: model: actor, step: 1758, train_loss: -0.6144
TORCHFORT::WANDB: model: actor, step: 1758, train_lr: 0.001
TORCHFORT::WANDB: model: alpha, step: 1758, train_loss: -3.15617
TORCHFORT::WANDB: model: alpha, step: 1758, train_lr: 0.0001
TORCHFORT::WANDB: model: critic_0, step: 1759, train_loss: 0.90369
TORCHFORT::WANDB: model: critic_0, step: 1759, train_lr: 0.001
TORCHFORT::WANDB: model: actor, step: 1759, train_loss: -0.597541
TORCHFORT::WANDB: model: actor, step: 1759, train_lr: 0.001
TORCHFORT::WANDB: model: alpha, step: 1759, train_loss: -3.15848
TORCHFORT::WANDB: model: alpha, step: 1759, train_lr: 0.0001
TORCHFORT::WANDB: model: critic_0, step: 1760, train_loss: 0.955167
TORCHFORT::WANDB: model: critic_0, step: 1760, train_lr: 0.001
TORCHFORT::WANDB: model: actor, step: 1760, train_loss: -0.60819
TORCHFORT::WANDB: model: actor, step: 1760, train_lr: 0.001
TORCHFORT::WANDB: model: alpha, step: 1760, train_loss: -3.16229
TORCHFORT::WANDB: model: alpha, step: 1760, train_lr: 0.0001
TORCHFORT::WANDB: model: rlwm, step: 98, reward_sum: 6087.47
TORCHFORT::WANDB: model: rlwm, step: 98, reward_sum: 6087.47
TORCHFORT::WANDB: model: rlwm, step: 98, reward_sum: 6087.47
TORCHFORT::WANDB: model: rlwm, step: 98, reward_sum: 6087.47
TORCHFORT::WANDB: model: critic_0, step: 1761, train_loss: 0.999721
TORCHFORT::WANDB: model: critic_0, step: 1761, train_lr: 0.001
TORCHFORT::WANDB: model: actor, step: 1761, train_loss: -0.622571
TORCHFORT::WANDB: model: actor, step: 1761, train_lr: 0.001
TORCHFORT::WANDB: model: alpha, step: 1761, train_loss: -3.16016
TORCHFORT::WANDB: model: alpha, step: 1761, train_lr: 0.0001
TORCHFORT::WANDB: model: critic_0, step: 1762, train_loss: 0.888723
TORCHFORT::WANDB: model: critic_0, step: 1762, train_lr: 0.001
TORCHFORT::WANDB: model: actor, step: 1762, train_loss: -0.650625
TORCHFORT::WANDB: model: actor, step: 1762, train_lr: 0.001
TORCHFORT::WANDB: model: alpha, step: 1762, train_loss: -3.15886
TORCHFORT::WANDB: model: alpha, step: 1762, train_lr: 0.0001
TORCHFORT::WANDB: model: critic_0, step: 1763, train_loss: 0.890521
TORCHFORT::WANDB: model: critic_0, step: 1763, train_lr: 0.001
TORCHFORT::WANDB: model: actor, step: 1763, train_loss: -0.631436
TORCHFORT::WANDB: model: actor, step: 1763, train_lr: 0.001
TORCHFORT::WANDB: model: alpha, step: 1763, train_loss: -3.15825
TORCHFORT::WANDB: model: alpha, step: 1763, train_lr: 0.0001
TORCHFORT::WANDB: model: critic_0, step: 1764, train_loss: 0.90682
TORCHFORT::WANDB: model: critic_0, step: 1764, train_lr: 0.001
TORCHFORT::WANDB: model: actor, step: 1764, train_loss: -0.611654
TORCHFORT::WANDB: model: actor, step: 1764, train_lr: 0.001
TORCHFORT::WANDB: model: alpha, step: 1764, train_loss: -3.15555
TORCHFORT::WANDB: model: alpha, step: 1764, train_lr: 0.0001
TORCHFORT::WANDB: model: critic_0, step: 1765, train_loss: 0.945182
TORCHFORT::WANDB: model: critic_0, step: 1765, train_lr: 0.001
TORCHFORT::WANDB: model: actor, step: 1765, train_loss: -0.613299
TORCHFORT::WANDB: model: actor, step: 1765, train_lr: 0.001
TORCHFORT::WANDB: model: alpha, step: 1765, train_loss: -3.16222
TORCHFORT::WANDB: model: alpha, step: 1765, train_lr: 0.0001
TORCHFORT::WANDB: model: critic_0, step: 1766, train_loss: 0.941663
TORCHFORT::WANDB: model: critic_0, step: 1766, train_lr: 0.001
TORCHFORT::WANDB: model: actor, step: 1766, train_loss: -0.612301
TORCHFORT::WANDB: model: actor, step: 1766, train_lr: 0.001
TORCHFORT::WANDB: model: alpha, step: 1766, train_loss: -3.15662
TORCHFORT::WANDB: model: alpha, step: 1766, train_lr: 0.0001
TORCHFORT::WANDB: model: critic_0, step: 1767, train_loss: 0.860456
TORCHFORT::WANDB: model: critic_0, step: 1767, train_lr: 0.001
TORCHFORT::WANDB: model: actor, step: 1767, train_loss: -0.620332
TORCHFORT::WANDB: model: actor, step: 1767, train_lr: 0.001
TORCHFORT::WANDB: model: alpha, step: 1767, train_loss: -3.15903
TORCHFORT::WANDB: model: alpha, step: 1767, train_lr: 0.0001
TORCHFORT::WANDB: model: critic_0, step: 1768, train_loss: 1.04216
TORCHFORT::WANDB: model: critic_0, step: 1768, train_lr: 0.001
TORCHFORT::WANDB: model: actor, step: 1768, train_loss: -0.638904
TORCHFORT::WANDB: model: actor, step: 1768, train_lr: 0.001
TORCHFORT::WANDB: model: alpha, step: 1768, train_loss: -3.15545
TORCHFORT::WANDB: model: alpha, step: 1768, train_lr: 0.0001
TORCHFORT::WANDB: model: critic_0, step: 1769, train_loss: 0.928129
TORCHFORT::WANDB: model: critic_0, step: 1769, train_lr: 0.001
TORCHFORT::WANDB: model: actor, step: 1769, train_loss: -0.632509
TORCHFORT::WANDB: model: actor, step: 1769, train_lr: 0.001
TORCHFORT::WANDB: model: alpha, step: 1769, train_loss: -3.15893
TORCHFORT::WANDB: model: alpha, step: 1769, train_lr: 0.0001
TORCHFORT::WANDB: model: critic_0, step: 1770, train_loss: 0.979691
TORCHFORT::WANDB: model: critic_0, step: 1770, train_lr: 0.001
TORCHFORT::WANDB: model: actor, step: 1770, train_loss: -0.603969
TORCHFORT::WANDB: model: actor, step: 1770, train_lr: 0.001
TORCHFORT::WANDB: model: alpha, step: 1770, train_loss: -3.15892
TORCHFORT::WANDB: model: alpha, step: 1770, train_lr: 0.0001
TORCHFORT::WANDB: model: critic_0, step: 1771, train_loss: 0.899469
TORCHFORT::WANDB: model: critic_0, step: 1771, train_lr: 0.001
TORCHFORT::WANDB: model: actor, step: 1771, train_loss: -0.606601
TORCHFORT::WANDB: model: actor, step: 1771, train_lr: 0.001
TORCHFORT::WANDB: model: alpha, step: 1771, train_loss: -3.16113
TORCHFORT::WANDB: model: alpha, step: 1771, train_lr: 0.0001
TORCHFORT::WANDB: model: critic_0, step: 1772, train_loss: 0.920762
TORCHFORT::WANDB: model: critic_0, step: 1772, train_lr: 0.001
TORCHFORT::WANDB: model: actor, step: 1772, train_loss: -0.625392
TORCHFORT::WANDB: model: actor, step: 1772, train_lr: 0.001
TORCHFORT::WANDB: model: alpha, step: 1772, train_loss: -3.16116
TORCHFORT::WANDB: model: alpha, step: 1772, train_lr: 0.0001
TORCHFORT::WANDB: model: critic_0, step: 1773, train_loss: 0.926213
TORCHFORT::WANDB: model: critic_0, step: 1773, train_lr: 0.001
TORCHFORT::WANDB: model: actor, step: 1773, train_loss: -0.643797
TORCHFORT::WANDB: model: actor, step: 1773, train_lr: 0.001
TORCHFORT::WANDB: model: alpha, step: 1773, train_loss: -3.16016
TORCHFORT::WANDB: model: alpha, step: 1773, train_lr: 0.0001
TORCHFORT::WANDB: model: critic_0, step: 1774, train_loss: 0.891269
TORCHFORT::WANDB: model: critic_0, step: 1774, train_lr: 0.001
TORCHFORT::WANDB: model: actor, step: 1774, train_loss: -0.620068
TORCHFORT::WANDB: model: actor, step: 1774, train_lr: 0.001
TORCHFORT::WANDB: model: alpha, step: 1774, train_loss: -3.16245
TORCHFORT::WANDB: model: alpha, step: 1774, train_lr: 0.0001
TORCHFORT::WANDB: model: critic_0, step: 1775, train_loss: 0.942698
TORCHFORT::WANDB: model: critic_0, step: 1775, train_lr: 0.001
TORCHFORT::WANDB: model: actor, step: 1775, train_loss: -0.597652
TORCHFORT::WANDB: model: actor, step: 1775, train_lr: 0.001
TORCHFORT::WANDB: model: alpha, step: 1775, train_loss: -3.1611
TORCHFORT::WANDB: model: alpha, step: 1775, train_lr: 0.0001
TORCHFORT::WANDB: model: critic_0, step: 1776, train_loss: 0.931635
TORCHFORT::WANDB: model: critic_0, step: 1776, train_lr: 0.001
TORCHFORT::WANDB: model: actor, step: 1776, train_loss: -0.604284
TORCHFORT::WANDB: model: actor, step: 1776, train_lr: 0.001
TORCHFORT::WANDB: model: alpha, step: 1776, train_loss: -3.16231
TORCHFORT::WANDB: model: alpha, step: 1776, train_lr: 0.0001
TORCHFORT::WANDB: model: critic_0, step: 1777, train_loss: 0.946238
TORCHFORT::WANDB: model: critic_0, step: 1777, train_lr: 0.001
TORCHFORT::WANDB: model: actor, step: 1777, train_loss: -0.639508
TORCHFORT::WANDB: model: actor, step: 1777, train_lr: 0.001
TORCHFORT::WANDB: model: alpha, step: 1777, train_loss: -3.16475
TORCHFORT::WANDB: model: alpha, step: 1777, train_lr: 0.0001
TORCHFORT::WANDB: model: critic_0, step: 1778, train_loss: 0.916659
TORCHFORT::WANDB: model: critic_0, step: 1778, train_lr: 0.001
TORCHFORT::WANDB: model: actor, step: 1778, train_loss: -0.658941
TORCHFORT::WANDB: model: actor, step: 1778, train_lr: 0.001
TORCHFORT::WANDB: model: alpha, step: 1778, train_loss: -3.16201
TORCHFORT::WANDB: model: alpha, step: 1778, train_lr: 0.0001
TORCHFORT::WANDB: model: critic_0, step: 1779, train_loss: 0.908902
TORCHFORT::WANDB: model: critic_0, step: 1779, train_lr: 0.001
TORCHFORT::WANDB: model: actor, step: 1779, train_loss: -0.631872
TORCHFORT::WANDB: model: actor, step: 1779, train_lr: 0.001
TORCHFORT::WANDB: model: alpha, step: 1779, train_loss: -3.16168
TORCHFORT::WANDB: model: alpha, step: 1779, train_lr: 0.0001
TORCHFORT::WANDB: model: critic_0, step: 1780, train_loss: 0.904052
TORCHFORT::WANDB: model: critic_0, step: 1780, train_lr: 0.001
TORCHFORT::WANDB: model: actor, step: 1780, train_loss: -0.600452
TORCHFORT::WANDB: model: actor, step: 1780, train_lr: 0.001
TORCHFORT::WANDB: model: alpha, step: 1780, train_loss: -3.15852
TORCHFORT::WANDB: model: alpha, step: 1780, train_lr: 0.0001
TORCHFORT::WANDB: model: rlwm, step: 99, reward_sum: 5564.58
TORCHFORT::WANDB: model: rlwm, step: 99, reward_sum: 5564.58
TORCHFORT::WANDB: model: rlwm, step: 99, reward_sum: 5564.58
TORCHFORT::WANDB: model: rlwm, step: 99, reward_sum: 5564.58
TORCHFORT::WANDB: model: critic_0, step: 1781, train_loss: 1.01366
TORCHFORT::WANDB: model: critic_0, step: 1781, train_lr: 0.001
TORCHFORT::WANDB: model: actor, step: 1781, train_loss: -0.594188
TORCHFORT::WANDB: model: actor, step: 1781, train_lr: 0.001
TORCHFORT::WANDB: model: alpha, step: 1781, train_loss: -3.15919
TORCHFORT::WANDB: model: alpha, step: 1781, train_lr: 0.0001
TORCHFORT::WANDB: model: critic_0, step: 1782, train_loss: 0.993831
TORCHFORT::WANDB: model: critic_0, step: 1782, train_lr: 0.001
TORCHFORT::WANDB: model: actor, step: 1782, train_loss: -0.612137
TORCHFORT::WANDB: model: actor, step: 1782, train_lr: 0.001
TORCHFORT::WANDB: model: alpha, step: 1782, train_loss: -3.16676
TORCHFORT::WANDB: model: alpha, step: 1782, train_lr: 0.0001
TORCHFORT::WANDB: model: critic_0, step: 1783, train_loss: 0.908295
TORCHFORT::WANDB: model: critic_0, step: 1783, train_lr: 0.001
TORCHFORT::WANDB: model: actor, step: 1783, train_loss: -0.651747
TORCHFORT::WANDB: model: actor, step: 1783, train_lr: 0.001
TORCHFORT::WANDB: model: alpha, step: 1783, train_loss: -3.16083
TORCHFORT::WANDB: model: alpha, step: 1783, train_lr: 0.0001
TORCHFORT::WANDB: model: critic_0, step: 1784, train_loss: 1.0102
TORCHFORT::WANDB: model: critic_0, step: 1784, train_lr: 0.001
TORCHFORT::WANDB: model: actor, step: 1784, train_loss: -0.704933
TORCHFORT::WANDB: model: actor, step: 1784, train_lr: 0.001
TORCHFORT::WANDB: model: alpha, step: 1784, train_loss: -3.1653
TORCHFORT::WANDB: model: alpha, step: 1784, train_lr: 0.0001
TORCHFORT::WANDB: model: critic_0, step: 1785, train_loss: 0.982054
TORCHFORT::WANDB: model: critic_0, step: 1785, train_lr: 0.001
TORCHFORT::WANDB: model: actor, step: 1785, train_loss: -0.661046
TORCHFORT::WANDB: model: actor, step: 1785, train_lr: 0.001
TORCHFORT::WANDB: model: alpha, step: 1785, train_loss: -3.16149
TORCHFORT::WANDB: model: alpha, step: 1785, train_lr: 0.0001
TORCHFORT::WANDB: model: critic_0, step: 1786, train_loss: 0.946205
TORCHFORT::WANDB: model: critic_0, step: 1786, train_lr: 0.001
TORCHFORT::WANDB: model: actor, step: 1786, train_loss: -0.572674
TORCHFORT::WANDB: model: actor, step: 1786, train_lr: 0.001
TORCHFORT::WANDB: model: alpha, step: 1786, train_loss: -3.16029
TORCHFORT::WANDB: model: alpha, step: 1786, train_lr: 0.0001
TORCHFORT::WANDB: model: critic_0, step: 1787, train_loss: 0.930035
TORCHFORT::WANDB: model: critic_0, step: 1787, train_lr: 0.001
TORCHFORT::WANDB: model: actor, step: 1787, train_loss: -0.543884
TORCHFORT::WANDB: model: actor, step: 1787, train_lr: 0.001
TORCHFORT::WANDB: model: alpha, step: 1787, train_loss: -3.16372
TORCHFORT::WANDB: model: alpha, step: 1787, train_lr: 0.0001
TORCHFORT::WANDB: model: critic_0, step: 1788, train_loss: 0.960247
TORCHFORT::WANDB: model: critic_0, step: 1788, train_lr: 0.001
TORCHFORT::WANDB: model: actor, step: 1788, train_loss: -0.622888
TORCHFORT::WANDB: model: actor, step: 1788, train_lr: 0.001
TORCHFORT::WANDB: model: alpha, step: 1788, train_loss: -3.1632
TORCHFORT::WANDB: model: alpha, step: 1788, train_lr: 0.0001
TORCHFORT::WANDB: model: critic_0, step: 1789, train_loss: 0.998533
TORCHFORT::WANDB: model: critic_0, step: 1789, train_lr: 0.001
TORCHFORT::WANDB: model: actor, step: 1789, train_loss: -0.696145
TORCHFORT::WANDB: model: actor, step: 1789, train_lr: 0.001
TORCHFORT::WANDB: model: alpha, step: 1789, train_loss: -3.15939
TORCHFORT::WANDB: model: alpha, step: 1789, train_lr: 0.0001
TORCHFORT::WANDB: model: critic_0, step: 1790, train_loss: 1.0116
TORCHFORT::WANDB: model: critic_0, step: 1790, train_lr: 0.001
TORCHFORT::WANDB: model: actor, step: 1790, train_loss: -0.701956
TORCHFORT::WANDB: model: actor, step: 1790, train_lr: 0.001
TORCHFORT::WANDB: model: alpha, step: 1790, train_loss: -3.16034
TORCHFORT::WANDB: model: alpha, step: 1790, train_lr: 0.0001
TORCHFORT::WANDB: model: critic_0, step: 1791, train_loss: 1.0141
TORCHFORT::WANDB: model: critic_0, step: 1791, train_lr: 0.001
TORCHFORT::WANDB: model: actor, step: 1791, train_loss: -0.621046
TORCHFORT::WANDB: model: actor, step: 1791, train_lr: 0.001
TORCHFORT::WANDB: model: alpha, step: 1791, train_loss: -3.16268
TORCHFORT::WANDB: model: alpha, step: 1791, train_lr: 0.0001
TORCHFORT::WANDB: model: critic_0, step: 1792, train_loss: 1.03174
TORCHFORT::WANDB: model: critic_0, step: 1792, train_lr: 0.001
TORCHFORT::WANDB: model: actor, step: 1792, train_loss: -0.555979
TORCHFORT::WANDB: model: actor, step: 1792, train_lr: 0.001
TORCHFORT::WANDB: model: alpha, step: 1792, train_loss: -3.15668
TORCHFORT::WANDB: model: alpha, step: 1792, train_lr: 0.0001
TORCHFORT::WANDB: model: critic_0, step: 1793, train_loss: 1.04757
TORCHFORT::WANDB: model: critic_0, step: 1793, train_lr: 0.001
TORCHFORT::WANDB: model: actor, step: 1793, train_loss: -0.566347
TORCHFORT::WANDB: model: actor, step: 1793, train_lr: 0.001
TORCHFORT::WANDB: model: alpha, step: 1793, train_loss: -3.16166
TORCHFORT::WANDB: model: alpha, step: 1793, train_lr: 0.0001
TORCHFORT::WANDB: model: critic_0, step: 1794, train_loss: 0.992512
TORCHFORT::WANDB: model: critic_0, step: 1794, train_lr: 0.001
TORCHFORT::WANDB: model: actor, step: 1794, train_loss: -0.652996
TORCHFORT::WANDB: model: actor, step: 1794, train_lr: 0.001
TORCHFORT::WANDB: model: alpha, step: 1794, train_loss: -3.16246
TORCHFORT::WANDB: model: alpha, step: 1794, train_lr: 0.0001
TORCHFORT::WANDB: model: critic_0, step: 1795, train_loss: 0.99571
TORCHFORT::WANDB: model: critic_0, step: 1795, train_lr: 0.001
TORCHFORT::WANDB: model: actor, step: 1795, train_loss: -0.722969
TORCHFORT::WANDB: model: actor, step: 1795, train_lr: 0.001
TORCHFORT::WANDB: model: alpha, step: 1795, train_loss: -3.16587
TORCHFORT::WANDB: model: alpha, step: 1795, train_lr: 0.0001
TORCHFORT::WANDB: model: critic_0, step: 1796, train_loss: 1.01678
TORCHFORT::WANDB: model: critic_0, step: 1796, train_lr: 0.001
TORCHFORT::WANDB: model: actor, step: 1796, train_loss: -0.705603
TORCHFORT::WANDB: model: actor, step: 1796, train_lr: 0.001
TORCHFORT::WANDB: model: alpha, step: 1796, train_loss: -3.16358
TORCHFORT::WANDB: model: alpha, step: 1796, train_lr: 0.0001
TORCHFORT::WANDB: model: critic_0, step: 1797, train_loss: 1.00142
TORCHFORT::WANDB: model: critic_0, step: 1797, train_lr: 0.001
TORCHFORT::WANDB: model: actor, step: 1797, train_loss: -0.612493
TORCHFORT::WANDB: model: actor, step: 1797, train_lr: 0.001
TORCHFORT::WANDB: model: alpha, step: 1797, train_loss: -3.16522
TORCHFORT::WANDB: model: alpha, step: 1797, train_lr: 0.0001
TORCHFORT::WANDB: model: critic_0, step: 1798, train_loss: 0.981842
TORCHFORT::WANDB: model: critic_0, step: 1798, train_lr: 0.001
TORCHFORT::WANDB: model: actor, step: 1798, train_loss: -0.525861
TORCHFORT::WANDB: model: actor, step: 1798, train_lr: 0.001
TORCHFORT::WANDB: model: alpha, step: 1798, train_loss: -3.16369
TORCHFORT::WANDB: model: alpha, step: 1798, train_lr: 0.0001
TORCHFORT::WANDB: model: critic_0, step: 1799, train_loss: 0.953255
TORCHFORT::WANDB: model: critic_0, step: 1799, train_lr: 0.001
TORCHFORT::WANDB: model: actor, step: 1799, train_loss: -0.551638
TORCHFORT::WANDB: model: actor, step: 1799, train_lr: 0.001
TORCHFORT::WANDB: model: alpha, step: 1799, train_loss: -3.16663
TORCHFORT::WANDB: model: alpha, step: 1799, train_lr: 0.0001
TORCHFORT::WANDB: model: critic_0, step: 1800, train_loss: 0.936948
TORCHFORT::WANDB: model: critic_0, step: 1800, train_lr: 0.001
TORCHFORT::WANDB: model: actor, step: 1800, train_loss: -0.675193
TORCHFORT::WANDB: model: actor, step: 1800, train_lr: 0.001
TORCHFORT::WANDB: model: alpha, step: 1800, train_loss: -3.16332
TORCHFORT::WANDB: model: alpha, step: 1800, train_lr: 0.0001
TORCHFORT::WANDB: model: rlwm, step: 100, reward_sum: 5559.71
TORCHFORT::WANDB: model: rlwm, step: 100, reward_sum: 5559.71
TORCHFORT::WANDB: model: rlwm, step: 100, reward_sum: 5559.71
TORCHFORT::WANDB: model: rlwm, step: 100, reward_sum: 5559.71
TORCHFORT::WANDB: model: critic_0, step: 1801, train_loss: 1.04985
TORCHFORT::WANDB: model: critic_0, step: 1801, train_lr: 0.001
TORCHFORT::WANDB: model: actor, step: 1801, train_loss: -0.764932
TORCHFORT::WANDB: model: actor, step: 1801, train_lr: 0.001
TORCHFORT::WANDB: model: alpha, step: 1801, train_loss: -3.1648
TORCHFORT::WANDB: model: alpha, step: 1801, train_lr: 0.0001
TORCHFORT::WANDB: model: critic_0, step: 1802, train_loss: 1.05683
TORCHFORT::WANDB: model: critic_0, step: 1802, train_lr: 0.001
TORCHFORT::WANDB: model: actor, step: 1802, train_loss: -0.713277
TORCHFORT::WANDB: model: actor, step: 1802, train_lr: 0.001
TORCHFORT::WANDB: model: alpha, step: 1802, train_loss: -3.16508
TORCHFORT::WANDB: model: alpha, step: 1802, train_lr: 0.0001
TORCHFORT::WANDB: model: critic_0, step: 1803, train_loss: 1.00969
TORCHFORT::WANDB: model: critic_0, step: 1803, train_lr: 0.001
TORCHFORT::WANDB: model: actor, step: 1803, train_loss: -0.59964
TORCHFORT::WANDB: model: actor, step: 1803, train_lr: 0.001
TORCHFORT::WANDB: model: alpha, step: 1803, train_loss: -3.16603
TORCHFORT::WANDB: model: alpha, step: 1803, train_lr: 0.0001
TORCHFORT::WANDB: model: critic_0, step: 1804, train_loss: 1.05883
TORCHFORT::WANDB: model: critic_0, step: 1804, train_lr: 0.001
TORCHFORT::WANDB: model: actor, step: 1804, train_loss: -0.523752
TORCHFORT::WANDB: model: actor, step: 1804, train_lr: 0.001
TORCHFORT::WANDB: model: alpha, step: 1804, train_loss: -3.16653
TORCHFORT::WANDB: model: alpha, step: 1804, train_lr: 0.0001
TORCHFORT::WANDB: model: critic_0, step: 1805, train_loss: 1.07213
TORCHFORT::WANDB: model: critic_0, step: 1805, train_lr: 0.001
TORCHFORT::WANDB: model: actor, step: 1805, train_loss: -0.572514
TORCHFORT::WANDB: model: actor, step: 1805, train_lr: 0.001
TORCHFORT::WANDB: model: alpha, step: 1805, train_loss: -3.16969
TORCHFORT::WANDB: model: alpha, step: 1805, train_lr: 0.0001
TORCHFORT::WANDB: model: critic_0, step: 1806, train_loss: 1.00707
TORCHFORT::WANDB: model: critic_0, step: 1806, train_lr: 0.001
TORCHFORT::WANDB: model: actor, step: 1806, train_loss: -0.678685
TORCHFORT::WANDB: model: actor, step: 1806, train_lr: 0.001
TORCHFORT::WANDB: model: alpha, step: 1806, train_loss: -3.16603
TORCHFORT::WANDB: model: alpha, step: 1806, train_lr: 0.0001
TORCHFORT::WANDB: model: critic_0, step: 1807, train_loss: 1.09373
TORCHFORT::WANDB: model: critic_0, step: 1807, train_lr: 0.001
TORCHFORT::WANDB: model: actor, step: 1807, train_loss: -0.742458
TORCHFORT::WANDB: model: actor, step: 1807, train_lr: 0.001
TORCHFORT::WANDB: model: alpha, step: 1807, train_loss: -3.17099
TORCHFORT::WANDB: model: alpha, step: 1807, train_lr: 0.0001
TORCHFORT::WANDB: model: critic_0, step: 1808, train_loss: 1.00398
TORCHFORT::WANDB: model: critic_0, step: 1808, train_lr: 0.001
TORCHFORT::WANDB: model: actor, step: 1808, train_loss: -0.727257
TORCHFORT::WANDB: model: actor, step: 1808, train_lr: 0.001
TORCHFORT::WANDB: model: alpha, step: 1808, train_loss: -3.17069
TORCHFORT::WANDB: model: alpha, step: 1808, train_lr: 0.0001
TORCHFORT::WANDB: model: critic_0, step: 1809, train_loss: 1.03595
TORCHFORT::WANDB: model: critic_0, step: 1809, train_lr: 0.001
TORCHFORT::WANDB: model: actor, step: 1809, train_loss: -0.635843
TORCHFORT::WANDB: model: actor, step: 1809, train_lr: 0.001
TORCHFORT::WANDB: model: alpha, step: 1809, train_loss: -3.1709
TORCHFORT::WANDB: model: alpha, step: 1809, train_lr: 0.0001
TORCHFORT::WANDB: model: critic_0, step: 1810, train_loss: 0.966307
TORCHFORT::WANDB: model: critic_0, step: 1810, train_lr: 0.001
TORCHFORT::WANDB: model: actor, step: 1810, train_loss: -0.579976
TORCHFORT::WANDB: model: actor, step: 1810, train_lr: 0.001
TORCHFORT::WANDB: model: alpha, step: 1810, train_loss: -3.17085
TORCHFORT::WANDB: model: alpha, step: 1810, train_lr: 0.0001
TORCHFORT::WANDB: model: critic_0, step: 1811, train_loss: 1.01939
TORCHFORT::WANDB: model: critic_0, step: 1811, train_lr: 0.001
TORCHFORT::WANDB: model: actor, step: 1811, train_loss: -0.587045
TORCHFORT::WANDB: model: actor, step: 1811, train_lr: 0.001
TORCHFORT::WANDB: model: alpha, step: 1811, train_loss: -3.16994
TORCHFORT::WANDB: model: alpha, step: 1811, train_lr: 0.0001
TORCHFORT::WANDB: model: critic_0, step: 1812, train_loss: 0.918174
TORCHFORT::WANDB: model: critic_0, step: 1812, train_lr: 0.001
TORCHFORT::WANDB: model: actor, step: 1812, train_loss: -0.647964
TORCHFORT::WANDB: model: actor, step: 1812, train_lr: 0.001
TORCHFORT::WANDB: model: alpha, step: 1812, train_loss: -3.16927
TORCHFORT::WANDB: model: alpha, step: 1812, train_lr: 0.0001
TORCHFORT::WANDB: model: critic_0, step: 1813, train_loss: 1.01453
TORCHFORT::WANDB: model: critic_0, step: 1813, train_lr: 0.001
TORCHFORT::WANDB: model: actor, step: 1813, train_loss: -0.688762
TORCHFORT::WANDB: model: actor, step: 1813, train_lr: 0.001
TORCHFORT::WANDB: model: alpha, step: 1813, train_loss: -3.17086
TORCHFORT::WANDB: model: alpha, step: 1813, train_lr: 0.0001
TORCHFORT::WANDB: model: critic_0, step: 1814, train_loss: 1.02935
TORCHFORT::WANDB: model: critic_0, step: 1814, train_lr: 0.001
TORCHFORT::WANDB: model: actor, step: 1814, train_loss: -0.691418
TORCHFORT::WANDB: model: actor, step: 1814, train_lr: 0.001
TORCHFORT::WANDB: model: alpha, step: 1814, train_loss: -3.17341
TORCHFORT::WANDB: model: alpha, step: 1814, train_lr: 0.0001
TORCHFORT::WANDB: model: critic_0, step: 1815, train_loss: 1.08458
TORCHFORT::WANDB: model: critic_0, step: 1815, train_lr: 0.001
TORCHFORT::WANDB: model: actor, step: 1815, train_loss: -0.670022
TORCHFORT::WANDB: model: actor, step: 1815, train_lr: 0.001
TORCHFORT::WANDB: model: alpha, step: 1815, train_loss: -3.17346
TORCHFORT::WANDB: model: alpha, step: 1815, train_lr: 0.0001
TORCHFORT::WANDB: model: critic_0, step: 1816, train_loss: 0.962387
TORCHFORT::WANDB: model: critic_0, step: 1816, train_lr: 0.001
TORCHFORT::WANDB: model: actor, step: 1816, train_loss: -0.649754
TORCHFORT::WANDB: model: actor, step: 1816, train_lr: 0.001
TORCHFORT::WANDB: model: alpha, step: 1816, train_loss: -3.17181
TORCHFORT::WANDB: model: alpha, step: 1816, train_lr: 0.0001
TORCHFORT::WANDB: model: critic_0, step: 1817, train_loss: 0.958254
TORCHFORT::WANDB: model: critic_0, step: 1817, train_lr: 0.001
TORCHFORT::WANDB: model: actor, step: 1817, train_loss: -0.627768
TORCHFORT::WANDB: model: actor, step: 1817, train_lr: 0.001
TORCHFORT::WANDB: model: alpha, step: 1817, train_loss: -3.17123
TORCHFORT::WANDB: model: alpha, step: 1817, train_lr: 0.0001
TORCHFORT::WANDB: model: critic_0, step: 1818, train_loss: 0.998733
TORCHFORT::WANDB: model: critic_0, step: 1818, train_lr: 0.001
TORCHFORT::WANDB: model: actor, step: 1818, train_loss: -0.630707
TORCHFORT::WANDB: model: actor, step: 1818, train_lr: 0.001
TORCHFORT::WANDB: model: alpha, step: 1818, train_loss: -3.17794
TORCHFORT::WANDB: model: alpha, step: 1818, train_lr: 0.0001
TORCHFORT::WANDB: model: critic_0, step: 1819, train_loss: 0.9907
TORCHFORT::WANDB: model: critic_0, step: 1819, train_lr: 0.001
TORCHFORT::WANDB: model: actor, step: 1819, train_loss: -0.649389
TORCHFORT::WANDB: model: actor, step: 1819, train_lr: 0.001
TORCHFORT::WANDB: model: alpha, step: 1819, train_loss: -3.17271
TORCHFORT::WANDB: model: alpha, step: 1819, train_lr: 0.0001
TORCHFORT::WANDB: model: critic_0, step: 1820, train_loss: 1.10512
TORCHFORT::WANDB: model: critic_0, step: 1820, train_lr: 0.001
TORCHFORT::WANDB: model: actor, step: 1820, train_loss: -0.653963
TORCHFORT::WANDB: model: actor, step: 1820, train_lr: 0.001
TORCHFORT::WANDB: model: alpha, step: 1820, train_loss: -3.17186
TORCHFORT::WANDB: model: alpha, step: 1820, train_lr: 0.0001
TORCHFORT::WANDB: model: rlwm, step: 101, reward_sum: 6425.01
TORCHFORT::WANDB: model: rlwm, step: 101, reward_sum: 6425.01
TORCHFORT::WANDB: model: rlwm, step: 101, reward_sum: 6425.01
TORCHFORT::WANDB: model: rlwm, step: 101, reward_sum: 6425.01
TORCHFORT::WANDB: model: critic_0, step: 1821, train_loss: 1.00792
TORCHFORT::WANDB: model: critic_0, step: 1821, train_lr: 0.001
TORCHFORT::WANDB: model: actor, step: 1821, train_loss: -0.653326
TORCHFORT::WANDB: model: actor, step: 1821, train_lr: 0.001
TORCHFORT::WANDB: model: alpha, step: 1821, train_loss: -3.16926
TORCHFORT::WANDB: model: alpha, step: 1821, train_lr: 0.0001
TORCHFORT::WANDB: model: critic_0, step: 1822, train_loss: 1.12846
TORCHFORT::WANDB: model: critic_0, step: 1822, train_lr: 0.001
TORCHFORT::WANDB: model: actor, step: 1822, train_loss: -0.654911
TORCHFORT::WANDB: model: actor, step: 1822, train_lr: 0.001
TORCHFORT::WANDB: model: alpha, step: 1822, train_loss: -3.16928
TORCHFORT::WANDB: model: alpha, step: 1822, train_lr: 0.0001
TORCHFORT::WANDB: model: critic_0, step: 1823, train_loss: 1.02925
TORCHFORT::WANDB: model: critic_0, step: 1823, train_lr: 0.001
TORCHFORT::WANDB: model: actor, step: 1823, train_loss: -0.671741
TORCHFORT::WANDB: model: actor, step: 1823, train_lr: 0.001
TORCHFORT::WANDB: model: alpha, step: 1823, train_loss: -3.17283
TORCHFORT::WANDB: model: alpha, step: 1823, train_lr: 0.0001
TORCHFORT::WANDB: model: critic_0, step: 1824, train_loss: 1.10263
TORCHFORT::WANDB: model: critic_0, step: 1824, train_lr: 0.001
TORCHFORT::WANDB: model: actor, step: 1824, train_loss: -0.673771
TORCHFORT::WANDB: model: actor, step: 1824, train_lr: 0.001
TORCHFORT::WANDB: model: alpha, step: 1824, train_loss: -3.17056
TORCHFORT::WANDB: model: alpha, step: 1824, train_lr: 0.0001
TORCHFORT::WANDB: model: critic_0, step: 1825, train_loss: 1.14454
TORCHFORT::WANDB: model: critic_0, step: 1825, train_lr: 0.001
TORCHFORT::WANDB: model: actor, step: 1825, train_loss: -0.664352
TORCHFORT::WANDB: model: actor, step: 1825, train_lr: 0.001
TORCHFORT::WANDB: model: alpha, step: 1825, train_loss: -3.16834
TORCHFORT::WANDB: model: alpha, step: 1825, train_lr: 0.0001
TORCHFORT::WANDB: model: critic_0, step: 1826, train_loss: 1.03095
TORCHFORT::WANDB: model: critic_0, step: 1826, train_lr: 0.001
TORCHFORT::WANDB: model: actor, step: 1826, train_loss: -0.634947
TORCHFORT::WANDB: model: actor, step: 1826, train_lr: 0.001
TORCHFORT::WANDB: model: alpha, step: 1826, train_loss: -3.16931
TORCHFORT::WANDB: model: alpha, step: 1826, train_lr: 0.0001
TORCHFORT::WANDB: model: critic_0, step: 1827, train_loss: 1.12965
TORCHFORT::WANDB: model: critic_0, step: 1827, train_lr: 0.001
TORCHFORT::WANDB: model: actor, step: 1827, train_loss: -0.637477
TORCHFORT::WANDB: model: actor, step: 1827, train_lr: 0.001
TORCHFORT::WANDB: model: alpha, step: 1827, train_loss: -3.17136
TORCHFORT::WANDB: model: alpha, step: 1827, train_lr: 0.0001
TORCHFORT::WANDB: model: critic_0, step: 1828, train_loss: 1.04656
TORCHFORT::WANDB: model: critic_0, step: 1828, train_lr: 0.001
TORCHFORT::WANDB: model: actor, step: 1828, train_loss: -0.663107
TORCHFORT::WANDB: model: actor, step: 1828, train_lr: 0.001
TORCHFORT::WANDB: model: alpha, step: 1828, train_loss: -3.16863
TORCHFORT::WANDB: model: alpha, step: 1828, train_lr: 0.0001
TORCHFORT::WANDB: model: critic_0, step: 1829, train_loss: 1.06558
TORCHFORT::WANDB: model: critic_0, step: 1829, train_lr: 0.001
TORCHFORT::WANDB: model: actor, step: 1829, train_loss: -0.672745
TORCHFORT::WANDB: model: actor, step: 1829, train_lr: 0.001
TORCHFORT::WANDB: model: alpha, step: 1829, train_loss: -3.17142
TORCHFORT::WANDB: model: alpha, step: 1829, train_lr: 0.0001
TORCHFORT::WANDB: model: critic_0, step: 1830, train_loss: 1.03641
TORCHFORT::WANDB: model: critic_0, step: 1830, train_lr: 0.001
TORCHFORT::WANDB: model: actor, step: 1830, train_loss: -0.667468
TORCHFORT::WANDB: model: actor, step: 1830, train_lr: 0.001
TORCHFORT::WANDB: model: alpha, step: 1830, train_loss: -3.17478
TORCHFORT::WANDB: model: alpha, step: 1830, train_lr: 0.0001
TORCHFORT::WANDB: model: critic_0, step: 1831, train_loss: 1.02523
TORCHFORT::WANDB: model: critic_0, step: 1831, train_lr: 0.001
TORCHFORT::WANDB: model: actor, step: 1831, train_loss: -0.659205
TORCHFORT::WANDB: model: actor, step: 1831, train_lr: 0.001
TORCHFORT::WANDB: model: alpha, step: 1831, train_loss: -3.17581
TORCHFORT::WANDB: model: alpha, step: 1831, train_lr: 0.0001
TORCHFORT::WANDB: model: critic_0, step: 1832, train_loss: 1.05196
TORCHFORT::WANDB: model: critic_0, step: 1832, train_lr: 0.001
TORCHFORT::WANDB: model: actor, step: 1832, train_loss: -0.642301
TORCHFORT::WANDB: model: actor, step: 1832, train_lr: 0.001
TORCHFORT::WANDB: model: alpha, step: 1832, train_loss: -3.16907
TORCHFORT::WANDB: model: alpha, step: 1832, train_lr: 0.0001
TORCHFORT::WANDB: model: critic_0, step: 1833, train_loss: 0.99103
TORCHFORT::WANDB: model: critic_0, step: 1833, train_lr: 0.001
TORCHFORT::WANDB: model: actor, step: 1833, train_loss: -0.659411
TORCHFORT::WANDB: model: actor, step: 1833, train_lr: 0.001
TORCHFORT::WANDB: model: alpha, step: 1833, train_loss: -3.16834
TORCHFORT::WANDB: model: alpha, step: 1833, train_lr: 0.0001
TORCHFORT::WANDB: model: critic_0, step: 1834, train_loss: 1.20154
TORCHFORT::WANDB: model: critic_0, step: 1834, train_lr: 0.001
TORCHFORT::WANDB: model: actor, step: 1834, train_loss: -0.666663
TORCHFORT::WANDB: model: actor, step: 1834, train_lr: 0.001
TORCHFORT::WANDB: model: alpha, step: 1834, train_loss: -3.17263
TORCHFORT::WANDB: model: alpha, step: 1834, train_lr: 0.0001
TORCHFORT::WANDB: model: critic_0, step: 1835, train_loss: 1.08071
TORCHFORT::WANDB: model: critic_0, step: 1835, train_lr: 0.001
TORCHFORT::WANDB: model: actor, step: 1835, train_loss: -0.653825
TORCHFORT::WANDB: model: actor, step: 1835, train_lr: 0.001
TORCHFORT::WANDB: model: alpha, step: 1835, train_loss: -3.17455
TORCHFORT::WANDB: model: alpha, step: 1835, train_lr: 0.0001
TORCHFORT::WANDB: model: critic_0, step: 1836, train_loss: 1.07152
TORCHFORT::WANDB: model: critic_0, step: 1836, train_lr: 0.001
TORCHFORT::WANDB: model: actor, step: 1836, train_loss: -0.633501
TORCHFORT::WANDB: model: actor, step: 1836, train_lr: 0.001
TORCHFORT::WANDB: model: alpha, step: 1836, train_loss: -3.17387
TORCHFORT::WANDB: model: alpha, step: 1836, train_lr: 0.0001
TORCHFORT::WANDB: model: critic_0, step: 1837, train_loss: 1.0309
TORCHFORT::WANDB: model: critic_0, step: 1837, train_lr: 0.001
TORCHFORT::WANDB: model: actor, step: 1837, train_loss: -0.620176
TORCHFORT::WANDB: model: actor, step: 1837, train_lr: 0.001
TORCHFORT::WANDB: model: alpha, step: 1837, train_loss: -3.17482
TORCHFORT::WANDB: model: alpha, step: 1837, train_lr: 0.0001
TORCHFORT::WANDB: model: critic_0, step: 1838, train_loss: 1.05582
TORCHFORT::WANDB: model: critic_0, step: 1838, train_lr: 0.001
TORCHFORT::WANDB: model: actor, step: 1838, train_loss: -0.640106
TORCHFORT::WANDB: model: actor, step: 1838, train_lr: 0.001
TORCHFORT::WANDB: model: alpha, step: 1838, train_loss: -3.17257
TORCHFORT::WANDB: model: alpha, step: 1838, train_lr: 0.0001
TORCHFORT::WANDB: model: critic_0, step: 1839, train_loss: 1.17324
TORCHFORT::WANDB: model: critic_0, step: 1839, train_lr: 0.001
TORCHFORT::WANDB: model: actor, step: 1839, train_loss: -0.686224
TORCHFORT::WANDB: model: actor, step: 1839, train_lr: 0.001
TORCHFORT::WANDB: model: alpha, step: 1839, train_loss: -3.17676
TORCHFORT::WANDB: model: alpha, step: 1839, train_lr: 0.0001
TORCHFORT::WANDB: model: critic_0, step: 1840, train_loss: 1.21283
TORCHFORT::WANDB: model: critic_0, step: 1840, train_lr: 0.001
TORCHFORT::WANDB: model: actor, step: 1840, train_loss: -0.734269
TORCHFORT::WANDB: model: actor, step: 1840, train_lr: 0.001
TORCHFORT::WANDB: model: alpha, step: 1840, train_loss: -3.17902
TORCHFORT::WANDB: model: alpha, step: 1840, train_lr: 0.0001
TORCHFORT::WANDB: model: rlwm, step: 102, reward_sum: 5590.21
TORCHFORT::WANDB: model: rlwm, step: 102, reward_sum: 5590.21
TORCHFORT::WANDB: model: rlwm, step: 102, reward_sum: 5590.21
TORCHFORT::WANDB: model: rlwm, step: 102, reward_sum: 5590.21
TORCHFORT::WANDB: model: critic_0, step: 1841, train_loss: 1.07721
TORCHFORT::WANDB: model: critic_0, step: 1841, train_lr: 0.001
TORCHFORT::WANDB: model: actor, step: 1841, train_loss: -0.701526
TORCHFORT::WANDB: model: actor, step: 1841, train_lr: 0.001
TORCHFORT::WANDB: model: alpha, step: 1841, train_loss: -3.17693
TORCHFORT::WANDB: model: alpha, step: 1841, train_lr: 0.0001
TORCHFORT::WANDB: model: critic_0, step: 1842, train_loss: 1.18633
TORCHFORT::WANDB: model: critic_0, step: 1842, train_lr: 0.001
TORCHFORT::WANDB: model: actor, step: 1842, train_loss: -0.613219
TORCHFORT::WANDB: model: actor, step: 1842, train_lr: 0.001
TORCHFORT::WANDB: model: alpha, step: 1842, train_loss: -3.17904
TORCHFORT::WANDB: model: alpha, step: 1842, train_lr: 0.0001
TORCHFORT::WANDB: model: critic_0, step: 1843, train_loss: 1.21665
TORCHFORT::WANDB: model: critic_0, step: 1843, train_lr: 0.001
TORCHFORT::WANDB: model: actor, step: 1843, train_loss: -0.586321
TORCHFORT::WANDB: model: actor, step: 1843, train_lr: 0.001
TORCHFORT::WANDB: model: alpha, step: 1843, train_loss: -3.17701
TORCHFORT::WANDB: model: alpha, step: 1843, train_lr: 0.0001
TORCHFORT::WANDB: model: critic_0, step: 1844, train_loss: 1.1099
TORCHFORT::WANDB: model: critic_0, step: 1844, train_lr: 0.001
TORCHFORT::WANDB: model: actor, step: 1844, train_loss: -0.628836
TORCHFORT::WANDB: model: actor, step: 1844, train_lr: 0.001
TORCHFORT::WANDB: model: alpha, step: 1844, train_loss: -3.18055
TORCHFORT::WANDB: model: alpha, step: 1844, train_lr: 0.0001
TORCHFORT::WANDB: model: critic_0, step: 1845, train_loss: 1.15108
TORCHFORT::WANDB: model: critic_0, step: 1845, train_lr: 0.001
TORCHFORT::WANDB: model: actor, step: 1845, train_loss: -0.7027
TORCHFORT::WANDB: model: actor, step: 1845, train_lr: 0.001
TORCHFORT::WANDB: model: alpha, step: 1845, train_loss: -3.17698
TORCHFORT::WANDB: model: alpha, step: 1845, train_lr: 0.0001
TORCHFORT::WANDB: model: critic_0, step: 1846, train_loss: 1.077
TORCHFORT::WANDB: model: critic_0, step: 1846, train_lr: 0.001
TORCHFORT::WANDB: model: actor, step: 1846, train_loss: -0.759862
TORCHFORT::WANDB: model: actor, step: 1846, train_lr: 0.001
TORCHFORT::WANDB: model: alpha, step: 1846, train_loss: -3.17953
TORCHFORT::WANDB: model: alpha, step: 1846, train_lr: 0.0001
TORCHFORT::WANDB: model: critic_0, step: 1847, train_loss: 1.05695
TORCHFORT::WANDB: model: critic_0, step: 1847, train_lr: 0.001
TORCHFORT::WANDB: model: actor, step: 1847, train_loss: -0.727502
TORCHFORT::WANDB: model: actor, step: 1847, train_lr: 0.001
TORCHFORT::WANDB: model: alpha, step: 1847, train_loss: -3.18218
TORCHFORT::WANDB: model: alpha, step: 1847, train_lr: 0.0001
TORCHFORT::WANDB: model: critic_0, step: 1848, train_loss: 1.05084
TORCHFORT::WANDB: model: critic_0, step: 1848, train_lr: 0.001
TORCHFORT::WANDB: model: actor, step: 1848, train_loss: -0.64966
TORCHFORT::WANDB: model: actor, step: 1848, train_lr: 0.001
TORCHFORT::WANDB: model: alpha, step: 1848, train_loss: -3.17645
TORCHFORT::WANDB: model: alpha, step: 1848, train_lr: 0.0001
TORCHFORT::WANDB: model: critic_0, step: 1849, train_loss: 1.20721
TORCHFORT::WANDB: model: critic_0, step: 1849, train_lr: 0.001
TORCHFORT::WANDB: model: actor, step: 1849, train_loss: -0.587009
TORCHFORT::WANDB: model: actor, step: 1849, train_lr: 0.001
TORCHFORT::WANDB: model: alpha, step: 1849, train_loss: -3.17685
TORCHFORT::WANDB: model: alpha, step: 1849, train_lr: 0.0001
TORCHFORT::WANDB: model: critic_0, step: 1850, train_loss: 1.08035
TORCHFORT::WANDB: model: critic_0, step: 1850, train_lr: 0.001
TORCHFORT::WANDB: model: actor, step: 1850, train_loss: -0.597578
TORCHFORT::WANDB: model: actor, step: 1850, train_lr: 0.001
TORCHFORT::WANDB: model: alpha, step: 1850, train_loss: -3.18271
TORCHFORT::WANDB: model: alpha, step: 1850, train_lr: 0.0001
TORCHFORT::WANDB: model: critic_0, step: 1851, train_loss: 1.1004
TORCHFORT::WANDB: model: critic_0, step: 1851, train_lr: 0.001
TORCHFORT::WANDB: model: actor, step: 1851, train_loss: -0.668239
TORCHFORT::WANDB: model: actor, step: 1851, train_lr: 0.001
TORCHFORT::WANDB: model: alpha, step: 1851, train_loss: -3.17973
TORCHFORT::WANDB: model: alpha, step: 1851, train_lr: 0.0001
TORCHFORT::WANDB: model: critic_0, step: 1852, train_loss: 1.04435
TORCHFORT::WANDB: model: critic_0, step: 1852, train_lr: 0.001
TORCHFORT::WANDB: model: actor, step: 1852, train_loss: -0.730246
TORCHFORT::WANDB: model: actor, step: 1852, train_lr: 0.001
TORCHFORT::WANDB: model: alpha, step: 1852, train_loss: -3.17895
TORCHFORT::WANDB: model: alpha, step: 1852, train_lr: 0.0001
TORCHFORT::WANDB: model: critic_0, step: 1853, train_loss: 1.15093
TORCHFORT::WANDB: model: critic_0, step: 1853, train_lr: 0.001
TORCHFORT::WANDB: model: actor, step: 1853, train_loss: -0.7377
TORCHFORT::WANDB: model: actor, step: 1853, train_lr: 0.001
TORCHFORT::WANDB: model: alpha, step: 1853, train_loss: -3.18255
TORCHFORT::WANDB: model: alpha, step: 1853, train_lr: 0.0001
TORCHFORT::WANDB: model: critic_0, step: 1854, train_loss: 1.01234
TORCHFORT::WANDB: model: critic_0, step: 1854, train_lr: 0.001
TORCHFORT::WANDB: model: actor, step: 1854, train_loss: -0.672164
TORCHFORT::WANDB: model: actor, step: 1854, train_lr: 0.001
TORCHFORT::WANDB: model: alpha, step: 1854, train_loss: -3.18326
TORCHFORT::WANDB: model: alpha, step: 1854, train_lr: 0.0001
TORCHFORT::WANDB: model: critic_0, step: 1855, train_loss: 1.12676
TORCHFORT::WANDB: model: critic_0, step: 1855, train_lr: 0.001
TORCHFORT::WANDB: model: actor, step: 1855, train_loss: -0.615092
TORCHFORT::WANDB: model: actor, step: 1855, train_lr: 0.001
TORCHFORT::WANDB: model: alpha, step: 1855, train_loss: -3.18294
TORCHFORT::WANDB: model: alpha, step: 1855, train_lr: 0.0001
TORCHFORT::WANDB: model: critic_0, step: 1856, train_loss: 1.18145
TORCHFORT::WANDB: model: critic_0, step: 1856, train_lr: 0.001
TORCHFORT::WANDB: model: actor, step: 1856, train_loss: -0.623824
TORCHFORT::WANDB: model: actor, step: 1856, train_lr: 0.001
TORCHFORT::WANDB: model: alpha, step: 1856, train_loss: -3.17805
TORCHFORT::WANDB: model: alpha, step: 1856, train_lr: 0.0001
TORCHFORT::WANDB: model: critic_0, step: 1857, train_loss: 1.19048
TORCHFORT::WANDB: model: critic_0, step: 1857, train_lr: 0.001
TORCHFORT::WANDB: model: actor, step: 1857, train_loss: -0.694692
TORCHFORT::WANDB: model: actor, step: 1857, train_lr: 0.001
TORCHFORT::WANDB: model: alpha, step: 1857, train_loss: -3.18305
TORCHFORT::WANDB: model: alpha, step: 1857, train_lr: 0.0001
TORCHFORT::WANDB: model: critic_0, step: 1858, train_loss: 1.15861
TORCHFORT::WANDB: model: critic_0, step: 1858, train_lr: 0.001
TORCHFORT::WANDB: model: actor, step: 1858, train_loss: -0.756229
TORCHFORT::WANDB: model: actor, step: 1858, train_lr: 0.001
TORCHFORT::WANDB: model: alpha, step: 1858, train_loss: -3.18101
TORCHFORT::WANDB: model: alpha, step: 1858, train_lr: 0.0001
TORCHFORT::WANDB: model: critic_0, step: 1859, train_loss: 1.12168
TORCHFORT::WANDB: model: critic_0, step: 1859, train_lr: 0.001
TORCHFORT::WANDB: model: actor, step: 1859, train_loss: -0.740121
TORCHFORT::WANDB: model: actor, step: 1859, train_lr: 0.001
TORCHFORT::WANDB: model: alpha, step: 1859, train_loss: -3.1781
TORCHFORT::WANDB: model: alpha, step: 1859, train_lr: 0.0001
TORCHFORT::WANDB: model: critic_0, step: 1860, train_loss: 1.04359
TORCHFORT::WANDB: model: critic_0, step: 1860, train_lr: 0.001
TORCHFORT::WANDB: model: actor, step: 1860, train_loss: -0.667159
TORCHFORT::WANDB: model: actor, step: 1860, train_lr: 0.001
TORCHFORT::WANDB: model: alpha, step: 1860, train_loss: -3.17842
TORCHFORT::WANDB: model: alpha, step: 1860, train_lr: 0.0001
TORCHFORT::WANDB: model: rlwm, step: 103, reward_sum: 5532.59
TORCHFORT::WANDB: model: rlwm, step: 103, reward_sum: 5532.59
TORCHFORT::WANDB: model: rlwm, step: 103, reward_sum: 5532.59
TORCHFORT::WANDB: model: rlwm, step: 103, reward_sum: 5532.59
TORCHFORT::WANDB: model: critic_0, step: 1861, train_loss: 1.13195
TORCHFORT::WANDB: model: critic_0, step: 1861, train_lr: 0.001
TORCHFORT::WANDB: model: actor, step: 1861, train_loss: -0.643527
TORCHFORT::WANDB: model: actor, step: 1861, train_lr: 0.001
TORCHFORT::WANDB: model: alpha, step: 1861, train_loss: -3.18036
TORCHFORT::WANDB: model: alpha, step: 1861, train_lr: 0.0001
TORCHFORT::WANDB: model: critic_0, step: 1862, train_loss: 1.27356
TORCHFORT::WANDB: model: critic_0, step: 1862, train_lr: 0.001
TORCHFORT::WANDB: model: actor, step: 1862, train_loss: -0.650172
TORCHFORT::WANDB: model: actor, step: 1862, train_lr: 0.001
TORCHFORT::WANDB: model: alpha, step: 1862, train_loss: -3.178
TORCHFORT::WANDB: model: alpha, step: 1862, train_lr: 0.0001
TORCHFORT::WANDB: model: critic_0, step: 1863, train_loss: 1.23365
TORCHFORT::WANDB: model: critic_0, step: 1863, train_lr: 0.001
TORCHFORT::WANDB: model: actor, step: 1863, train_loss: -0.694736
TORCHFORT::WANDB: model: actor, step: 1863, train_lr: 0.001
TORCHFORT::WANDB: model: alpha, step: 1863, train_loss: -3.18576
TORCHFORT::WANDB: model: alpha, step: 1863, train_lr: 0.0001
TORCHFORT::WANDB: model: critic_0, step: 1864, train_loss: 1.03554
TORCHFORT::WANDB: model: critic_0, step: 1864, train_lr: 0.001
TORCHFORT::WANDB: model: actor, step: 1864, train_loss: -0.734238
TORCHFORT::WANDB: model: actor, step: 1864, train_lr: 0.001
TORCHFORT::WANDB: model: alpha, step: 1864, train_loss: -3.18023
TORCHFORT::WANDB: model: alpha, step: 1864, train_lr: 0.0001
TORCHFORT::WANDB: model: critic_0, step: 1865, train_loss: 1.10147
TORCHFORT::WANDB: model: critic_0, step: 1865, train_lr: 0.001
TORCHFORT::WANDB: model: actor, step: 1865, train_loss: -0.738935
TORCHFORT::WANDB: model: actor, step: 1865, train_lr: 0.001
TORCHFORT::WANDB: model: alpha, step: 1865, train_loss: -3.18288
TORCHFORT::WANDB: model: alpha, step: 1865, train_lr: 0.0001
TORCHFORT::WANDB: model: critic_0, step: 1866, train_loss: 1.20065
TORCHFORT::WANDB: model: critic_0, step: 1866, train_lr: 0.001
TORCHFORT::WANDB: model: actor, step: 1866, train_loss: -0.699409
TORCHFORT::WANDB: model: actor, step: 1866, train_lr: 0.001
TORCHFORT::WANDB: model: alpha, step: 1866, train_loss: -3.18169
TORCHFORT::WANDB: model: alpha, step: 1866, train_lr: 0.0001
TORCHFORT::WANDB: model: critic_0, step: 1867, train_loss: 1.24032
TORCHFORT::WANDB: model: critic_0, step: 1867, train_lr: 0.001
TORCHFORT::WANDB: model: actor, step: 1867, train_loss: -0.635851
TORCHFORT::WANDB: model: actor, step: 1867, train_lr: 0.001
TORCHFORT::WANDB: model: alpha, step: 1867, train_loss: -3.17955
TORCHFORT::WANDB: model: alpha, step: 1867, train_lr: 0.0001
TORCHFORT::WANDB: model: critic_0, step: 1868, train_loss: 1.26508
TORCHFORT::WANDB: model: critic_0, step: 1868, train_lr: 0.001
TORCHFORT::WANDB: model: actor, step: 1868, train_loss: -0.641213
TORCHFORT::WANDB: model: actor, step: 1868, train_lr: 0.001
TORCHFORT::WANDB: model: alpha, step: 1868, train_loss: -3.18716
TORCHFORT::WANDB: model: alpha, step: 1868, train_lr: 0.0001
TORCHFORT::WANDB: model: critic_0, step: 1869, train_loss: 1.03451
TORCHFORT::WANDB: model: critic_0, step: 1869, train_lr: 0.001
TORCHFORT::WANDB: model: actor, step: 1869, train_loss: -0.685363
TORCHFORT::WANDB: model: actor, step: 1869, train_lr: 0.001
TORCHFORT::WANDB: model: alpha, step: 1869, train_loss: -3.18229
TORCHFORT::WANDB: model: alpha, step: 1869, train_lr: 0.0001
TORCHFORT::WANDB: model: critic_0, step: 1870, train_loss: 1.24432
TORCHFORT::WANDB: model: critic_0, step: 1870, train_lr: 0.001
TORCHFORT::WANDB: model: actor, step: 1870, train_loss: -0.713748
TORCHFORT::WANDB: model: actor, step: 1870, train_lr: 0.001
TORCHFORT::WANDB: model: alpha, step: 1870, train_loss: -3.18737
TORCHFORT::WANDB: model: alpha, step: 1870, train_lr: 0.0001
TORCHFORT::WANDB: model: critic_0, step: 1871, train_loss: 1.16755
TORCHFORT::WANDB: model: critic_0, step: 1871, train_lr: 0.001
TORCHFORT::WANDB: model: actor, step: 1871, train_loss: -0.715673
TORCHFORT::WANDB: model: actor, step: 1871, train_lr: 0.001
TORCHFORT::WANDB: model: alpha, step: 1871, train_loss: -3.18631
TORCHFORT::WANDB: model: alpha, step: 1871, train_lr: 0.0001
TORCHFORT::WANDB: model: critic_0, step: 1872, train_loss: 1.04441
TORCHFORT::WANDB: model: critic_0, step: 1872, train_lr: 0.001
TORCHFORT::WANDB: model: actor, step: 1872, train_loss: -0.692791
TORCHFORT::WANDB: model: actor, step: 1872, train_lr: 0.001
TORCHFORT::WANDB: model: alpha, step: 1872, train_loss: -3.19105
TORCHFORT::WANDB: model: alpha, step: 1872, train_lr: 0.0001
TORCHFORT::WANDB: model: critic_0, step: 1873, train_loss: 1.07933
TORCHFORT::WANDB: model: critic_0, step: 1873, train_lr: 0.001
TORCHFORT::WANDB: model: actor, step: 1873, train_loss: -0.659822
TORCHFORT::WANDB: model: actor, step: 1873, train_lr: 0.001
TORCHFORT::WANDB: model: alpha, step: 1873, train_loss: -3.18448
TORCHFORT::WANDB: model: alpha, step: 1873, train_lr: 0.0001
TORCHFORT::WANDB: model: critic_0, step: 1874, train_loss: 1.08903
TORCHFORT::WANDB: model: critic_0, step: 1874, train_lr: 0.001
TORCHFORT::WANDB: model: actor, step: 1874, train_loss: -0.629791
TORCHFORT::WANDB: model: actor, step: 1874, train_lr: 0.001
TORCHFORT::WANDB: model: alpha, step: 1874, train_loss: -3.18796
TORCHFORT::WANDB: model: alpha, step: 1874, train_lr: 0.0001
TORCHFORT::WANDB: model: critic_0, step: 1875, train_loss: 1.34931
TORCHFORT::WANDB: model: critic_0, step: 1875, train_lr: 0.001
TORCHFORT::WANDB: model: actor, step: 1875, train_loss: -0.648505
TORCHFORT::WANDB: model: actor, step: 1875, train_lr: 0.001
TORCHFORT::WANDB: model: alpha, step: 1875, train_loss: -3.18946
TORCHFORT::WANDB: model: alpha, step: 1875, train_lr: 0.0001
TORCHFORT::WANDB: model: critic_0, step: 1876, train_loss: 1.1144
TORCHFORT::WANDB: model: critic_0, step: 1876, train_lr: 0.001
TORCHFORT::WANDB: model: actor, step: 1876, train_loss: -0.684791
TORCHFORT::WANDB: model: actor, step: 1876, train_lr: 0.001
TORCHFORT::WANDB: model: alpha, step: 1876, train_loss: -3.18699
TORCHFORT::WANDB: model: alpha, step: 1876, train_lr: 0.0001
TORCHFORT::WANDB: model: critic_0, step: 1877, train_loss: 1.1421
TORCHFORT::WANDB: model: critic_0, step: 1877, train_lr: 0.001
TORCHFORT::WANDB: model: actor, step: 1877, train_loss: -0.721681
TORCHFORT::WANDB: model: actor, step: 1877, train_lr: 0.001
TORCHFORT::WANDB: model: alpha, step: 1877, train_loss: -3.18717
TORCHFORT::WANDB: model: alpha, step: 1877, train_lr: 0.0001
TORCHFORT::WANDB: model: critic_0, step: 1878, train_loss: 1.14052
TORCHFORT::WANDB: model: critic_0, step: 1878, train_lr: 0.001
TORCHFORT::WANDB: model: actor, step: 1878, train_loss: -0.715603
TORCHFORT::WANDB: model: actor, step: 1878, train_lr: 0.001
TORCHFORT::WANDB: model: alpha, step: 1878, train_loss: -3.18902
TORCHFORT::WANDB: model: alpha, step: 1878, train_lr: 0.0001
TORCHFORT::WANDB: model: critic_0, step: 1879, train_loss: 1.1757
TORCHFORT::WANDB: model: critic_0, step: 1879, train_lr: 0.001
TORCHFORT::WANDB: model: actor, step: 1879, train_loss: -0.67957
TORCHFORT::WANDB: model: actor, step: 1879, train_lr: 0.001
TORCHFORT::WANDB: model: alpha, step: 1879, train_loss: -3.18843
TORCHFORT::WANDB: model: alpha, step: 1879, train_lr: 0.0001
TORCHFORT::WANDB: model: critic_0, step: 1880, train_loss: 1.09678
TORCHFORT::WANDB: model: critic_0, step: 1880, train_lr: 0.001
TORCHFORT::WANDB: model: actor, step: 1880, train_loss: -0.654315
TORCHFORT::WANDB: model: actor, step: 1880, train_lr: 0.001
TORCHFORT::WANDB: model: alpha, step: 1880, train_loss: -3.18723
TORCHFORT::WANDB: model: alpha, step: 1880, train_lr: 0.0001
TORCHFORT::WANDB: model: rlwm, step: 104, reward_sum: 6294.46
TORCHFORT::WANDB: model: rlwm, step: 104, reward_sum: 6294.46
TORCHFORT::WANDB: model: rlwm, step: 104, reward_sum: 6294.46
TORCHFORT::WANDB: model: rlwm, step: 104, reward_sum: 6294.46
TORCHFORT::WANDB: model: critic_0, step: 1881, train_loss: 1.10012
TORCHFORT::WANDB: model: critic_0, step: 1881, train_lr: 0.001
TORCHFORT::WANDB: model: actor, step: 1881, train_loss: -0.669272
TORCHFORT::WANDB: model: actor, step: 1881, train_lr: 0.001
TORCHFORT::WANDB: model: alpha, step: 1881, train_loss: -3.1844
TORCHFORT::WANDB: model: alpha, step: 1881, train_lr: 0.0001
TORCHFORT::WANDB: model: critic_0, step: 1882, train_loss: 1.27972
TORCHFORT::WANDB: model: critic_0, step: 1882, train_lr: 0.001
TORCHFORT::WANDB: model: actor, step: 1882, train_loss: -0.692569
TORCHFORT::WANDB: model: actor, step: 1882, train_lr: 0.001
TORCHFORT::WANDB: model: alpha, step: 1882, train_loss: -3.19326
TORCHFORT::WANDB: model: alpha, step: 1882, train_lr: 0.0001
TORCHFORT::WANDB: model: critic_0, step: 1883, train_loss: 1.12346
TORCHFORT::WANDB: model: critic_0, step: 1883, train_lr: 0.001
TORCHFORT::WANDB: model: actor, step: 1883, train_loss: -0.722817
TORCHFORT::WANDB: model: actor, step: 1883, train_lr: 0.001
TORCHFORT::WANDB: model: alpha, step: 1883, train_loss: -3.18956
TORCHFORT::WANDB: model: alpha, step: 1883, train_lr: 0.0001
TORCHFORT::WANDB: model: critic_0, step: 1884, train_loss: 1.22375
TORCHFORT::WANDB: model: critic_0, step: 1884, train_lr: 0.001
TORCHFORT::WANDB: model: actor, step: 1884, train_loss: -0.731097
TORCHFORT::WANDB: model: actor, step: 1884, train_lr: 0.001
TORCHFORT::WANDB: model: alpha, step: 1884, train_loss: -3.18895
TORCHFORT::WANDB: model: alpha, step: 1884, train_lr: 0.0001
TORCHFORT::WANDB: model: critic_0, step: 1885, train_loss: 1.14842
TORCHFORT::WANDB: model: critic_0, step: 1885, train_lr: 0.001
TORCHFORT::WANDB: model: actor, step: 1885, train_loss: -0.713146
TORCHFORT::WANDB: model: actor, step: 1885, train_lr: 0.001
TORCHFORT::WANDB: model: alpha, step: 1885, train_loss: -3.18897
TORCHFORT::WANDB: model: alpha, step: 1885, train_lr: 0.0001
TORCHFORT::WANDB: model: critic_0, step: 1886, train_loss: 1.1854
TORCHFORT::WANDB: model: critic_0, step: 1886, train_lr: 0.001
TORCHFORT::WANDB: model: actor, step: 1886, train_loss: -0.689674
TORCHFORT::WANDB: model: actor, step: 1886, train_lr: 0.001
TORCHFORT::WANDB: model: alpha, step: 1886, train_loss: -3.18323
TORCHFORT::WANDB: model: alpha, step: 1886, train_lr: 0.0001
TORCHFORT::WANDB: model: critic_0, step: 1887, train_loss: 1.17754
TORCHFORT::WANDB: model: critic_0, step: 1887, train_lr: 0.001
TORCHFORT::WANDB: model: actor, step: 1887, train_loss: -0.694848
TORCHFORT::WANDB: model: actor, step: 1887, train_lr: 0.001
TORCHFORT::WANDB: model: alpha, step: 1887, train_loss: -3.18944
TORCHFORT::WANDB: model: alpha, step: 1887, train_lr: 0.0001
TORCHFORT::WANDB: model: critic_0, step: 1888, train_loss: 1.2452
TORCHFORT::WANDB: model: critic_0, step: 1888, train_lr: 0.001
TORCHFORT::WANDB: model: actor, step: 1888, train_loss: -0.666674
TORCHFORT::WANDB: model: actor, step: 1888, train_lr: 0.001
TORCHFORT::WANDB: model: alpha, step: 1888, train_loss: -3.1916
TORCHFORT::WANDB: model: alpha, step: 1888, train_lr: 0.0001
TORCHFORT::WANDB: model: critic_0, step: 1889, train_loss: 1.16839
TORCHFORT::WANDB: model: critic_0, step: 1889, train_lr: 0.001
TORCHFORT::WANDB: model: actor, step: 1889, train_loss: -0.672466
TORCHFORT::WANDB: model: actor, step: 1889, train_lr: 0.001
TORCHFORT::WANDB: model: alpha, step: 1889, train_loss: -3.19351
TORCHFORT::WANDB: model: alpha, step: 1889, train_lr: 0.0001
TORCHFORT::WANDB: model: critic_0, step: 1890, train_loss: 1.22119
TORCHFORT::WANDB: model: critic_0, step: 1890, train_lr: 0.001
TORCHFORT::WANDB: model: actor, step: 1890, train_loss: -0.698281
TORCHFORT::WANDB: model: actor, step: 1890, train_lr: 0.001
TORCHFORT::WANDB: model: alpha, step: 1890, train_loss: -3.19292
TORCHFORT::WANDB: model: alpha, step: 1890, train_lr: 0.0001
TORCHFORT::WANDB: model: critic_0, step: 1891, train_loss: 1.21402
TORCHFORT::WANDB: model: critic_0, step: 1891, train_lr: 0.001
TORCHFORT::WANDB: model: actor, step: 1891, train_loss: -0.716983
TORCHFORT::WANDB: model: actor, step: 1891, train_lr: 0.001
TORCHFORT::WANDB: model: alpha, step: 1891, train_loss: -3.19099
TORCHFORT::WANDB: model: alpha, step: 1891, train_lr: 0.0001
TORCHFORT::WANDB: model: critic_0, step: 1892, train_loss: 1.11628
TORCHFORT::WANDB: model: critic_0, step: 1892, train_lr: 0.001
TORCHFORT::WANDB: model: actor, step: 1892, train_loss: -0.702855
TORCHFORT::WANDB: model: actor, step: 1892, train_lr: 0.001
TORCHFORT::WANDB: model: alpha, step: 1892, train_loss: -3.19291
TORCHFORT::WANDB: model: alpha, step: 1892, train_lr: 0.0001
TORCHFORT::WANDB: model: critic_0, step: 1893, train_loss: 1.18997
TORCHFORT::WANDB: model: critic_0, step: 1893, train_lr: 0.001
TORCHFORT::WANDB: model: actor, step: 1893, train_loss: -0.671642
TORCHFORT::WANDB: model: actor, step: 1893, train_lr: 0.001
TORCHFORT::WANDB: model: alpha, step: 1893, train_loss: -3.18428
TORCHFORT::WANDB: model: alpha, step: 1893, train_lr: 0.0001
TORCHFORT::WANDB: model: critic_0, step: 1894, train_loss: 1.27872
TORCHFORT::WANDB: model: critic_0, step: 1894, train_lr: 0.001
TORCHFORT::WANDB: model: actor, step: 1894, train_loss: -0.680154
TORCHFORT::WANDB: model: actor, step: 1894, train_lr: 0.001
TORCHFORT::WANDB: model: alpha, step: 1894, train_loss: -3.18987
TORCHFORT::WANDB: model: alpha, step: 1894, train_lr: 0.0001
TORCHFORT::WANDB: model: critic_0, step: 1895, train_loss: 1.15871
TORCHFORT::WANDB: model: critic_0, step: 1895, train_lr: 0.001
TORCHFORT::WANDB: model: actor, step: 1895, train_loss: -0.709104
TORCHFORT::WANDB: model: actor, step: 1895, train_lr: 0.001
TORCHFORT::WANDB: model: alpha, step: 1895, train_loss: -3.18917
TORCHFORT::WANDB: model: alpha, step: 1895, train_lr: 0.0001
TORCHFORT::WANDB: model: critic_0, step: 1896, train_loss: 1.1254
TORCHFORT::WANDB: model: critic_0, step: 1896, train_lr: 0.001
TORCHFORT::WANDB: model: actor, step: 1896, train_loss: -0.708738
TORCHFORT::WANDB: model: actor, step: 1896, train_lr: 0.001
TORCHFORT::WANDB: model: alpha, step: 1896, train_loss: -3.18974
TORCHFORT::WANDB: model: alpha, step: 1896, train_lr: 0.0001
TORCHFORT::WANDB: model: critic_0, step: 1897, train_loss: 1.25109
TORCHFORT::WANDB: model: critic_0, step: 1897, train_lr: 0.001
TORCHFORT::WANDB: model: actor, step: 1897, train_loss: -0.714628
TORCHFORT::WANDB: model: actor, step: 1897, train_lr: 0.001
TORCHFORT::WANDB: model: alpha, step: 1897, train_loss: -3.1934
TORCHFORT::WANDB: model: alpha, step: 1897, train_lr: 0.0001
TORCHFORT::WANDB: model: critic_0, step: 1898, train_loss: 1.14232
TORCHFORT::WANDB: model: critic_0, step: 1898, train_lr: 0.001
TORCHFORT::WANDB: model: actor, step: 1898, train_loss: -0.699723
TORCHFORT::WANDB: model: actor, step: 1898, train_lr: 0.001
TORCHFORT::WANDB: model: alpha, step: 1898, train_loss: -3.19108
TORCHFORT::WANDB: model: alpha, step: 1898, train_lr: 0.0001
TORCHFORT::WANDB: model: critic_0, step: 1899, train_loss: 1.13247
TORCHFORT::WANDB: model: critic_0, step: 1899, train_lr: 0.001
TORCHFORT::WANDB: model: actor, step: 1899, train_loss: -0.670201
TORCHFORT::WANDB: model: actor, step: 1899, train_lr: 0.001
TORCHFORT::WANDB: model: alpha, step: 1899, train_loss: -3.19413
TORCHFORT::WANDB: model: alpha, step: 1899, train_lr: 0.0001
TORCHFORT::WANDB: model: critic_0, step: 1900, train_loss: 1.20766
TORCHFORT::WANDB: model: critic_0, step: 1900, train_lr: 0.001
TORCHFORT::WANDB: model: actor, step: 1900, train_loss: -0.658198
TORCHFORT::WANDB: model: actor, step: 1900, train_lr: 0.001
TORCHFORT::WANDB: model: alpha, step: 1900, train_loss: -3.19112
TORCHFORT::WANDB: model: alpha, step: 1900, train_lr: 0.0001
TORCHFORT::WANDB: model: rlwm, step: 105, reward_sum: 3706.88
TORCHFORT::WANDB: model: rlwm, step: 105, reward_sum: 3706.88
TORCHFORT::WANDB: model: rlwm, step: 105, reward_sum: 3706.88
TORCHFORT::WANDB: model: rlwm, step: 105, reward_sum: 3706.88
TORCHFORT::WANDB: model: critic_0, step: 1901, train_loss: 1.22366
TORCHFORT::WANDB: model: critic_0, step: 1901, train_lr: 0.001
TORCHFORT::WANDB: model: actor, step: 1901, train_loss: -0.688955
TORCHFORT::WANDB: model: actor, step: 1901, train_lr: 0.001
TORCHFORT::WANDB: model: alpha, step: 1901, train_loss: -3.19536
TORCHFORT::WANDB: model: alpha, step: 1901, train_lr: 0.0001
TORCHFORT::WANDB: model: critic_0, step: 1902, train_loss: 1.25206
TORCHFORT::WANDB: model: critic_0, step: 1902, train_lr: 0.001
TORCHFORT::WANDB: model: actor, step: 1902, train_loss: -0.724049
TORCHFORT::WANDB: model: actor, step: 1902, train_lr: 0.001
TORCHFORT::WANDB: model: alpha, step: 1902, train_loss: -3.19367
TORCHFORT::WANDB: model: alpha, step: 1902, train_lr: 0.0001
TORCHFORT::WANDB: model: critic_0, step: 1903, train_loss: 1.40915
TORCHFORT::WANDB: model: critic_0, step: 1903, train_lr: 0.001
TORCHFORT::WANDB: model: actor, step: 1903, train_loss: -0.724461
TORCHFORT::WANDB: model: actor, step: 1903, train_lr: 0.001
TORCHFORT::WANDB: model: alpha, step: 1903, train_loss: -3.19338
TORCHFORT::WANDB: model: alpha, step: 1903, train_lr: 0.0001
TORCHFORT::WANDB: model: critic_0, step: 1904, train_loss: 1.29322
TORCHFORT::WANDB: model: critic_0, step: 1904, train_lr: 0.001
TORCHFORT::WANDB: model: actor, step: 1904, train_loss: -0.697518
TORCHFORT::WANDB: model: actor, step: 1904, train_lr: 0.001
TORCHFORT::WANDB: model: alpha, step: 1904, train_loss: -3.19421
TORCHFORT::WANDB: model: alpha, step: 1904, train_lr: 0.0001
TORCHFORT::WANDB: model: critic_0, step: 1905, train_loss: 1.21365
TORCHFORT::WANDB: model: critic_0, step: 1905, train_lr: 0.001
TORCHFORT::WANDB: model: actor, step: 1905, train_loss: -0.655679
TORCHFORT::WANDB: model: actor, step: 1905, train_lr: 0.001
TORCHFORT::WANDB: model: alpha, step: 1905, train_loss: -3.19325
TORCHFORT::WANDB: model: alpha, step: 1905, train_lr: 0.0001
TORCHFORT::WANDB: model: critic_0, step: 1906, train_loss: 1.29143
TORCHFORT::WANDB: model: critic_0, step: 1906, train_lr: 0.001
TORCHFORT::WANDB: model: actor, step: 1906, train_loss: -0.658562
TORCHFORT::WANDB: model: actor, step: 1906, train_lr: 0.001
TORCHFORT::WANDB: model: alpha, step: 1906, train_loss: -3.19763
TORCHFORT::WANDB: model: alpha, step: 1906, train_lr: 0.0001
TORCHFORT::WANDB: model: critic_0, step: 1907, train_loss: 1.34906
TORCHFORT::WANDB: model: critic_0, step: 1907, train_lr: 0.001
TORCHFORT::WANDB: model: actor, step: 1907, train_loss: -0.696296
TORCHFORT::WANDB: model: actor, step: 1907, train_lr: 0.001
TORCHFORT::WANDB: model: alpha, step: 1907, train_loss: -3.20089
TORCHFORT::WANDB: model: alpha, step: 1907, train_lr: 0.0001
TORCHFORT::WANDB: model: critic_0, step: 1908, train_loss: 1.26657
TORCHFORT::WANDB: model: critic_0, step: 1908, train_lr: 0.001
TORCHFORT::WANDB: model: actor, step: 1908, train_loss: -0.721183
TORCHFORT::WANDB: model: actor, step: 1908, train_lr: 0.001
TORCHFORT::WANDB: model: alpha, step: 1908, train_loss: -3.19293
TORCHFORT::WANDB: model: alpha, step: 1908, train_lr: 0.0001
TORCHFORT::WANDB: model: critic_0, step: 1909, train_loss: 1.09399
TORCHFORT::WANDB: model: critic_0, step: 1909, train_lr: 0.001
TORCHFORT::WANDB: model: actor, step: 1909, train_loss: -0.721279
TORCHFORT::WANDB: model: actor, step: 1909, train_lr: 0.001
TORCHFORT::WANDB: model: alpha, step: 1909, train_loss: -3.19728
TORCHFORT::WANDB: model: alpha, step: 1909, train_lr: 0.0001
TORCHFORT::WANDB: model: critic_0, step: 1910, train_loss: 1.20928
TORCHFORT::WANDB: model: critic_0, step: 1910, train_lr: 0.001
TORCHFORT::WANDB: model: actor, step: 1910, train_loss: -0.724257
TORCHFORT::WANDB: model: actor, step: 1910, train_lr: 0.001
TORCHFORT::WANDB: model: alpha, step: 1910, train_loss: -3.19254
TORCHFORT::WANDB: model: alpha, step: 1910, train_lr: 0.0001
TORCHFORT::WANDB: model: critic_0, step: 1911, train_loss: 1.23576
TORCHFORT::WANDB: model: critic_0, step: 1911, train_lr: 0.001
TORCHFORT::WANDB: model: actor, step: 1911, train_loss: -0.69514
TORCHFORT::WANDB: model: actor, step: 1911, train_lr: 0.001
TORCHFORT::WANDB: model: alpha, step: 1911, train_loss: -3.1971
TORCHFORT::WANDB: model: alpha, step: 1911, train_lr: 0.0001
TORCHFORT::WANDB: model: critic_0, step: 1912, train_loss: 1.31618
TORCHFORT::WANDB: model: critic_0, step: 1912, train_lr: 0.001
TORCHFORT::WANDB: model: actor, step: 1912, train_loss: -0.682853
TORCHFORT::WANDB: model: actor, step: 1912, train_lr: 0.001
TORCHFORT::WANDB: model: alpha, step: 1912, train_loss: -3.19226
TORCHFORT::WANDB: model: alpha, step: 1912, train_lr: 0.0001
TORCHFORT::WANDB: model: critic_0, step: 1913, train_loss: 1.25864
TORCHFORT::WANDB: model: critic_0, step: 1913, train_lr: 0.001
TORCHFORT::WANDB: model: actor, step: 1913, train_loss: -0.681909
TORCHFORT::WANDB: model: actor, step: 1913, train_lr: 0.001
TORCHFORT::WANDB: model: alpha, step: 1913, train_loss: -3.19705
TORCHFORT::WANDB: model: alpha, step: 1913, train_lr: 0.0001
TORCHFORT::WANDB: model: critic_0, step: 1914, train_loss: 1.21125
TORCHFORT::WANDB: model: critic_0, step: 1914, train_lr: 0.001
TORCHFORT::WANDB: model: actor, step: 1914, train_loss: -0.664583
TORCHFORT::WANDB: model: actor, step: 1914, train_lr: 0.001
TORCHFORT::WANDB: model: alpha, step: 1914, train_loss: -3.19331
TORCHFORT::WANDB: model: alpha, step: 1914, train_lr: 0.0001
TORCHFORT::WANDB: model: critic_0, step: 1915, train_loss: 1.22337
TORCHFORT::WANDB: model: critic_0, step: 1915, train_lr: 0.001
TORCHFORT::WANDB: model: actor, step: 1915, train_loss: -0.687667
TORCHFORT::WANDB: model: actor, step: 1915, train_lr: 0.001
TORCHFORT::WANDB: model: alpha, step: 1915, train_loss: -3.19518
TORCHFORT::WANDB: model: alpha, step: 1915, train_lr: 0.0001
TORCHFORT::WANDB: model: critic_0, step: 1916, train_loss: 1.29253
TORCHFORT::WANDB: model: critic_0, step: 1916, train_lr: 0.001
TORCHFORT::WANDB: model: actor, step: 1916, train_loss: -0.711392
TORCHFORT::WANDB: model: actor, step: 1916, train_lr: 0.001
TORCHFORT::WANDB: model: alpha, step: 1916, train_loss: -3.19199
TORCHFORT::WANDB: model: alpha, step: 1916, train_lr: 0.0001
TORCHFORT::WANDB: model: critic_0, step: 1917, train_loss: 1.32514
TORCHFORT::WANDB: model: critic_0, step: 1917, train_lr: 0.001
TORCHFORT::WANDB: model: actor, step: 1917, train_loss: -0.712076
TORCHFORT::WANDB: model: actor, step: 1917, train_lr: 0.001
TORCHFORT::WANDB: model: alpha, step: 1917, train_loss: -3.18928
TORCHFORT::WANDB: model: alpha, step: 1917, train_lr: 0.0001
TORCHFORT::WANDB: model: critic_0, step: 1918, train_loss: 1.14953
TORCHFORT::WANDB: model: critic_0, step: 1918, train_lr: 0.001
TORCHFORT::WANDB: model: actor, step: 1918, train_loss: -0.677939
TORCHFORT::WANDB: model: actor, step: 1918, train_lr: 0.001
TORCHFORT::WANDB: model: alpha, step: 1918, train_loss: -3.19594
TORCHFORT::WANDB: model: alpha, step: 1918, train_lr: 0.0001
TORCHFORT::WANDB: model: critic_0, step: 1919, train_loss: 1.30362
TORCHFORT::WANDB: model: critic_0, step: 1919, train_lr: 0.001
TORCHFORT::WANDB: model: actor, step: 1919, train_loss: -0.68086
TORCHFORT::WANDB: model: actor, step: 1919, train_lr: 0.001
TORCHFORT::WANDB: model: alpha, step: 1919, train_loss: -3.19854
TORCHFORT::WANDB: model: alpha, step: 1919, train_lr: 0.0001
TORCHFORT::WANDB: model: critic_0, step: 1920, train_loss: 1.30236
TORCHFORT::WANDB: model: critic_0, step: 1920, train_lr: 0.001
TORCHFORT::WANDB: model: actor, step: 1920, train_loss: -0.715136
TORCHFORT::WANDB: model: actor, step: 1920, train_lr: 0.001
TORCHFORT::WANDB: model: alpha, step: 1920, train_loss: -3.19281
TORCHFORT::WANDB: model: alpha, step: 1920, train_lr: 0.0001
TORCHFORT::WANDB: model: rlwm, step: 106, reward_sum: 5664.57
TORCHFORT::WANDB: model: rlwm, step: 106, reward_sum: 5664.57
TORCHFORT::WANDB: model: rlwm, step: 106, reward_sum: 5664.57
TORCHFORT::WANDB: model: rlwm, step: 106, reward_sum: 5664.57
TORCHFORT::WANDB: model: critic_0, step: 1921, train_loss: 1.41205
TORCHFORT::WANDB: model: critic_0, step: 1921, train_lr: 0.001
TORCHFORT::WANDB: model: actor, step: 1921, train_loss: -0.73575
TORCHFORT::WANDB: model: actor, step: 1921, train_lr: 0.001
TORCHFORT::WANDB: model: alpha, step: 1921, train_loss: -3.19538
TORCHFORT::WANDB: model: alpha, step: 1921, train_lr: 0.0001
TORCHFORT::WANDB: model: critic_0, step: 1922, train_loss: 1.20576
TORCHFORT::WANDB: model: critic_0, step: 1922, train_lr: 0.001
TORCHFORT::WANDB: model: actor, step: 1922, train_loss: -0.731865
TORCHFORT::WANDB: model: actor, step: 1922, train_lr: 0.001
TORCHFORT::WANDB: model: alpha, step: 1922, train_loss: -3.19668
TORCHFORT::WANDB: model: alpha, step: 1922, train_lr: 0.0001
TORCHFORT::WANDB: model: critic_0, step: 1923, train_loss: 1.24752
TORCHFORT::WANDB: model: critic_0, step: 1923, train_lr: 0.001
TORCHFORT::WANDB: model: actor, step: 1923, train_loss: -0.72209
TORCHFORT::WANDB: model: actor, step: 1923, train_lr: 0.001
TORCHFORT::WANDB: model: alpha, step: 1923, train_loss: -3.19749
TORCHFORT::WANDB: model: alpha, step: 1923, train_lr: 0.0001
TORCHFORT::WANDB: model: critic_0, step: 1924, train_loss: 1.26643
TORCHFORT::WANDB: model: critic_0, step: 1924, train_lr: 0.001
TORCHFORT::WANDB: model: actor, step: 1924, train_loss: -0.704485
TORCHFORT::WANDB: model: actor, step: 1924, train_lr: 0.001
TORCHFORT::WANDB: model: alpha, step: 1924, train_loss: -3.19948
TORCHFORT::WANDB: model: alpha, step: 1924, train_lr: 0.0001
TORCHFORT::WANDB: model: critic_0, step: 1925, train_loss: 1.29949
TORCHFORT::WANDB: model: critic_0, step: 1925, train_lr: 0.001
TORCHFORT::WANDB: model: actor, step: 1925, train_loss: -0.706422
TORCHFORT::WANDB: model: actor, step: 1925, train_lr: 0.001
TORCHFORT::WANDB: model: alpha, step: 1925, train_loss: -3.1991
TORCHFORT::WANDB: model: alpha, step: 1925, train_lr: 0.0001
TORCHFORT::WANDB: model: critic_0, step: 1926, train_loss: 1.20328
TORCHFORT::WANDB: model: critic_0, step: 1926, train_lr: 0.001
TORCHFORT::WANDB: model: actor, step: 1926, train_loss: -0.721221
TORCHFORT::WANDB: model: actor, step: 1926, train_lr: 0.001
TORCHFORT::WANDB: model: alpha, step: 1926, train_loss: -3.19809
TORCHFORT::WANDB: model: alpha, step: 1926, train_lr: 0.0001
TORCHFORT::WANDB: model: critic_0, step: 1927, train_loss: 1.25034
TORCHFORT::WANDB: model: critic_0, step: 1927, train_lr: 0.001
TORCHFORT::WANDB: model: actor, step: 1927, train_loss: -0.713452
TORCHFORT::WANDB: model: actor, step: 1927, train_lr: 0.001
TORCHFORT::WANDB: model: alpha, step: 1927, train_loss: -3.1988
TORCHFORT::WANDB: model: alpha, step: 1927, train_lr: 0.0001
TORCHFORT::WANDB: model: critic_0, step: 1928, train_loss: 1.27737
TORCHFORT::WANDB: model: critic_0, step: 1928, train_lr: 0.001
TORCHFORT::WANDB: model: actor, step: 1928, train_loss: -0.690837
TORCHFORT::WANDB: model: actor, step: 1928, train_lr: 0.001
TORCHFORT::WANDB: model: alpha, step: 1928, train_loss: -3.19422
TORCHFORT::WANDB: model: alpha, step: 1928, train_lr: 0.0001
TORCHFORT::WANDB: model: critic_0, step: 1929, train_loss: 1.23438
TORCHFORT::WANDB: model: critic_0, step: 1929, train_lr: 0.001
TORCHFORT::WANDB: model: actor, step: 1929, train_loss: -0.686163
TORCHFORT::WANDB: model: actor, step: 1929, train_lr: 0.001
TORCHFORT::WANDB: model: alpha, step: 1929, train_loss: -3.20157
TORCHFORT::WANDB: model: alpha, step: 1929, train_lr: 0.0001
TORCHFORT::WANDB: model: critic_0, step: 1930, train_loss: 1.22623
TORCHFORT::WANDB: model: critic_0, step: 1930, train_lr: 0.001
TORCHFORT::WANDB: model: actor, step: 1930, train_loss: -0.70634
TORCHFORT::WANDB: model: actor, step: 1930, train_lr: 0.001
TORCHFORT::WANDB: model: alpha, step: 1930, train_loss: -3.19862
TORCHFORT::WANDB: model: alpha, step: 1930, train_lr: 0.0001
TORCHFORT::WANDB: model: critic_0, step: 1931, train_loss: 1.22617
TORCHFORT::WANDB: model: critic_0, step: 1931, train_lr: 0.001
TORCHFORT::WANDB: model: actor, step: 1931, train_loss: -0.738616
TORCHFORT::WANDB: model: actor, step: 1931, train_lr: 0.001
TORCHFORT::WANDB: model: alpha, step: 1931, train_loss: -3.20019
TORCHFORT::WANDB: model: alpha, step: 1931, train_lr: 0.0001
TORCHFORT::WANDB: model: critic_0, step: 1932, train_loss: 1.34033
TORCHFORT::WANDB: model: critic_0, step: 1932, train_lr: 0.001
TORCHFORT::WANDB: model: actor, step: 1932, train_loss: -0.735272
TORCHFORT::WANDB: model: actor, step: 1932, train_lr: 0.001
TORCHFORT::WANDB: model: alpha, step: 1932, train_loss: -3.19793
TORCHFORT::WANDB: model: alpha, step: 1932, train_lr: 0.0001
TORCHFORT::WANDB: model: critic_0, step: 1933, train_loss: 1.2921
TORCHFORT::WANDB: model: critic_0, step: 1933, train_lr: 0.001
TORCHFORT::WANDB: model: actor, step: 1933, train_loss: -0.722693
TORCHFORT::WANDB: model: actor, step: 1933, train_lr: 0.001
TORCHFORT::WANDB: model: alpha, step: 1933, train_loss: -3.19893
TORCHFORT::WANDB: model: alpha, step: 1933, train_lr: 0.0001
TORCHFORT::WANDB: model: critic_0, step: 1934, train_loss: 1.39277
TORCHFORT::WANDB: model: critic_0, step: 1934, train_lr: 0.001
TORCHFORT::WANDB: model: actor, step: 1934, train_loss: -0.705465
TORCHFORT::WANDB: model: actor, step: 1934, train_lr: 0.001
TORCHFORT::WANDB: model: alpha, step: 1934, train_loss: -3.2017
TORCHFORT::WANDB: model: alpha, step: 1934, train_lr: 0.0001
TORCHFORT::WANDB: model: critic_0, step: 1935, train_loss: 1.28501
TORCHFORT::WANDB: model: critic_0, step: 1935, train_lr: 0.001
TORCHFORT::WANDB: model: actor, step: 1935, train_loss: -0.700366
TORCHFORT::WANDB: model: actor, step: 1935, train_lr: 0.001
TORCHFORT::WANDB: model: alpha, step: 1935, train_loss: -3.20279
TORCHFORT::WANDB: model: alpha, step: 1935, train_lr: 0.0001
TORCHFORT::WANDB: model: critic_0, step: 1936, train_loss: 1.26866
TORCHFORT::WANDB: model: critic_0, step: 1936, train_lr: 0.001
TORCHFORT::WANDB: model: actor, step: 1936, train_loss: -0.720432
TORCHFORT::WANDB: model: actor, step: 1936, train_lr: 0.001
TORCHFORT::WANDB: model: alpha, step: 1936, train_loss: -3.19869
TORCHFORT::WANDB: model: alpha, step: 1936, train_lr: 0.0001
TORCHFORT::WANDB: model: critic_0, step: 1937, train_loss: 1.15373
TORCHFORT::WANDB: model: critic_0, step: 1937, train_lr: 0.001
TORCHFORT::WANDB: model: actor, step: 1937, train_loss: -0.732877
TORCHFORT::WANDB: model: actor, step: 1937, train_lr: 0.001
TORCHFORT::WANDB: model: alpha, step: 1937, train_loss: -3.2028
TORCHFORT::WANDB: model: alpha, step: 1937, train_lr: 0.0001
TORCHFORT::WANDB: model: critic_0, step: 1938, train_loss: 1.32949
TORCHFORT::WANDB: model: critic_0, step: 1938, train_lr: 0.001
TORCHFORT::WANDB: model: actor, step: 1938, train_loss: -0.712552
TORCHFORT::WANDB: model: actor, step: 1938, train_lr: 0.001
TORCHFORT::WANDB: model: alpha, step: 1938, train_loss: -3.20311
TORCHFORT::WANDB: model: alpha, step: 1938, train_lr: 0.0001
TORCHFORT::WANDB: model: critic_0, step: 1939, train_loss: 1.27159
TORCHFORT::WANDB: model: critic_0, step: 1939, train_lr: 0.001
TORCHFORT::WANDB: model: actor, step: 1939, train_loss: -0.682713
TORCHFORT::WANDB: model: actor, step: 1939, train_lr: 0.001
TORCHFORT::WANDB: model: alpha, step: 1939, train_loss: -3.20194
TORCHFORT::WANDB: model: alpha, step: 1939, train_lr: 0.0001
TORCHFORT::WANDB: model: critic_0, step: 1940, train_loss: 1.21789
TORCHFORT::WANDB: model: critic_0, step: 1940, train_lr: 0.001
TORCHFORT::WANDB: model: actor, step: 1940, train_loss: -0.695149
TORCHFORT::WANDB: model: actor, step: 1940, train_lr: 0.001
TORCHFORT::WANDB: model: alpha, step: 1940, train_loss: -3.20219
TORCHFORT::WANDB: model: alpha, step: 1940, train_lr: 0.0001
TORCHFORT::WANDB: model: rlwm, step: 107, reward_sum: 7416.31
TORCHFORT::WANDB: model: rlwm, step: 107, reward_sum: 7416.31
TORCHFORT::WANDB: model: rlwm, step: 107, reward_sum: 7416.31
TORCHFORT::WANDB: model: rlwm, step: 107, reward_sum: 7416.31
TORCHFORT::WANDB: model: critic_0, step: 1941, train_loss: 1.34741
TORCHFORT::WANDB: model: critic_0, step: 1941, train_lr: 0.001
TORCHFORT::WANDB: model: actor, step: 1941, train_loss: -0.723906
TORCHFORT::WANDB: model: actor, step: 1941, train_lr: 0.001
TORCHFORT::WANDB: model: alpha, step: 1941, train_loss: -3.20138
TORCHFORT::WANDB: model: alpha, step: 1941, train_lr: 0.0001
TORCHFORT::WANDB: model: critic_0, step: 1942, train_loss: 1.29864
TORCHFORT::WANDB: model: critic_0, step: 1942, train_lr: 0.001
TORCHFORT::WANDB: model: actor, step: 1942, train_loss: -0.732713
TORCHFORT::WANDB: model: actor, step: 1942, train_lr: 0.001
TORCHFORT::WANDB: model: alpha, step: 1942, train_loss: -3.20483
TORCHFORT::WANDB: model: alpha, step: 1942, train_lr: 0.0001
TORCHFORT::WANDB: model: critic_0, step: 1943, train_loss: 1.22574
TORCHFORT::WANDB: model: critic_0, step: 1943, train_lr: 0.001
TORCHFORT::WANDB: model: actor, step: 1943, train_loss: -0.728991
TORCHFORT::WANDB: model: actor, step: 1943, train_lr: 0.001
TORCHFORT::WANDB: model: alpha, step: 1943, train_loss: -3.20312
TORCHFORT::WANDB: model: alpha, step: 1943, train_lr: 0.0001
TORCHFORT::WANDB: model: critic_0, step: 1944, train_loss: 1.34581
TORCHFORT::WANDB: model: critic_0, step: 1944, train_lr: 0.001
TORCHFORT::WANDB: model: actor, step: 1944, train_loss: -0.71503
TORCHFORT::WANDB: model: actor, step: 1944, train_lr: 0.001
TORCHFORT::WANDB: model: alpha, step: 1944, train_loss: -3.2046
TORCHFORT::WANDB: model: alpha, step: 1944, train_lr: 0.0001
TORCHFORT::WANDB: model: critic_0, step: 1945, train_loss: 1.36723
TORCHFORT::WANDB: model: critic_0, step: 1945, train_lr: 0.001
TORCHFORT::WANDB: model: actor, step: 1945, train_loss: -0.691964
TORCHFORT::WANDB: model: actor, step: 1945, train_lr: 0.001
TORCHFORT::WANDB: model: alpha, step: 1945, train_loss: -3.20209
TORCHFORT::WANDB: model: alpha, step: 1945, train_lr: 0.0001
TORCHFORT::WANDB: model: critic_0, step: 1946, train_loss: 1.36742
TORCHFORT::WANDB: model: critic_0, step: 1946, train_lr: 0.001
TORCHFORT::WANDB: model: actor, step: 1946, train_loss: -0.696538
TORCHFORT::WANDB: model: actor, step: 1946, train_lr: 0.001
TORCHFORT::WANDB: model: alpha, step: 1946, train_loss: -3.20232
TORCHFORT::WANDB: model: alpha, step: 1946, train_lr: 0.0001
TORCHFORT::WANDB: model: critic_0, step: 1947, train_loss: 1.25656
TORCHFORT::WANDB: model: critic_0, step: 1947, train_lr: 0.001
TORCHFORT::WANDB: model: actor, step: 1947, train_loss: -0.720946
TORCHFORT::WANDB: model: actor, step: 1947, train_lr: 0.001
TORCHFORT::WANDB: model: alpha, step: 1947, train_loss: -3.20114
TORCHFORT::WANDB: model: alpha, step: 1947, train_lr: 0.0001
TORCHFORT::WANDB: model: critic_0, step: 1948, train_loss: 1.48816
TORCHFORT::WANDB: model: critic_0, step: 1948, train_lr: 0.001
TORCHFORT::WANDB: model: actor, step: 1948, train_loss: -0.742617
TORCHFORT::WANDB: model: actor, step: 1948, train_lr: 0.001
TORCHFORT::WANDB: model: alpha, step: 1948, train_loss: -3.20264
TORCHFORT::WANDB: model: alpha, step: 1948, train_lr: 0.0001
TORCHFORT::WANDB: model: critic_0, step: 1949, train_loss: 1.35962
TORCHFORT::WANDB: model: critic_0, step: 1949, train_lr: 0.001
TORCHFORT::WANDB: model: actor, step: 1949, train_loss: -0.747967
TORCHFORT::WANDB: model: actor, step: 1949, train_lr: 0.001
TORCHFORT::WANDB: model: alpha, step: 1949, train_loss: -3.20238
TORCHFORT::WANDB: model: alpha, step: 1949, train_lr: 0.0001
TORCHFORT::WANDB: model: critic_0, step: 1950, train_loss: 1.32087
TORCHFORT::WANDB: model: critic_0, step: 1950, train_lr: 0.001
TORCHFORT::WANDB: model: actor, step: 1950, train_loss: -0.729752
TORCHFORT::WANDB: model: actor, step: 1950, train_lr: 0.001
TORCHFORT::WANDB: model: alpha, step: 1950, train_loss: -3.20331
TORCHFORT::WANDB: model: alpha, step: 1950, train_lr: 0.0001
TORCHFORT::WANDB: model: critic_0, step: 1951, train_loss: 1.2469
TORCHFORT::WANDB: model: critic_0, step: 1951, train_lr: 0.001
TORCHFORT::WANDB: model: actor, step: 1951, train_loss: -0.70918
TORCHFORT::WANDB: model: actor, step: 1951, train_lr: 0.001
TORCHFORT::WANDB: model: alpha, step: 1951, train_loss: -3.20092
TORCHFORT::WANDB: model: alpha, step: 1951, train_lr: 0.0001
TORCHFORT::WANDB: model: critic_0, step: 1952, train_loss: 1.29365
TORCHFORT::WANDB: model: critic_0, step: 1952, train_lr: 0.001
TORCHFORT::WANDB: model: actor, step: 1952, train_loss: -0.714867
TORCHFORT::WANDB: model: actor, step: 1952, train_lr: 0.001
TORCHFORT::WANDB: model: alpha, step: 1952, train_loss: -3.20785
TORCHFORT::WANDB: model: alpha, step: 1952, train_lr: 0.0001
TORCHFORT::WANDB: model: critic_0, step: 1953, train_loss: 1.3026
TORCHFORT::WANDB: model: critic_0, step: 1953, train_lr: 0.001
TORCHFORT::WANDB: model: actor, step: 1953, train_loss: -0.730198
TORCHFORT::WANDB: model: actor, step: 1953, train_lr: 0.001
TORCHFORT::WANDB: model: alpha, step: 1953, train_loss: -3.20412
TORCHFORT::WANDB: model: alpha, step: 1953, train_lr: 0.0001
TORCHFORT::WANDB: model: critic_0, step: 1954, train_loss: 1.43928
TORCHFORT::WANDB: model: critic_0, step: 1954, train_lr: 0.001
TORCHFORT::WANDB: model: actor, step: 1954, train_loss: -0.746534
TORCHFORT::WANDB: model: actor, step: 1954, train_lr: 0.001
TORCHFORT::WANDB: model: alpha, step: 1954, train_loss: -3.20815
TORCHFORT::WANDB: model: alpha, step: 1954, train_lr: 0.0001
TORCHFORT::WANDB: model: critic_0, step: 1955, train_loss: 1.39149
TORCHFORT::WANDB: model: critic_0, step: 1955, train_lr: 0.001
TORCHFORT::WANDB: model: actor, step: 1955, train_loss: -0.730311
TORCHFORT::WANDB: model: actor, step: 1955, train_lr: 0.001
TORCHFORT::WANDB: model: alpha, step: 1955, train_loss: -3.19777
TORCHFORT::WANDB: model: alpha, step: 1955, train_lr: 0.0001
TORCHFORT::WANDB: model: critic_0, step: 1956, train_loss: 1.29971
TORCHFORT::WANDB: model: critic_0, step: 1956, train_lr: 0.001
TORCHFORT::WANDB: model: actor, step: 1956, train_loss: -0.721202
TORCHFORT::WANDB: model: actor, step: 1956, train_lr: 0.001
TORCHFORT::WANDB: model: alpha, step: 1956, train_loss: -3.20324
TORCHFORT::WANDB: model: alpha, step: 1956, train_lr: 0.0001
TORCHFORT::WANDB: model: critic_0, step: 1957, train_loss: 1.37744
TORCHFORT::WANDB: model: critic_0, step: 1957, train_lr: 0.001
TORCHFORT::WANDB: model: actor, step: 1957, train_loss: -0.696544
TORCHFORT::WANDB: model: actor, step: 1957, train_lr: 0.001
TORCHFORT::WANDB: model: alpha, step: 1957, train_loss: -3.20066
TORCHFORT::WANDB: model: alpha, step: 1957, train_lr: 0.0001
TORCHFORT::WANDB: model: critic_0, step: 1958, train_loss: 1.26755
TORCHFORT::WANDB: model: critic_0, step: 1958, train_lr: 0.001
TORCHFORT::WANDB: model: actor, step: 1958, train_loss: -0.707698
TORCHFORT::WANDB: model: actor, step: 1958, train_lr: 0.001
TORCHFORT::WANDB: model: alpha, step: 1958, train_loss: -3.20464
TORCHFORT::WANDB: model: alpha, step: 1958, train_lr: 0.0001
TORCHFORT::WANDB: model: critic_0, step: 1959, train_loss: 1.3856
TORCHFORT::WANDB: model: critic_0, step: 1959, train_lr: 0.001
TORCHFORT::WANDB: model: actor, step: 1959, train_loss: -0.747093
TORCHFORT::WANDB: model: actor, step: 1959, train_lr: 0.001
TORCHFORT::WANDB: model: alpha, step: 1959, train_loss: -3.20241
TORCHFORT::WANDB: model: alpha, step: 1959, train_lr: 0.0001
TORCHFORT::WANDB: model: critic_0, step: 1960, train_loss: 1.2895
TORCHFORT::WANDB: model: critic_0, step: 1960, train_lr: 0.001
TORCHFORT::WANDB: model: actor, step: 1960, train_loss: -0.77616
TORCHFORT::WANDB: model: actor, step: 1960, train_lr: 0.001
TORCHFORT::WANDB: model: alpha, step: 1960, train_loss: -3.20831
TORCHFORT::WANDB: model: alpha, step: 1960, train_lr: 0.0001
TORCHFORT::WANDB: model: rlwm, step: 108, reward_sum: 4953.72
TORCHFORT::WANDB: model: rlwm, step: 108, reward_sum: 4953.72
TORCHFORT::WANDB: model: rlwm, step: 108, reward_sum: 4953.72
TORCHFORT::WANDB: model: rlwm, step: 108, reward_sum: 4953.72
TORCHFORT::WANDB: model: critic_0, step: 1961, train_loss: 1.71249
TORCHFORT::WANDB: model: critic_0, step: 1961, train_lr: 0.001
TORCHFORT::WANDB: model: actor, step: 1961, train_loss: -0.7575
TORCHFORT::WANDB: model: actor, step: 1961, train_lr: 0.001
TORCHFORT::WANDB: model: alpha, step: 1961, train_loss: -3.20253
TORCHFORT::WANDB: model: alpha, step: 1961, train_lr: 0.0001
TORCHFORT::WANDB: model: critic_0, step: 1962, train_loss: 1.38994
TORCHFORT::WANDB: model: critic_0, step: 1962, train_lr: 0.001
TORCHFORT::WANDB: model: actor, step: 1962, train_loss: -0.728922
TORCHFORT::WANDB: model: actor, step: 1962, train_lr: 0.001
TORCHFORT::WANDB: model: alpha, step: 1962, train_loss: -3.20483
TORCHFORT::WANDB: model: alpha, step: 1962, train_lr: 0.0001
TORCHFORT::WANDB: model: critic_0, step: 1963, train_loss: 1.28341
TORCHFORT::WANDB: model: critic_0, step: 1963, train_lr: 0.001
TORCHFORT::WANDB: model: actor, step: 1963, train_loss: -0.709514
TORCHFORT::WANDB: model: actor, step: 1963, train_lr: 0.001
TORCHFORT::WANDB: model: alpha, step: 1963, train_loss: -3.20622
TORCHFORT::WANDB: model: alpha, step: 1963, train_lr: 0.0001
TORCHFORT::WANDB: model: critic_0, step: 1964, train_loss: 1.36069
TORCHFORT::WANDB: model: critic_0, step: 1964, train_lr: 0.001
TORCHFORT::WANDB: model: actor, step: 1964, train_loss: -0.702561
TORCHFORT::WANDB: model: actor, step: 1964, train_lr: 0.001
TORCHFORT::WANDB: model: alpha, step: 1964, train_loss: -3.20245
TORCHFORT::WANDB: model: alpha, step: 1964, train_lr: 0.0001
TORCHFORT::WANDB: model: critic_0, step: 1965, train_loss: 1.47665
TORCHFORT::WANDB: model: critic_0, step: 1965, train_lr: 0.001
TORCHFORT::WANDB: model: actor, step: 1965, train_loss: -0.732205
TORCHFORT::WANDB: model: actor, step: 1965, train_lr: 0.001
TORCHFORT::WANDB: model: alpha, step: 1965, train_loss: -3.21135
TORCHFORT::WANDB: model: alpha, step: 1965, train_lr: 0.0001
TORCHFORT::WANDB: model: critic_0, step: 1966, train_loss: 1.30065
TORCHFORT::WANDB: model: critic_0, step: 1966, train_lr: 0.001
TORCHFORT::WANDB: model: actor, step: 1966, train_loss: -0.750081
TORCHFORT::WANDB: model: actor, step: 1966, train_lr: 0.001
TORCHFORT::WANDB: model: alpha, step: 1966, train_loss: -3.20326
TORCHFORT::WANDB: model: alpha, step: 1966, train_lr: 0.0001
TORCHFORT::WANDB: model: critic_0, step: 1967, train_loss: 1.39488
TORCHFORT::WANDB: model: critic_0, step: 1967, train_lr: 0.001
TORCHFORT::WANDB: model: actor, step: 1967, train_loss: -0.747619
TORCHFORT::WANDB: model: actor, step: 1967, train_lr: 0.001
TORCHFORT::WANDB: model: alpha, step: 1967, train_loss: -3.20684
TORCHFORT::WANDB: model: alpha, step: 1967, train_lr: 0.0001
TORCHFORT::WANDB: model: critic_0, step: 1968, train_loss: 1.42974
TORCHFORT::WANDB: model: critic_0, step: 1968, train_lr: 0.001
TORCHFORT::WANDB: model: actor, step: 1968, train_loss: -0.749541
TORCHFORT::WANDB: model: actor, step: 1968, train_lr: 0.001
TORCHFORT::WANDB: model: alpha, step: 1968, train_loss: -3.20655
TORCHFORT::WANDB: model: alpha, step: 1968, train_lr: 0.0001
TORCHFORT::WANDB: model: critic_0, step: 1969, train_loss: 1.47392
TORCHFORT::WANDB: model: critic_0, step: 1969, train_lr: 0.001
TORCHFORT::WANDB: model: actor, step: 1969, train_loss: -0.750507
TORCHFORT::WANDB: model: actor, step: 1969, train_lr: 0.001
TORCHFORT::WANDB: model: alpha, step: 1969, train_loss: -3.20852
TORCHFORT::WANDB: model: alpha, step: 1969, train_lr: 0.0001
TORCHFORT::WANDB: model: critic_0, step: 1970, train_loss: 1.42983
TORCHFORT::WANDB: model: critic_0, step: 1970, train_lr: 0.001
TORCHFORT::WANDB: model: actor, step: 1970, train_loss: -0.7188
TORCHFORT::WANDB: model: actor, step: 1970, train_lr: 0.001
TORCHFORT::WANDB: model: alpha, step: 1970, train_loss: -3.20856
TORCHFORT::WANDB: model: alpha, step: 1970, train_lr: 0.0001
TORCHFORT::WANDB: model: critic_0, step: 1971, train_loss: 1.38473
TORCHFORT::WANDB: model: critic_0, step: 1971, train_lr: 0.001
TORCHFORT::WANDB: model: actor, step: 1971, train_loss: -0.721392
TORCHFORT::WANDB: model: actor, step: 1971, train_lr: 0.001
TORCHFORT::WANDB: model: alpha, step: 1971, train_loss: -3.20944
TORCHFORT::WANDB: model: alpha, step: 1971, train_lr: 0.0001
TORCHFORT::WANDB: model: critic_0, step: 1972, train_loss: 1.22584
TORCHFORT::WANDB: model: critic_0, step: 1972, train_lr: 0.001
TORCHFORT::WANDB: model: actor, step: 1972, train_loss: -0.735955
TORCHFORT::WANDB: model: actor, step: 1972, train_lr: 0.001
TORCHFORT::WANDB: model: alpha, step: 1972, train_loss: -3.20822
TORCHFORT::WANDB: model: alpha, step: 1972, train_lr: 0.0001
TORCHFORT::WANDB: model: critic_0, step: 1973, train_loss: 1.25555
TORCHFORT::WANDB: model: critic_0, step: 1973, train_lr: 0.001
TORCHFORT::WANDB: model: actor, step: 1973, train_loss: -0.738457
TORCHFORT::WANDB: model: actor, step: 1973, train_lr: 0.001
TORCHFORT::WANDB: model: alpha, step: 1973, train_loss: -3.21419
TORCHFORT::WANDB: model: alpha, step: 1973, train_lr: 0.0001
TORCHFORT::WANDB: model: critic_0, step: 1974, train_loss: 1.32925
TORCHFORT::WANDB: model: critic_0, step: 1974, train_lr: 0.001
TORCHFORT::WANDB: model: actor, step: 1974, train_loss: -0.753433
TORCHFORT::WANDB: model: actor, step: 1974, train_lr: 0.001
TORCHFORT::WANDB: model: alpha, step: 1974, train_loss: -3.20649
TORCHFORT::WANDB: model: alpha, step: 1974, train_lr: 0.0001
TORCHFORT::WANDB: model: critic_0, step: 1975, train_loss: 1.43811
TORCHFORT::WANDB: model: critic_0, step: 1975, train_lr: 0.001
TORCHFORT::WANDB: model: actor, step: 1975, train_loss: -0.757017
TORCHFORT::WANDB: model: actor, step: 1975, train_lr: 0.001
TORCHFORT::WANDB: model: alpha, step: 1975, train_loss: -3.20671
TORCHFORT::WANDB: model: alpha, step: 1975, train_lr: 0.0001
TORCHFORT::WANDB: model: critic_0, step: 1976, train_loss: 1.36999
TORCHFORT::WANDB: model: critic_0, step: 1976, train_lr: 0.001
TORCHFORT::WANDB: model: actor, step: 1976, train_loss: -0.702358
TORCHFORT::WANDB: model: actor, step: 1976, train_lr: 0.001
TORCHFORT::WANDB: model: alpha, step: 1976, train_loss: -3.21497
TORCHFORT::WANDB: model: alpha, step: 1976, train_lr: 0.0001
TORCHFORT::WANDB: model: critic_0, step: 1977, train_loss: 1.36859
TORCHFORT::WANDB: model: critic_0, step: 1977, train_lr: 0.001
TORCHFORT::WANDB: model: actor, step: 1977, train_loss: -0.690944
TORCHFORT::WANDB: model: actor, step: 1977, train_lr: 0.001
TORCHFORT::WANDB: model: alpha, step: 1977, train_loss: -3.21321
TORCHFORT::WANDB: model: alpha, step: 1977, train_lr: 0.0001
TORCHFORT::WANDB: model: critic_0, step: 1978, train_loss: 1.28355
TORCHFORT::WANDB: model: critic_0, step: 1978, train_lr: 0.001
TORCHFORT::WANDB: model: actor, step: 1978, train_loss: -0.729406
TORCHFORT::WANDB: model: actor, step: 1978, train_lr: 0.001
TORCHFORT::WANDB: model: alpha, step: 1978, train_loss: -3.20888
TORCHFORT::WANDB: model: alpha, step: 1978, train_lr: 0.0001
TORCHFORT::WANDB: model: critic_0, step: 1979, train_loss: 1.29004
TORCHFORT::WANDB: model: critic_0, step: 1979, train_lr: 0.001
TORCHFORT::WANDB: model: actor, step: 1979, train_loss: -0.775234
TORCHFORT::WANDB: model: actor, step: 1979, train_lr: 0.001
TORCHFORT::WANDB: model: alpha, step: 1979, train_loss: -3.20788
TORCHFORT::WANDB: model: alpha, step: 1979, train_lr: 0.0001
TORCHFORT::WANDB: model: critic_0, step: 1980, train_loss: 1.39881
TORCHFORT::WANDB: model: critic_0, step: 1980, train_lr: 0.001
TORCHFORT::WANDB: model: actor, step: 1980, train_loss: -0.788083
TORCHFORT::WANDB: model: actor, step: 1980, train_lr: 0.001
TORCHFORT::WANDB: model: alpha, step: 1980, train_loss: -3.20793
TORCHFORT::WANDB: model: alpha, step: 1980, train_lr: 0.0001
TORCHFORT::WANDB: model: rlwm, step: 109, reward_sum: 7075.9
TORCHFORT::WANDB: model: rlwm, step: 109, reward_sum: 7075.9
TORCHFORT::WANDB: model: rlwm, step: 109, reward_sum: 7075.9
TORCHFORT::WANDB: model: rlwm, step: 109, reward_sum: 7075.9
TORCHFORT::WANDB: model: critic_0, step: 1981, train_loss: 1.38548
TORCHFORT::WANDB: model: critic_0, step: 1981, train_lr: 0.001
TORCHFORT::WANDB: model: actor, step: 1981, train_loss: -0.723347
TORCHFORT::WANDB: model: actor, step: 1981, train_lr: 0.001
TORCHFORT::WANDB: model: alpha, step: 1981, train_loss: -3.21108
TORCHFORT::WANDB: model: alpha, step: 1981, train_lr: 0.0001
TORCHFORT::WANDB: model: critic_0, step: 1982, train_loss: 1.45171
TORCHFORT::WANDB: model: critic_0, step: 1982, train_lr: 0.001
TORCHFORT::WANDB: model: actor, step: 1982, train_loss: -0.69664
TORCHFORT::WANDB: model: actor, step: 1982, train_lr: 0.001
TORCHFORT::WANDB: model: alpha, step: 1982, train_loss: -3.20819
TORCHFORT::WANDB: model: alpha, step: 1982, train_lr: 0.0001
TORCHFORT::WANDB: model: critic_0, step: 1983, train_loss: 1.31926
TORCHFORT::WANDB: model: critic_0, step: 1983, train_lr: 0.001
TORCHFORT::WANDB: model: actor, step: 1983, train_loss: -0.719973
TORCHFORT::WANDB: model: actor, step: 1983, train_lr: 0.001
TORCHFORT::WANDB: model: alpha, step: 1983, train_loss: -3.20547
TORCHFORT::WANDB: model: alpha, step: 1983, train_lr: 0.0001
TORCHFORT::WANDB: model: critic_0, step: 1984, train_loss: 1.43316
TORCHFORT::WANDB: model: critic_0, step: 1984, train_lr: 0.001
TORCHFORT::WANDB: model: actor, step: 1984, train_loss: -0.760828
TORCHFORT::WANDB: model: actor, step: 1984, train_lr: 0.001
TORCHFORT::WANDB: model: alpha, step: 1984, train_loss: -3.20963
TORCHFORT::WANDB: model: alpha, step: 1984, train_lr: 0.0001
TORCHFORT::WANDB: model: critic_0, step: 1985, train_loss: 1.47561
TORCHFORT::WANDB: model: critic_0, step: 1985, train_lr: 0.001
TORCHFORT::WANDB: model: actor, step: 1985, train_loss: -0.767696
TORCHFORT::WANDB: model: actor, step: 1985, train_lr: 0.001
TORCHFORT::WANDB: model: alpha, step: 1985, train_loss: -3.20941
TORCHFORT::WANDB: model: alpha, step: 1985, train_lr: 0.0001
TORCHFORT::WANDB: model: critic_0, step: 1986, train_loss: 1.52491
TORCHFORT::WANDB: model: critic_0, step: 1986, train_lr: 0.001
TORCHFORT::WANDB: model: actor, step: 1986, train_loss: -0.738268
TORCHFORT::WANDB: model: actor, step: 1986, train_lr: 0.001
TORCHFORT::WANDB: model: alpha, step: 1986, train_loss: -3.20986
TORCHFORT::WANDB: model: alpha, step: 1986, train_lr: 0.0001
TORCHFORT::WANDB: model: critic_0, step: 1987, train_loss: 1.3991
TORCHFORT::WANDB: model: critic_0, step: 1987, train_lr: 0.001
TORCHFORT::WANDB: model: actor, step: 1987, train_loss: -0.722994
TORCHFORT::WANDB: model: actor, step: 1987, train_lr: 0.001
TORCHFORT::WANDB: model: alpha, step: 1987, train_loss: -3.21072
TORCHFORT::WANDB: model: alpha, step: 1987, train_lr: 0.0001
TORCHFORT::WANDB: model: critic_0, step: 1988, train_loss: 1.3663
TORCHFORT::WANDB: model: critic_0, step: 1988, train_lr: 0.001
TORCHFORT::WANDB: model: actor, step: 1988, train_loss: -0.728531
TORCHFORT::WANDB: model: actor, step: 1988, train_lr: 0.001
TORCHFORT::WANDB: model: alpha, step: 1988, train_loss: -3.21626
TORCHFORT::WANDB: model: alpha, step: 1988, train_lr: 0.0001
TORCHFORT::WANDB: model: critic_0, step: 1989, train_loss: 1.36964
TORCHFORT::WANDB: model: critic_0, step: 1989, train_lr: 0.001
TORCHFORT::WANDB: model: actor, step: 1989, train_loss: -0.734978
TORCHFORT::WANDB: model: actor, step: 1989, train_lr: 0.001
TORCHFORT::WANDB: model: alpha, step: 1989, train_loss: -3.21217
TORCHFORT::WANDB: model: alpha, step: 1989, train_lr: 0.0001
TORCHFORT::WANDB: model: critic_0, step: 1990, train_loss: 1.50436
TORCHFORT::WANDB: model: critic_0, step: 1990, train_lr: 0.001
TORCHFORT::WANDB: model: actor, step: 1990, train_loss: -0.738534
TORCHFORT::WANDB: model: actor, step: 1990, train_lr: 0.001
TORCHFORT::WANDB: model: alpha, step: 1990, train_loss: -3.2106
TORCHFORT::WANDB: model: alpha, step: 1990, train_lr: 0.0001
TORCHFORT::WANDB: model: critic_0, step: 1991, train_loss: 1.32659
TORCHFORT::WANDB: model: critic_0, step: 1991, train_lr: 0.001
TORCHFORT::WANDB: model: actor, step: 1991, train_loss: -0.730054
TORCHFORT::WANDB: model: actor, step: 1991, train_lr: 0.001
TORCHFORT::WANDB: model: alpha, step: 1991, train_loss: -3.21185
TORCHFORT::WANDB: model: alpha, step: 1991, train_lr: 0.0001
TORCHFORT::WANDB: model: critic_0, step: 1992, train_loss: 1.39803
TORCHFORT::WANDB: model: critic_0, step: 1992, train_lr: 0.001
TORCHFORT::WANDB: model: actor, step: 1992, train_loss: -0.727022
TORCHFORT::WANDB: model: actor, step: 1992, train_lr: 0.001
TORCHFORT::WANDB: model: alpha, step: 1992, train_loss: -3.20844
TORCHFORT::WANDB: model: alpha, step: 1992, train_lr: 0.0001
TORCHFORT::WANDB: model: critic_0, step: 1993, train_loss: 1.46657
TORCHFORT::WANDB: model: critic_0, step: 1993, train_lr: 0.001
TORCHFORT::WANDB: model: actor, step: 1993, train_loss: -0.727892
TORCHFORT::WANDB: model: actor, step: 1993, train_lr: 0.001
TORCHFORT::WANDB: model: alpha, step: 1993, train_loss: -3.21426
TORCHFORT::WANDB: model: alpha, step: 1993, train_lr: 0.0001
TORCHFORT::WANDB: model: critic_0, step: 1994, train_loss: 1.42452
TORCHFORT::WANDB: model: critic_0, step: 1994, train_lr: 0.001
TORCHFORT::WANDB: model: actor, step: 1994, train_loss: -0.727745
TORCHFORT::WANDB: model: actor, step: 1994, train_lr: 0.001
TORCHFORT::WANDB: model: alpha, step: 1994, train_loss: -3.21279
TORCHFORT::WANDB: model: alpha, step: 1994, train_lr: 0.0001
TORCHFORT::WANDB: model: critic_0, step: 1995, train_loss: 1.31275
TORCHFORT::WANDB: model: critic_0, step: 1995, train_lr: 0.001
TORCHFORT::WANDB: model: actor, step: 1995, train_loss: -0.739386
TORCHFORT::WANDB: model: actor, step: 1995, train_lr: 0.001
TORCHFORT::WANDB: model: alpha, step: 1995, train_loss: -3.20664
TORCHFORT::WANDB: model: alpha, step: 1995, train_lr: 0.0001
TORCHFORT::WANDB: model: critic_0, step: 1996, train_loss: 1.44424
TORCHFORT::WANDB: model: critic_0, step: 1996, train_lr: 0.001
TORCHFORT::WANDB: model: actor, step: 1996, train_loss: -0.762015
TORCHFORT::WANDB: model: actor, step: 1996, train_lr: 0.001
TORCHFORT::WANDB: model: alpha, step: 1996, train_loss: -3.21339
TORCHFORT::WANDB: model: alpha, step: 1996, train_lr: 0.0001
TORCHFORT::WANDB: model: critic_0, step: 1997, train_loss: 1.56198
TORCHFORT::WANDB: model: critic_0, step: 1997, train_lr: 0.001
TORCHFORT::WANDB: model: actor, step: 1997, train_loss: -0.772254
TORCHFORT::WANDB: model: actor, step: 1997, train_lr: 0.001
TORCHFORT::WANDB: model: alpha, step: 1997, train_loss: -3.20977
TORCHFORT::WANDB: model: alpha, step: 1997, train_lr: 0.0001
TORCHFORT::WANDB: model: critic_0, step: 1998, train_loss: 1.43794
TORCHFORT::WANDB: model: critic_0, step: 1998, train_lr: 0.001
TORCHFORT::WANDB: model: actor, step: 1998, train_loss: -0.758748
TORCHFORT::WANDB: model: actor, step: 1998, train_lr: 0.001
TORCHFORT::WANDB: model: alpha, step: 1998, train_loss: -3.20952
TORCHFORT::WANDB: model: alpha, step: 1998, train_lr: 0.0001
TORCHFORT::WANDB: model: critic_0, step: 1999, train_loss: 1.35225
TORCHFORT::WANDB: model: critic_0, step: 1999, train_lr: 0.001
TORCHFORT::WANDB: model: actor, step: 1999, train_loss: -0.738716
TORCHFORT::WANDB: model: actor, step: 1999, train_lr: 0.001
TORCHFORT::WANDB: model: alpha, step: 1999, train_loss: -3.21139
TORCHFORT::WANDB: model: alpha, step: 1999, train_lr: 0.0001
TORCHFORT::WANDB: model: critic_0, step: 2000, train_loss: 1.30853
TORCHFORT::WANDB: model: critic_0, step: 2000, train_lr: 0.001
TORCHFORT::WANDB: model: actor, step: 2000, train_loss: -0.737407
TORCHFORT::WANDB: model: actor, step: 2000, train_lr: 0.001
TORCHFORT::WANDB: model: alpha, step: 2000, train_loss: -3.21347
TORCHFORT::WANDB: model: alpha, step: 2000, train_lr: 0.0001
TORCHFORT::WANDB: model: rlwm, step: 110, reward_sum: 6903.03
TORCHFORT::WANDB: model: rlwm, step: 110, reward_sum: 6903.03
TORCHFORT::WANDB: model: rlwm, step: 110, reward_sum: 6903.03
TORCHFORT::WANDB: model: rlwm, step: 110, reward_sum: 6903.03
TORCHFORT::WANDB: model: critic_0, step: 2001, train_loss: 1.45441
TORCHFORT::WANDB: model: critic_0, step: 2001, train_lr: 0.001
TORCHFORT::WANDB: model: actor, step: 2001, train_loss: -0.75712
TORCHFORT::WANDB: model: actor, step: 2001, train_lr: 0.001
TORCHFORT::WANDB: model: alpha, step: 2001, train_loss: -3.21195
TORCHFORT::WANDB: model: alpha, step: 2001, train_lr: 0.0001
TORCHFORT::WANDB: model: critic_0, step: 2002, train_loss: 1.39549
TORCHFORT::WANDB: model: critic_0, step: 2002, train_lr: 0.001
TORCHFORT::WANDB: model: actor, step: 2002, train_loss: -0.758272
TORCHFORT::WANDB: model: actor, step: 2002, train_lr: 0.001
TORCHFORT::WANDB: model: alpha, step: 2002, train_loss: -3.21216
TORCHFORT::WANDB: model: alpha, step: 2002, train_lr: 0.0001
TORCHFORT::WANDB: model: critic_0, step: 2003, train_loss: 1.39683
TORCHFORT::WANDB: model: critic_0, step: 2003, train_lr: 0.001
TORCHFORT::WANDB: model: actor, step: 2003, train_loss: -0.739523
TORCHFORT::WANDB: model: actor, step: 2003, train_lr: 0.001
TORCHFORT::WANDB: model: alpha, step: 2003, train_loss: -3.21839
TORCHFORT::WANDB: model: alpha, step: 2003, train_lr: 0.0001
TORCHFORT::WANDB: model: critic_0, step: 2004, train_loss: 1.5089
TORCHFORT::WANDB: model: critic_0, step: 2004, train_lr: 0.001
TORCHFORT::WANDB: model: actor, step: 2004, train_loss: -0.71413
TORCHFORT::WANDB: model: actor, step: 2004, train_lr: 0.001
TORCHFORT::WANDB: model: alpha, step: 2004, train_loss: -3.21576
TORCHFORT::WANDB: model: alpha, step: 2004, train_lr: 0.0001
TORCHFORT::WANDB: model: critic_0, step: 2005, train_loss: 1.55188
TORCHFORT::WANDB: model: critic_0, step: 2005, train_lr: 0.001
TORCHFORT::WANDB: model: actor, step: 2005, train_loss: -0.70963
TORCHFORT::WANDB: model: actor, step: 2005, train_lr: 0.001
TORCHFORT::WANDB: model: alpha, step: 2005, train_loss: -3.21755
TORCHFORT::WANDB: model: alpha, step: 2005, train_lr: 0.0001
TORCHFORT::WANDB: model: critic_0, step: 2006, train_loss: 1.36824
TORCHFORT::WANDB: model: critic_0, step: 2006, train_lr: 0.001
TORCHFORT::WANDB: model: actor, step: 2006, train_loss: -0.75447
TORCHFORT::WANDB: model: actor, step: 2006, train_lr: 0.001
TORCHFORT::WANDB: model: alpha, step: 2006, train_loss: -3.21556
TORCHFORT::WANDB: model: alpha, step: 2006, train_lr: 0.0001
TORCHFORT::WANDB: model: critic_0, step: 2007, train_loss: 1.36335
TORCHFORT::WANDB: model: critic_0, step: 2007, train_lr: 0.001
TORCHFORT::WANDB: model: actor, step: 2007, train_loss: -0.794913
TORCHFORT::WANDB: model: actor, step: 2007, train_lr: 0.001
TORCHFORT::WANDB: model: alpha, step: 2007, train_loss: -3.21184
TORCHFORT::WANDB: model: alpha, step: 2007, train_lr: 0.0001
TORCHFORT::WANDB: model: critic_0, step: 2008, train_loss: 1.36695
TORCHFORT::WANDB: model: critic_0, step: 2008, train_lr: 0.001
TORCHFORT::WANDB: model: actor, step: 2008, train_loss: -0.77573
TORCHFORT::WANDB: model: actor, step: 2008, train_lr: 0.001
TORCHFORT::WANDB: model: alpha, step: 2008, train_loss: -3.21558
TORCHFORT::WANDB: model: alpha, step: 2008, train_lr: 0.0001
TORCHFORT::WANDB: model: critic_0, step: 2009, train_loss: 1.42764
TORCHFORT::WANDB: model: critic_0, step: 2009, train_lr: 0.001
TORCHFORT::WANDB: model: actor, step: 2009, train_loss: -0.746018
TORCHFORT::WANDB: model: actor, step: 2009, train_lr: 0.001
TORCHFORT::WANDB: model: alpha, step: 2009, train_loss: -3.21162
TORCHFORT::WANDB: model: alpha, step: 2009, train_lr: 0.0001
TORCHFORT::WANDB: model: critic_0, step: 2010, train_loss: 1.49623
TORCHFORT::WANDB: model: critic_0, step: 2010, train_lr: 0.001
TORCHFORT::WANDB: model: actor, step: 2010, train_loss: -0.73091
TORCHFORT::WANDB: model: actor, step: 2010, train_lr: 0.001
TORCHFORT::WANDB: model: alpha, step: 2010, train_loss: -3.21607
TORCHFORT::WANDB: model: alpha, step: 2010, train_lr: 0.0001
TORCHFORT::WANDB: model: critic_0, step: 2011, train_loss: 1.39625
TORCHFORT::WANDB: model: critic_0, step: 2011, train_lr: 0.001
TORCHFORT::WANDB: model: actor, step: 2011, train_loss: -0.72779
TORCHFORT::WANDB: model: actor, step: 2011, train_lr: 0.001
TORCHFORT::WANDB: model: alpha, step: 2011, train_loss: -3.21443
TORCHFORT::WANDB: model: alpha, step: 2011, train_lr: 0.0001
TORCHFORT::WANDB: model: critic_0, step: 2012, train_loss: 1.39407
TORCHFORT::WANDB: model: critic_0, step: 2012, train_lr: 0.001
TORCHFORT::WANDB: model: actor, step: 2012, train_loss: -0.746772
TORCHFORT::WANDB: model: actor, step: 2012, train_lr: 0.001
TORCHFORT::WANDB: model: alpha, step: 2012, train_loss: -3.218
TORCHFORT::WANDB: model: alpha, step: 2012, train_lr: 0.0001
TORCHFORT::WANDB: model: critic_0, step: 2013, train_loss: 1.46044
TORCHFORT::WANDB: model: critic_0, step: 2013, train_lr: 0.001
TORCHFORT::WANDB: model: actor, step: 2013, train_loss: -0.764535
TORCHFORT::WANDB: model: actor, step: 2013, train_lr: 0.001
TORCHFORT::WANDB: model: alpha, step: 2013, train_loss: -3.21157
TORCHFORT::WANDB: model: alpha, step: 2013, train_lr: 0.0001
TORCHFORT::WANDB: model: critic_0, step: 2014, train_loss: 1.44808
TORCHFORT::WANDB: model: critic_0, step: 2014, train_lr: 0.001
TORCHFORT::WANDB: model: actor, step: 2014, train_loss: -0.769471
TORCHFORT::WANDB: model: actor, step: 2014, train_lr: 0.001
TORCHFORT::WANDB: model: alpha, step: 2014, train_loss: -3.21947
TORCHFORT::WANDB: model: alpha, step: 2014, train_lr: 0.0001
TORCHFORT::WANDB: model: critic_0, step: 2015, train_loss: 1.51647
TORCHFORT::WANDB: model: critic_0, step: 2015, train_lr: 0.001
TORCHFORT::WANDB: model: actor, step: 2015, train_loss: -0.769999
TORCHFORT::WANDB: model: actor, step: 2015, train_lr: 0.001
TORCHFORT::WANDB: model: alpha, step: 2015, train_loss: -3.21511
TORCHFORT::WANDB: model: alpha, step: 2015, train_lr: 0.0001
TORCHFORT::WANDB: model: critic_0, step: 2016, train_loss: 1.45418
TORCHFORT::WANDB: model: critic_0, step: 2016, train_lr: 0.001
TORCHFORT::WANDB: model: actor, step: 2016, train_loss: -0.750414
TORCHFORT::WANDB: model: actor, step: 2016, train_lr: 0.001
TORCHFORT::WANDB: model: alpha, step: 2016, train_loss: -3.21628
TORCHFORT::WANDB: model: alpha, step: 2016, train_lr: 0.0001
TORCHFORT::WANDB: model: critic_0, step: 2017, train_loss: 1.46744
TORCHFORT::WANDB: model: critic_0, step: 2017, train_lr: 0.001
TORCHFORT::WANDB: model: actor, step: 2017, train_loss: -0.753889
TORCHFORT::WANDB: model: actor, step: 2017, train_lr: 0.001
TORCHFORT::WANDB: model: alpha, step: 2017, train_loss: -3.21736
TORCHFORT::WANDB: model: alpha, step: 2017, train_lr: 0.0001
TORCHFORT::WANDB: model: critic_0, step: 2018, train_loss: 1.44206
TORCHFORT::WANDB: model: critic_0, step: 2018, train_lr: 0.001
TORCHFORT::WANDB: model: actor, step: 2018, train_loss: -0.757641
TORCHFORT::WANDB: model: actor, step: 2018, train_lr: 0.001
TORCHFORT::WANDB: model: alpha, step: 2018, train_loss: -3.22083
TORCHFORT::WANDB: model: alpha, step: 2018, train_lr: 0.0001
TORCHFORT::WANDB: model: critic_0, step: 2019, train_loss: 1.43131
TORCHFORT::WANDB: model: critic_0, step: 2019, train_lr: 0.001
TORCHFORT::WANDB: model: actor, step: 2019, train_loss: -0.752622
TORCHFORT::WANDB: model: actor, step: 2019, train_lr: 0.001
TORCHFORT::WANDB: model: alpha, step: 2019, train_loss: -3.21719
TORCHFORT::WANDB: model: alpha, step: 2019, train_lr: 0.0001
TORCHFORT::WANDB: model: critic_0, step: 2020, train_loss: 1.40687
TORCHFORT::WANDB: model: critic_0, step: 2020, train_lr: 0.001
TORCHFORT::WANDB: model: actor, step: 2020, train_loss: -0.749238
TORCHFORT::WANDB: model: actor, step: 2020, train_lr: 0.001
TORCHFORT::WANDB: model: alpha, step: 2020, train_loss: -3.2127
TORCHFORT::WANDB: model: alpha, step: 2020, train_lr: 0.0001
TORCHFORT::WANDB: model: rlwm, step: 111, reward_sum: 8238.18
TORCHFORT::WANDB: model: rlwm, step: 111, reward_sum: 8238.18
TORCHFORT::WANDB: model: rlwm, step: 111, reward_sum: 8238.18
TORCHFORT::WANDB: model: rlwm, step: 111, reward_sum: 8238.18
TORCHFORT::WANDB: model: critic_0, step: 2021, train_loss: 1.6185
TORCHFORT::WANDB: model: critic_0, step: 2021, train_lr: 0.001
TORCHFORT::WANDB: model: actor, step: 2021, train_loss: -0.734718
TORCHFORT::WANDB: model: actor, step: 2021, train_lr: 0.001
TORCHFORT::WANDB: model: alpha, step: 2021, train_loss: -3.21686
TORCHFORT::WANDB: model: alpha, step: 2021, train_lr: 0.0001
TORCHFORT::WANDB: model: critic_0, step: 2022, train_loss: 1.51199
TORCHFORT::WANDB: model: critic_0, step: 2022, train_lr: 0.001
TORCHFORT::WANDB: model: actor, step: 2022, train_loss: -0.744222
TORCHFORT::WANDB: model: actor, step: 2022, train_lr: 0.001
TORCHFORT::WANDB: model: alpha, step: 2022, train_loss: -3.21609
TORCHFORT::WANDB: model: alpha, step: 2022, train_lr: 0.0001
TORCHFORT::WANDB: model: critic_0, step: 2023, train_loss: 1.6817
TORCHFORT::WANDB: model: critic_0, step: 2023, train_lr: 0.001
TORCHFORT::WANDB: model: actor, step: 2023, train_loss: -0.767015
TORCHFORT::WANDB: model: actor, step: 2023, train_lr: 0.001
TORCHFORT::WANDB: model: alpha, step: 2023, train_loss: -3.21766
TORCHFORT::WANDB: model: alpha, step: 2023, train_lr: 0.0001
TORCHFORT::WANDB: model: critic_0, step: 2024, train_loss: 1.54311
TORCHFORT::WANDB: model: critic_0, step: 2024, train_lr: 0.001
TORCHFORT::WANDB: model: actor, step: 2024, train_loss: -0.784907
TORCHFORT::WANDB: model: actor, step: 2024, train_lr: 0.001
TORCHFORT::WANDB: model: alpha, step: 2024, train_loss: -3.21842
TORCHFORT::WANDB: model: alpha, step: 2024, train_lr: 0.0001
TORCHFORT::WANDB: model: critic_0, step: 2025, train_loss: 1.51738
TORCHFORT::WANDB: model: critic_0, step: 2025, train_lr: 0.001
TORCHFORT::WANDB: model: actor, step: 2025, train_loss: -0.782992
TORCHFORT::WANDB: model: actor, step: 2025, train_lr: 0.001
TORCHFORT::WANDB: model: alpha, step: 2025, train_loss: -3.21431
TORCHFORT::WANDB: model: alpha, step: 2025, train_lr: 0.0001
TORCHFORT::WANDB: model: critic_0, step: 2026, train_loss: 1.39987
TORCHFORT::WANDB: model: critic_0, step: 2026, train_lr: 0.001
TORCHFORT::WANDB: model: actor, step: 2026, train_loss: -0.767505
TORCHFORT::WANDB: model: actor, step: 2026, train_lr: 0.001
TORCHFORT::WANDB: model: alpha, step: 2026, train_loss: -3.21826
TORCHFORT::WANDB: model: alpha, step: 2026, train_lr: 0.0001
TORCHFORT::WANDB: model: critic_0, step: 2027, train_loss: 1.57025
TORCHFORT::WANDB: model: critic_0, step: 2027, train_lr: 0.001
TORCHFORT::WANDB: model: actor, step: 2027, train_loss: -0.773005
TORCHFORT::WANDB: model: actor, step: 2027, train_lr: 0.001
TORCHFORT::WANDB: model: alpha, step: 2027, train_loss: -3.21813
TORCHFORT::WANDB: model: alpha, step: 2027, train_lr: 0.0001
TORCHFORT::WANDB: model: critic_0, step: 2028, train_loss: 1.49244
TORCHFORT::WANDB: model: critic_0, step: 2028, train_lr: 0.001
TORCHFORT::WANDB: model: actor, step: 2028, train_loss: -0.761543
TORCHFORT::WANDB: model: actor, step: 2028, train_lr: 0.001
TORCHFORT::WANDB: model: alpha, step: 2028, train_loss: -3.21752
TORCHFORT::WANDB: model: alpha, step: 2028, train_lr: 0.0001
TORCHFORT::WANDB: model: critic_0, step: 2029, train_loss: 1.49527
TORCHFORT::WANDB: model: critic_0, step: 2029, train_lr: 0.001
TORCHFORT::WANDB: model: actor, step: 2029, train_loss: -0.72932
TORCHFORT::WANDB: model: actor, step: 2029, train_lr: 0.001
TORCHFORT::WANDB: model: alpha, step: 2029, train_loss: -3.21649
TORCHFORT::WANDB: model: alpha, step: 2029, train_lr: 0.0001
TORCHFORT::WANDB: model: critic_0, step: 2030, train_loss: 1.53762
TORCHFORT::WANDB: model: critic_0, step: 2030, train_lr: 0.001
TORCHFORT::WANDB: model: actor, step: 2030, train_loss: -0.755696
TORCHFORT::WANDB: model: actor, step: 2030, train_lr: 0.001
TORCHFORT::WANDB: model: alpha, step: 2030, train_loss: -3.22172
TORCHFORT::WANDB: model: alpha, step: 2030, train_lr: 0.0001
TORCHFORT::WANDB: model: critic_0, step: 2031, train_loss: 1.43948
TORCHFORT::WANDB: model: critic_0, step: 2031, train_lr: 0.001
TORCHFORT::WANDB: model: actor, step: 2031, train_loss: -0.781369
TORCHFORT::WANDB: model: actor, step: 2031, train_lr: 0.001
TORCHFORT::WANDB: model: alpha, step: 2031, train_loss: -3.21526
TORCHFORT::WANDB: model: alpha, step: 2031, train_lr: 0.0001
TORCHFORT::WANDB: model: critic_0, step: 2032, train_loss: 1.57675
TORCHFORT::WANDB: model: critic_0, step: 2032, train_lr: 0.001
TORCHFORT::WANDB: model: actor, step: 2032, train_loss: -0.793466
TORCHFORT::WANDB: model: actor, step: 2032, train_lr: 0.001
TORCHFORT::WANDB: model: alpha, step: 2032, train_loss: -3.22027
TORCHFORT::WANDB: model: alpha, step: 2032, train_lr: 0.0001
TORCHFORT::WANDB: model: critic_0, step: 2033, train_loss: 1.5662
TORCHFORT::WANDB: model: critic_0, step: 2033, train_lr: 0.001
TORCHFORT::WANDB: model: actor, step: 2033, train_loss: -0.785914
TORCHFORT::WANDB: model: actor, step: 2033, train_lr: 0.001
TORCHFORT::WANDB: model: alpha, step: 2033, train_loss: -3.2187
TORCHFORT::WANDB: model: alpha, step: 2033, train_lr: 0.0001
TORCHFORT::WANDB: model: critic_0, step: 2034, train_loss: 1.49906
TORCHFORT::WANDB: model: critic_0, step: 2034, train_lr: 0.001
TORCHFORT::WANDB: model: actor, step: 2034, train_loss: -0.761302
TORCHFORT::WANDB: model: actor, step: 2034, train_lr: 0.001
TORCHFORT::WANDB: model: alpha, step: 2034, train_loss: -3.21531
TORCHFORT::WANDB: model: alpha, step: 2034, train_lr: 0.0001
TORCHFORT::WANDB: model: critic_0, step: 2035, train_loss: 1.49223
TORCHFORT::WANDB: model: critic_0, step: 2035, train_lr: 0.001
TORCHFORT::WANDB: model: actor, step: 2035, train_loss: -0.765308
TORCHFORT::WANDB: model: actor, step: 2035, train_lr: 0.001
TORCHFORT::WANDB: model: alpha, step: 2035, train_loss: -3.22057
TORCHFORT::WANDB: model: alpha, step: 2035, train_lr: 0.0001
TORCHFORT::WANDB: model: critic_0, step: 2036, train_loss: 1.5357
TORCHFORT::WANDB: model: critic_0, step: 2036, train_lr: 0.001
TORCHFORT::WANDB: model: actor, step: 2036, train_loss: -0.769264
TORCHFORT::WANDB: model: actor, step: 2036, train_lr: 0.001
TORCHFORT::WANDB: model: alpha, step: 2036, train_loss: -3.21936
TORCHFORT::WANDB: model: alpha, step: 2036, train_lr: 0.0001
TORCHFORT::WANDB: model: critic_0, step: 2037, train_loss: 1.62666
TORCHFORT::WANDB: model: critic_0, step: 2037, train_lr: 0.001
TORCHFORT::WANDB: model: actor, step: 2037, train_loss: -0.783792
TORCHFORT::WANDB: model: actor, step: 2037, train_lr: 0.001
TORCHFORT::WANDB: model: alpha, step: 2037, train_loss: -3.22497
TORCHFORT::WANDB: model: alpha, step: 2037, train_lr: 0.0001
TORCHFORT::WANDB: model: critic_0, step: 2038, train_loss: 1.48795
TORCHFORT::WANDB: model: critic_0, step: 2038, train_lr: 0.001
TORCHFORT::WANDB: model: actor, step: 2038, train_loss: -0.78471
TORCHFORT::WANDB: model: actor, step: 2038, train_lr: 0.001
TORCHFORT::WANDB: model: alpha, step: 2038, train_loss: -3.22263
TORCHFORT::WANDB: model: alpha, step: 2038, train_lr: 0.0001
TORCHFORT::WANDB: model: critic_0, step: 2039, train_loss: 1.52774
TORCHFORT::WANDB: model: critic_0, step: 2039, train_lr: 0.001
TORCHFORT::WANDB: model: actor, step: 2039, train_loss: -0.75823
TORCHFORT::WANDB: model: actor, step: 2039, train_lr: 0.001
TORCHFORT::WANDB: model: alpha, step: 2039, train_loss: -3.2207
TORCHFORT::WANDB: model: alpha, step: 2039, train_lr: 0.0001
TORCHFORT::WANDB: model: critic_0, step: 2040, train_loss: 1.41463
TORCHFORT::WANDB: model: critic_0, step: 2040, train_lr: 0.001
TORCHFORT::WANDB: model: actor, step: 2040, train_loss: -0.725394
TORCHFORT::WANDB: model: actor, step: 2040, train_lr: 0.001
TORCHFORT::WANDB: model: alpha, step: 2040, train_loss: -3.21999
TORCHFORT::WANDB: model: alpha, step: 2040, train_lr: 0.0001
TORCHFORT::WANDB: model: rlwm, step: 112, reward_sum: 7822.5
TORCHFORT::WANDB: model: rlwm, step: 112, reward_sum: 7822.5
TORCHFORT::WANDB: model: rlwm, step: 112, reward_sum: 7822.5
TORCHFORT::WANDB: model: rlwm, step: 112, reward_sum: 7822.5
